filename,predicted
Zero_full (1002).jpg,5
Zero_full (1003).jpg,5
Zero_full (1004).jpg,1
Zero_full (1005).jpg,5
Zero_full (1006).jpg,1
Zero_full (1007).jpg,5
Zero_full (1008).jpg,5
Zero_full (1010).jpg,5
Zero_full (1011).jpg,5
Zero_full (1012).jpg,5
Zero_full (1013).jpg,5
Zero_full (1014).jpg,5
Zero_full (1015).jpg,5
Zero_full (1032).jpg,5
Zero_full (1033).jpg,5
Zero_full (1034).jpg,5
Zero_full (104).jpg,5
Zero_full (1040).jpg,5
Zero_full (1042).jpg,5
Zero_full (1046).jpg,5
Zero_full (1047).jpg,1
Zero_full (1051).jpg,5
Zero_full (1052).jpg,0
Zero_full (1058).jpg,0
Zero_full (1061).jpg,5
Zero_full (1062).jpg,5
Zero_full (1063).jpg,5
Zero_full (1066).jpg,5
Zero_full (1067).jpg,5
Zero_full (1068).jpg,5
Zero_full (1069).jpg,5
Zero_full (1070).jpg,5
Zero_full (1071).jpg,5
Zero_full (1072).jpg,5
Zero_full (1073).jpg,5
Zero_full (109).jpg,5
Zero_full (1092).jpg,5
Zero_full (11).jpg,0
Zero_full (1120).jpg,5
Zero_full (1129).jpg,0
Zero_full (1131).jpg,0
Zero_full (1132).jpg,0
Zero_full (1136).jpg,0
Zero_full (1149).jpg,5
Zero_full (1152).jpg,5
Zero_full (1153).jpg,5
Zero_full (116).jpg,5
Zero_full (1178).jpg,0
Zero_full (1179).jpg,6
Zero_full (1180).jpg,5
Zero_full (1181).jpg,5
Zero_full (1183).jpg,6
Zero_full (1225).jpg,5
Zero_full (1226).jpg,0
Zero_full (1227).jpg,0
Zero_full (1229).jpg,5
Zero_full (1233).jpg,5
Zero_full (1235).jpg,2
Zero_full (1237).jpg,0
Zero_full (1238).jpg,5
Zero_full (1243).jpg,0
Zero_full (1244).jpg,5
Zero_full (1245).jpg,2
Zero_full (1252).jpg,0
Zero_full (1263).jpg,7
Zero_full (1264).jpg,0
Zero_full (1265).jpg,0
Zero_full (1266).jpg,0
Zero_full (1267).jpg,0
Zero_full (1268).jpg,5
Zero_full (1269).jpg,0
Zero_full (1271).jpg,0
Zero_full (1272).jpg,0
Zero_full (1273).jpg,0
Zero_full (1274).jpg,7
Zero_full (1276).jpg,0
Zero_full (1277).jpg,0
Zero_full (1278).jpg,1
Zero_full (1280).jpg,0
Zero_full (1282).jpg,0
Zero_full (1283).jpg,4
Zero_full (1290).jpg,0
Zero_full (13).jpg,0
Zero_full (1305).jpg,0
Zero_full (1309).jpg,2
Zero_full (131).jpg,0
Zero_full (1311).jpg,5
Zero_full (1343).jpg,4
Zero_full (1354).jpg,2
Zero_full (1357).jpg,0
Zero_full (1360).jpg,5
Zero_full (1417).jpg,0
Zero_full (1418).jpg,5
Zero_full (1451).jpg,0
Zero_full (1458).jpg,5
Zero_full (1472).jpg,2
Zero_full (1475).jpg,5
Zero_full (1477).jpg,0
Zero_full (1479).jpg,5
Zero_full (1484).jpg,5
Zero_full (1487).jpg,0
Zero_full (1488).jpg,5
Zero_full (1489).jpg,1
Zero_full (1496).jpg,0
Zero_full (1500).jpg,0
Zero_full (1502).jpg,5
Zero_full (1508).jpg,5
Zero_full (1509).jpg,5
Zero_full (152).jpg,5
Zero_full (1535).jpg,1
Zero_full (1546).jpg,0
Zero_full (1547).jpg,1
Zero_full (1548).jpg,2
Zero_full (1549).jpg,1
Zero_full (1550).jpg,2
Zero_full (1551).jpg,5
Zero_full (1552).jpg,0
Zero_full (1554).jpg,0
Zero_full (1556).jpg,0
Zero_full (1562).jpg,5
Zero_full (1567).jpg,0
Zero_full (1577).jpg,5
Zero_full (1579).jpg,5
Zero_full (1584).jpg,0
Zero_full (1591).jpg,0
Zero_full (1592).jpg,5
Zero_full (1593).jpg,5
Zero_full (1595).jpg,2
Zero_full (1596).jpg,5
Zero_full (1597).jpg,0
Zero_full (1604).jpg,5
Zero_full (1607).jpg,1
Zero_full (1610).jpg,5
Zero_full (1613).jpg,5
Zero_full (1614).jpg,1
Zero_full (1615).jpg,5
Zero_full (1618).jpg,0
Zero_full (1625).jpg,5
Zero_full (1630).jpg,5
Zero_full (1631).jpg,2
Zero_full (1634).jpg,5
Zero_full (1640).jpg,5
Zero_full (1645).jpg,5
Zero_full (1649).jpg,5
Zero_full (1667).jpg,0
Zero_full (1668).jpg,5
Zero_full (1669).jpg,5
Zero_full (1670).jpg,5
Zero_full (1671).jpg,5
Zero_full (1672).jpg,0
Zero_full (1673).jpg,5
Zero_full (1674).jpg,0
Zero_full (1675).jpg,1
Zero_full (1676).jpg,0
Zero_full (1677).jpg,1
Zero_full (1678).jpg,0
Zero_full (1679).jpg,5
Zero_full (1680).jpg,0
Zero_full (1683).jpg,5
Zero_full (1685).jpg,5
Zero_full (1696).jpg,5
Zero_full (1697).jpg,0
Zero_full (1698).jpg,5
Zero_full (1699).jpg,5
Zero_full (1701).jpg,5
Zero_full (1703).jpg,5
Zero_full (1704).jpg,0
Zero_full (1705).jpg,5
Zero_full (1707).jpg,5
Zero_full (1708).jpg,0
Zero_full (1711).jpg,0
Zero_full (1744).jpg,1
Zero_full (176).jpg,2
Zero_full (1761).jpg,5
Zero_full (1777).jpg,0
Zero_full (1778).jpg,5
Zero_full (1783).jpg,0
Zero_full (1784).jpg,5
Zero_full (1785).jpg,5
Zero_full (1788).jpg,1
Zero_full (1791).jpg,5
Zero_full (1793).jpg,1
Zero_full (1796).jpg,0
Zero_full (1798).jpg,0
Zero_full (1799).jpg,5
Zero_full (1802).jpg,5
Zero_full (1803).jpg,5
Zero_full (1806).jpg,2
Zero_full (1809).jpg,2
Zero_full (1811).jpg,0
Zero_full (1812).jpg,2
Zero_full (1813).jpg,0
Zero_full (1820).jpg,5
Zero_full (1825).jpg,1
Zero_full (1826).jpg,0
Zero_full (1827).jpg,1
Zero_full (1833).jpg,5
Zero_full (1878).jpg,5
Zero_full (1879).jpg,5
Zero_full (1881).jpg,5
Zero_full (1883).jpg,5
Zero_full (1884).jpg,5
Zero_full (1886).jpg,0
Zero_full (1888).jpg,0
Zero_full (1889).jpg,5
Zero_full (1890).jpg,0
Zero_full (1893).jpg,5
Zero_full (1894).jpg,5
Zero_full (1897).jpg,0
Zero_full (19).jpg,5
Zero_full (1901).jpg,0
Zero_full (1902).jpg,2
Zero_full (1922).jpg,5
Zero_full (1927).jpg,0
Zero_full (1932).jpg,2
Zero_full (1934).jpg,5
Zero_full (1935).jpg,0
Zero_full (1955).jpg,5
Zero_full (1999).jpg,5
Zero_full (20).jpg,0
Zero_full (2004).jpg,5
Zero_full (2005).jpg,5
Zero_full (2009).jpg,5
Zero_full (2019).jpg,5
Zero_full (2031).jpg,2
Zero_full (2032).jpg,0
Zero_full (2033).jpg,4
Zero_full (2035).jpg,4
Zero_full (2036).jpg,0
Zero_full (2037).jpg,5
Zero_full (2038).jpg,0
Zero_full (2040).jpg,0
Zero_full (2044).jpg,5
Zero_full (2090).jpg,1
Zero_full (2093).jpg,5
Zero_full (2094).jpg,5
Zero_full (2097).jpg,0
Zero_full (2101).jpg,5
Zero_full (2102).jpg,5
Zero_full (2103).jpg,5
Zero_full (2104).jpg,5
Zero_full (2105).jpg,5
Zero_full (2107).jpg,5
Zero_full (2109).jpg,5
Zero_full (2110).jpg,2
Zero_full (2111).jpg,1
Zero_full (2113).jpg,5
Zero_full (2117).jpg,5
Zero_full (2128).jpg,5
Zero_full (2131).jpg,5
Zero_full (2161).jpg,5
Zero_full (2176).jpg,5
Zero_full (2185).jpg,0
Zero_full (2197).jpg,5
Zero_full (2201).jpg,5
Zero_full (2202).jpg,0
Zero_full (228).jpg,5
Zero_full (229).jpg,0
Zero_full (23).jpg,5
Zero_full (232).jpg,1
Zero_full (233).jpg,4
Zero_full (234).jpg,5
Zero_full (238).jpg,5
Zero_full (239).jpg,5
Zero_full (240).jpg,4
Zero_full (245).jpg,4
Zero_full (249).jpg,5
Zero_full (25).jpg,0
Zero_full (26).jpg,0
Zero_full (262).jpg,5
Zero_full (268).jpg,0
Zero_full (270).jpg,1
Zero_full (272).jpg,5
Zero_full (274).jpg,0
Zero_full (276).jpg,2
Zero_full (277).jpg,5
Zero_full (279).jpg,5
Zero_full (280).jpg,1
Zero_full (282).jpg,0
Zero_full (287).jpg,5
Zero_full (289).jpg,0
Zero_full (301).jpg,5
Zero_full (302).jpg,5
Zero_full (303).jpg,5
Zero_full (304).jpg,4
Zero_full (305).jpg,5
Zero_full (306).jpg,1
Zero_full (307).jpg,1
Zero_full (308).jpg,4
Zero_full (311).jpg,5
Zero_full (323).jpg,5
Zero_full (324).jpg,5
Zero_full (338).jpg,0
Zero_full (340).jpg,5
Zero_full (348).jpg,0
Zero_full (360).jpg,0
Zero_full (361).jpg,0
Zero_full (363).jpg,0
Zero_full (382).jpg,5
Zero_full (384).jpg,5
Zero_full (388).jpg,0
Zero_full (389).jpg,2
Zero_full (396).jpg,5
Zero_full (43).jpg,5
Zero_full (484).jpg,0
Zero_full (486).jpg,2
Zero_full (487).jpg,1
Zero_full (489).jpg,0
Zero_full (49).jpg,0
Zero_full (490).jpg,5
Zero_full (491).jpg,0
Zero_full (492).jpg,1
Zero_full (493).jpg,0
Zero_full (494).jpg,1
Zero_full (495).jpg,0
Zero_full (497).jpg,5
Zero_full (498).jpg,7
Zero_full (5).jpg,0
Zero_full (501).jpg,5
Zero_full (502).jpg,5
Zero_full (503).jpg,5
Zero_full (504).jpg,0
Zero_full (506).jpg,5
Zero_full (508).jpg,0
Zero_full (509).jpg,5
Zero_full (510).jpg,0
Zero_full (514).jpg,2
Zero_full (515).jpg,2
Zero_full (516).jpg,5
Zero_full (517).jpg,5
Zero_full (519).jpg,0
Zero_full (521).jpg,0
Zero_full (522).jpg,5
Zero_full (523).jpg,0
Zero_full (524).jpg,5
Zero_full (525).jpg,2
Zero_full (526).jpg,5
Zero_full (527).jpg,5
Zero_full (530).jpg,5
Zero_full (531).jpg,5
Zero_full (532).jpg,5
Zero_full (540).jpg,0
Zero_full (543).jpg,5
Zero_full (544).jpg,2
Zero_full (545).jpg,1
Zero_full (546).jpg,5
Zero_full (547).jpg,4
Zero_full (548).jpg,5
Zero_full (549).jpg,2
Zero_full (55).jpg,0
Zero_full (551).jpg,5
Zero_full (552).jpg,5
Zero_full (553).jpg,5
Zero_full (555).jpg,0
Zero_full (556).jpg,1
Zero_full (57).jpg,0
Zero_full (575).jpg,5
Zero_full (589).jpg,5
Zero_full (590).jpg,1
Zero_full (592).jpg,1
Zero_full (593).jpg,0
Zero_full (594).jpg,0
Zero_full (595).jpg,5
Zero_full (596).jpg,0
Zero_full (597).jpg,0
Zero_full (598).jpg,0
Zero_full (599).jpg,0
Zero_full (601).jpg,0
Zero_full (602).jpg,9
Zero_full (627).jpg,5
Zero_full (631).jpg,5
Zero_full (661).jpg,0
Zero_full (664).jpg,0
Zero_full (665).jpg,2
Zero_full (666).jpg,0
Zero_full (667).jpg,0
Zero_full (668).jpg,0
Zero_full (669).jpg,0
Zero_full (672).jpg,0
Zero_full (674).jpg,0
Zero_full (676).jpg,2
Zero_full (679).jpg,2
Zero_full (681).jpg,2
Zero_full (7).jpg,7
Zero_full (710).jpg,5
Zero_full (721).jpg,5
Zero_full (722).jpg,0
Zero_full (728).jpg,0
Zero_full (732).jpg,5
Zero_full (738).jpg,0
Zero_full (739).jpg,0
Zero_full (74).jpg,0
Zero_full (745).jpg,5
Zero_full (754).jpg,0
Zero_full (755).jpg,0
Zero_full (756).jpg,0
Zero_full (757).jpg,0
Zero_full (759).jpg,0
Zero_full (760).jpg,0
Zero_full (762).jpg,0
Zero_full (764).jpg,0
Zero_full (766).jpg,0
Zero_full (767).jpg,0
Zero_full (79).jpg,0
Zero_full (8).jpg,5
Zero_full (80).jpg,5
Zero_full (841).jpg,5
Zero_full (847).jpg,5
Zero_full (849).jpg,0
Zero_full (87).jpg,5
Zero_full (9).jpg,0
Zero_full (904).jpg,0
Zero_full (913).jpg,0
Zero_full (914).jpg,0
Zero_full (915).jpg,5
Zero_full (917).jpg,5
Zero_full (920).jpg,5
Zero_full (923).jpg,0
Zero_full (928).jpg,4
Zero_full (930).jpg,2
Zero_full (932).jpg,0
Zero_full (942).jpg,0
Zero_full (943).jpg,4
Zero_full (946).jpg,5
Zero_full (953).jpg,0
Zero_full (959).jpg,4
Zero_full (963).jpg,1
Zero_full (972).jpg,1
Zero_full (997).jpg,5
Zero_full (999).jpg,5
One_full (119).jpg,7
One_full (125).jpg,3
One_full (127).jpg,3
One_full (128).jpg,7
One_full (1335).jpg,9
One_full (1345).jpg,3
One_full (1348).jpg,5
One_full (1381).jpg,7
One_full (1384).jpg,7
One_full (1419).jpg,5
One_full (1434).jpg,5
One_full (1491).jpg,7
One_full (1494).jpg,5
One_full (1524).jpg,7
One_full (1616).jpg,1
One_full (2089).jpg,7
One_full (2188).jpg,1
One_full (24).jpg,7
One_full (26).jpg,7
One_full (267).jpg,7
One_full (322).jpg,9
One_full (324).jpg,3
One_full (403).jpg,1
One_full (404).jpg,7
One_full (520).jpg,5
One_full (528).jpg,9
One_full (532).jpg,1
One_full (535).jpg,5
One_full (549).jpg,9
One_full (553).jpg,3
One_full (555).jpg,3
One_full (557).jpg,0
One_full (567).jpg,1
One_full (572).jpg,4
One_full (573).jpg,1
One_full (574).jpg,4
One_full (579).jpg,1
One_full (604).jpg,4
One_full (703).jpg,1
One_full (708).jpg,7
One_full (730).jpg,3
One_full (745).jpg,2
One_full (790).jpg,5
One_full (88).jpg,5
One_full (943).jpg,1
Two_full (1).jpg,0
Two_full (100).jpg,8
Two_full (1000).jpg,2
Two_full (1002).jpg,2
Two_full (1003).jpg,3
Two_full (1004).jpg,2
Two_full (1005).jpg,2
Two_full (1006).jpg,2
Two_full (1008).jpg,3
Two_full (1011).jpg,1
Two_full (1016).jpg,5
Two_full (1018).jpg,2
Two_full (102).jpg,2
Two_full (1020).jpg,5
Two_full (1022).jpg,5
Two_full (1023).jpg,1
Two_full (1024).jpg,5
Two_full (1025).jpg,5
Two_full (1026).jpg,5
Two_full (1027).jpg,2
Two_full (1028).jpg,2
Two_full (1029).jpg,2
Two_full (103).jpg,2
Two_full (1030).jpg,5
Two_full (1031).jpg,5
Two_full (1032).jpg,5
Two_full (1033).jpg,2
Two_full (1034).jpg,5
Two_full (1035).jpg,5
Two_full (1036).jpg,5
Two_full (1037).jpg,6
Two_full (1038).jpg,2
Two_full (1039).jpg,8
Two_full (1040).jpg,2
Two_full (1041).jpg,2
Two_full (1042).jpg,2
Two_full (1043).jpg,2
Two_full (1044).jpg,2
Two_full (1045).jpg,2
Two_full (1046).jpg,2
Two_full (1047).jpg,2
Two_full (1048).jpg,2
Two_full (1049).jpg,7
Two_full (1050).jpg,2
Two_full (1051).jpg,2
Two_full (1052).jpg,2
Two_full (1053).jpg,2
Two_full (1054).jpg,2
Two_full (1055).jpg,5
Two_full (1056).jpg,5
Two_full (1057).jpg,5
Two_full (1059).jpg,6
Two_full (1060).jpg,5
Two_full (1061).jpg,5
Two_full (1062).jpg,2
Two_full (1063).jpg,0
Two_full (1064).jpg,6
Two_full (1065).jpg,5
Two_full (1066).jpg,5
Two_full (1067).jpg,2
Two_full (1068).jpg,0
Two_full (1069).jpg,5
Two_full (1070).jpg,3
Two_full (1071).jpg,2
Two_full (1072).jpg,2
Two_full (1073).jpg,2
Two_full (1074).jpg,2
Two_full (1075).jpg,3
Two_full (1076).jpg,2
Two_full (1077).jpg,2
Two_full (1078).jpg,1
Two_full (108).jpg,2
Two_full (1080).jpg,2
Two_full (1081).jpg,2
Two_full (1082).jpg,1
Two_full (1084).jpg,5
Two_full (1086).jpg,5
Two_full (1088).jpg,5
Two_full (1090).jpg,5
Two_full (1091).jpg,5
Two_full (1092).jpg,2
Two_full (1093).jpg,1
Two_full (1094).jpg,5
Two_full (1095).jpg,5
Two_full (1097).jpg,2
Two_full (1098).jpg,5
Two_full (1099).jpg,5
Two_full (1100).jpg,2
Two_full (1101).jpg,5
Two_full (1102).jpg,2
Two_full (1103).jpg,2
Two_full (1104).jpg,5
Two_full (1105).jpg,7
Two_full (1107).jpg,2
Two_full (1109).jpg,5
Two_full (1110).jpg,2
Two_full (1111).jpg,5
Two_full (1112).jpg,2
Two_full (1113).jpg,3
Two_full (1114).jpg,2
Two_full (1115).jpg,2
Two_full (1116).jpg,5
Two_full (1117).jpg,2
Two_full (1118).jpg,8
Two_full (1119).jpg,5
Two_full (1120).jpg,5
Two_full (1121).jpg,2
Two_full (1122).jpg,2
Two_full (1123).jpg,2
Two_full (1124).jpg,2
Two_full (1125).jpg,2
Two_full (1126).jpg,5
Two_full (1127).jpg,2
Two_full (1128).jpg,2
Two_full (1129).jpg,5
Two_full (1130).jpg,2
Two_full (1131).jpg,5
Two_full (1132).jpg,2
Two_full (1133).jpg,5
Two_full (1134).jpg,5
Two_full (1135).jpg,5
Two_full (1136).jpg,5
Two_full (1137).jpg,2
Two_full (1138).jpg,3
Two_full (1139).jpg,2
Two_full (1140).jpg,5
Two_full (1142).jpg,2
Two_full (1143).jpg,2
Two_full (1145).jpg,5
Two_full (1150).jpg,2
Two_full (1151).jpg,2
Two_full (1152).jpg,2
Two_full (1153).jpg,1
Two_full (1156).jpg,1
Two_full (1157).jpg,1
Two_full (1158).jpg,6
Two_full (1159).jpg,2
Two_full (116).jpg,3
Two_full (1160).jpg,1
Two_full (1161).jpg,1
Two_full (1162).jpg,7
Two_full (1165).jpg,8
Two_full (1167).jpg,7
Two_full (1169).jpg,1
Two_full (1170).jpg,1
Two_full (1171).jpg,3
Two_full (1173).jpg,4
Two_full (1175).jpg,5
Two_full (1177).jpg,5
Two_full (1182).jpg,2
Two_full (1183).jpg,2
Two_full (1184).jpg,2
Two_full (1185).jpg,2
Two_full (1186).jpg,2
Two_full (1187).jpg,2
Two_full (1188).jpg,2
Two_full (1189).jpg,2
Two_full (1190).jpg,2
Two_full (1191).jpg,2
Two_full (1192).jpg,8
Two_full (1193).jpg,2
Two_full (1194).jpg,2
Two_full (1195).jpg,2
Two_full (1196).jpg,2
Two_full (1197).jpg,5
Two_full (1198).jpg,1
Two_full (1199).jpg,1
Two_full (120).jpg,4
Two_full (1200).jpg,5
Two_full (1201).jpg,2
Two_full (1202).jpg,8
Two_full (1203).jpg,2
Two_full (1205).jpg,8
Two_full (1206).jpg,2
Two_full (1207).jpg,2
Two_full (1208).jpg,2
Two_full (1210).jpg,2
Two_full (1211).jpg,2
Two_full (1213).jpg,3
Two_full (1214).jpg,2
Two_full (1216).jpg,2
Two_full (1220).jpg,2
Two_full (1222).jpg,2
Two_full (1226).jpg,8
Two_full (1227).jpg,2
Two_full (1229).jpg,2
Two_full (1230).jpg,2
Two_full (1231).jpg,8
Two_full (1232).jpg,1
Two_full (1235).jpg,2
Two_full (1238).jpg,2
Two_full (1239).jpg,1
Two_full (1243).jpg,2
Two_full (1244).jpg,8
Two_full (1254).jpg,1
Two_full (1258).jpg,1
Two_full (1263).jpg,1
Two_full (1265).jpg,1
Two_full (1266).jpg,1
Two_full (1267).jpg,5
Two_full (1268).jpg,8
Two_full (1270).jpg,5
Two_full (1275).jpg,1
Two_full (1279).jpg,2
Two_full (128).jpg,5
Two_full (1280).jpg,2
Two_full (1281).jpg,1
Two_full (1283).jpg,1
Two_full (1285).jpg,2
Two_full (1286).jpg,8
Two_full (1289).jpg,8
Two_full (1290).jpg,2
Two_full (1291).jpg,5
Two_full (1292).jpg,5
Two_full (1293).jpg,5
Two_full (1294).jpg,8
Two_full (1295).jpg,2
Two_full (1296).jpg,2
Two_full (1297).jpg,5
Two_full (1298).jpg,5
Two_full (1299).jpg,2
Two_full (13).jpg,2
Two_full (130).jpg,1
Two_full (1300).jpg,8
Two_full (1301).jpg,2
Two_full (1302).jpg,8
Two_full (1303).jpg,2
Two_full (1304).jpg,8
Two_full (131).jpg,5
Two_full (1312).jpg,2
Two_full (1314).jpg,5
Two_full (1316).jpg,5
Two_full (1317).jpg,2
Two_full (1318).jpg,2
Two_full (132).jpg,5
Two_full (1321).jpg,5
Two_full (1324).jpg,2
Two_full (1326).jpg,2
Two_full (1327).jpg,2
Two_full (1328).jpg,2
Two_full (1329).jpg,2
Two_full (133).jpg,5
Two_full (1331).jpg,2
Two_full (1334).jpg,2
Two_full (1337).jpg,2
Two_full (1338).jpg,4
Two_full (134).jpg,2
Two_full (1341).jpg,2
Two_full (1342).jpg,2
Two_full (1343).jpg,2
Two_full (1344).jpg,2
Two_full (1346).jpg,2
Two_full (1347).jpg,2
Two_full (1349).jpg,2
Two_full (1350).jpg,2
Two_full (1351).jpg,8
Two_full (1352).jpg,2
Two_full (1353).jpg,2
Two_full (1354).jpg,2
Two_full (1355).jpg,2
Two_full (1356).jpg,2
Two_full (1357).jpg,2
Two_full (1358).jpg,2
Two_full (1359).jpg,2
Two_full (136).jpg,2
Two_full (1360).jpg,2
Two_full (1361).jpg,2
Two_full (1362).jpg,2
Two_full (1363).jpg,2
Two_full (1365).jpg,3
Two_full (1366).jpg,2
Two_full (1367).jpg,2
Two_full (1368).jpg,2
Two_full (1369).jpg,3
Two_full (137).jpg,2
Two_full (1371).jpg,2
Two_full (1372).jpg,2
Two_full (1373).jpg,2
Two_full (1374).jpg,2
Two_full (1375).jpg,2
Two_full (1376).jpg,2
Two_full (1377).jpg,2
Two_full (1378).jpg,2
Two_full (1379).jpg,2
Two_full (138).jpg,2
Two_full (1381).jpg,1
Two_full (1382).jpg,2
Two_full (1384).jpg,2
Two_full (139).jpg,2
Two_full (1391).jpg,1
Two_full (1392).jpg,2
Two_full (1393).jpg,2
Two_full (1394).jpg,2
Two_full (1395).jpg,2
Two_full (1396).jpg,2
Two_full (1397).jpg,2
Two_full (1399).jpg,1
Two_full (140).jpg,2
Two_full (1400).jpg,2
Two_full (1401).jpg,2
Two_full (1404).jpg,1
Two_full (1405).jpg,2
Two_full (1406).jpg,2
Two_full (1408).jpg,2
Two_full (1409).jpg,5
Two_full (141).jpg,2
Two_full (1413).jpg,8
Two_full (1414).jpg,2
Two_full (1415).jpg,2
Two_full (1417).jpg,2
Two_full (142).jpg,2
Two_full (1420).jpg,2
Two_full (1421).jpg,2
Two_full (1422).jpg,2
Two_full (1425).jpg,2
Two_full (1429).jpg,2
Two_full (143).jpg,2
Two_full (1432).jpg,2
Two_full (1433).jpg,2
Two_full (1434).jpg,5
Two_full (1435).jpg,2
Two_full (1437).jpg,2
Two_full (144).jpg,2
Two_full (1442).jpg,2
Two_full (1444).jpg,2
Two_full (1446).jpg,5
Two_full (1448).jpg,2
Two_full (1455).jpg,1
Two_full (1458).jpg,2
Two_full (1459).jpg,2
Two_full (146).jpg,2
Two_full (1461).jpg,2
Two_full (1465).jpg,2
Two_full (1466).jpg,2
Two_full (1467).jpg,2
Two_full (1469).jpg,2
Two_full (147).jpg,2
Two_full (1470).jpg,2
Two_full (1472).jpg,5
Two_full (1473).jpg,8
Two_full (1476).jpg,5
Two_full (1477).jpg,5
Two_full (1478).jpg,2
Two_full (1479).jpg,2
Two_full (148).jpg,2
Two_full (1480).jpg,2
Two_full (1481).jpg,5
Two_full (1483).jpg,5
Two_full (1484).jpg,2
Two_full (1485).jpg,2
Two_full (1486).jpg,2
Two_full (1487).jpg,2
Two_full (1488).jpg,2
Two_full (1489).jpg,2
Two_full (149).jpg,7
Two_full (1490).jpg,2
Two_full (1491).jpg,5
Two_full (1492).jpg,2
Two_full (1494).jpg,2
Two_full (1495).jpg,2
Two_full (1496).jpg,2
Two_full (1497).jpg,5
Two_full (1498).jpg,2
Two_full (1499).jpg,2
Two_full (15).jpg,2
Two_full (150).jpg,4
Two_full (1500).jpg,2
Two_full (1501).jpg,2
Two_full (1502).jpg,2
Two_full (1503).jpg,2
Two_full (1504).jpg,2
Two_full (1505).jpg,2
Two_full (1506).jpg,2
Two_full (1507).jpg,2
Two_full (1508).jpg,2
Two_full (1509).jpg,2
Two_full (1510).jpg,2
Two_full (1511).jpg,2
Two_full (1512).jpg,5
Two_full (1513).jpg,2
Two_full (1514).jpg,2
Two_full (1517).jpg,2
Two_full (1519).jpg,2
Two_full (1520).jpg,5
Two_full (1521).jpg,5
Two_full (1522).jpg,5
Two_full (1525).jpg,5
Two_full (1526).jpg,8
Two_full (1527).jpg,1
Two_full (1529).jpg,2
Two_full (1530).jpg,2
Two_full (1532).jpg,2
Two_full (1533).jpg,8
Two_full (1534).jpg,8
Two_full (1535).jpg,5
Two_full (1537).jpg,2
Two_full (1538).jpg,2
Two_full (1539).jpg,2
Two_full (1540).jpg,5
Two_full (1541).jpg,8
Two_full (1542).jpg,1
Two_full (1543).jpg,2
Two_full (1544).jpg,2
Two_full (1545).jpg,5
Two_full (1549).jpg,5
Two_full (1550).jpg,2
Two_full (1551).jpg,3
Two_full (1555).jpg,2
Two_full (1559).jpg,5
Two_full (1560).jpg,8
Two_full (1561).jpg,8
Two_full (1562).jpg,8
Two_full (1563).jpg,8
Two_full (1564).jpg,2
Two_full (1565).jpg,2
Two_full (1566).jpg,2
Two_full (1567).jpg,2
Two_full (1568).jpg,2
Two_full (1569).jpg,2
Two_full (1570).jpg,2
Two_full (1571).jpg,5
Two_full (1572).jpg,8
Two_full (1573).jpg,2
Two_full (1574).jpg,2
Two_full (1578).jpg,3
Two_full (1582).jpg,3
Two_full (1583).jpg,2
Two_full (1584).jpg,1
Two_full (1588).jpg,2
Two_full (159).jpg,2
Two_full (1590).jpg,2
Two_full (1591).jpg,2
Two_full (1592).jpg,2
Two_full (1593).jpg,1
Two_full (1595).jpg,2
Two_full (1596).jpg,2
Two_full (1597).jpg,2
Two_full (1598).jpg,3
Two_full (16).jpg,2
Two_full (1600).jpg,2
Two_full (1601).jpg,2
Two_full (1602).jpg,5
Two_full (1603).jpg,2
Two_full (1605).jpg,2
Two_full (1606).jpg,2
Two_full (1607).jpg,5
Two_full (1608).jpg,2
Two_full (1609).jpg,2
Two_full (161).jpg,2
Two_full (1610).jpg,5
Two_full (1611).jpg,5
Two_full (1612).jpg,2
Two_full (1613).jpg,2
Two_full (1614).jpg,2
Two_full (1616).jpg,2
Two_full (1617).jpg,5
Two_full (1618).jpg,2
Two_full (1619).jpg,3
Two_full (1620).jpg,2
Two_full (1621).jpg,2
Two_full (1622).jpg,2
Two_full (1623).jpg,2
Two_full (1624).jpg,2
Two_full (1625).jpg,5
Two_full (1626).jpg,2
Two_full (1627).jpg,2
Two_full (1628).jpg,2
Two_full (1629).jpg,2
Two_full (1630).jpg,2
Two_full (1631).jpg,2
Two_full (1632).jpg,2
Two_full (1633).jpg,2
Two_full (1634).jpg,2
Two_full (1635).jpg,2
Two_full (1637).jpg,5
Two_full (1638).jpg,2
Two_full (1639).jpg,5
Two_full (1645).jpg,2
Two_full (165).jpg,2
Two_full (1650).jpg,5
Two_full (1651).jpg,2
Two_full (1652).jpg,2
Two_full (1653).jpg,2
Two_full (1654).jpg,2
Two_full (1655).jpg,1
Two_full (1656).jpg,2
Two_full (1657).jpg,2
Two_full (1658).jpg,2
Two_full (1659).jpg,2
Two_full (166).jpg,2
Two_full (1660).jpg,2
Two_full (1661).jpg,2
Two_full (1662).jpg,1
Two_full (1663).jpg,2
Two_full (1664).jpg,2
Two_full (1666).jpg,2
Two_full (1674).jpg,2
Two_full (168).jpg,2
Two_full (1680).jpg,2
Two_full (1681).jpg,2
Two_full (1682).jpg,2
Two_full (1683).jpg,2
Two_full (1684).jpg,2
Two_full (1685).jpg,2
Two_full (1686).jpg,2
Two_full (1687).jpg,5
Two_full (1688).jpg,2
Two_full (1689).jpg,2
Two_full (169).jpg,5
Two_full (1690).jpg,5
Two_full (1691).jpg,5
Two_full (1692).jpg,5
Two_full (1693).jpg,5
Two_full (1694).jpg,5
Two_full (1696).jpg,1
Two_full (1699).jpg,1
Two_full (170).jpg,5
Two_full (1702).jpg,2
Two_full (1705).jpg,2
Two_full (171).jpg,5
Two_full (1710).jpg,2
Two_full (1711).jpg,3
Two_full (1712).jpg,8
Two_full (1713).jpg,5
Two_full (1714).jpg,2
Two_full (1715).jpg,5
Two_full (1716).jpg,5
Two_full (1717).jpg,5
Two_full (1718).jpg,2
Two_full (1719).jpg,2
Two_full (1720).jpg,2
Two_full (1721).jpg,5
Two_full (1722).jpg,5
Two_full (1723).jpg,2
Two_full (1724).jpg,2
Two_full (1725).jpg,2
Two_full (1726).jpg,8
Two_full (1727).jpg,5
Two_full (1728).jpg,2
Two_full (1729).jpg,2
Two_full (1730).jpg,5
Two_full (1733).jpg,2
Two_full (1734).jpg,2
Two_full (1735).jpg,2
Two_full (1736).jpg,5
Two_full (1737).jpg,5
Two_full (1738).jpg,2
Two_full (174).jpg,2
Two_full (1740).jpg,2
Two_full (1741).jpg,2
Two_full (1742).jpg,2
Two_full (1744).jpg,2
Two_full (1745).jpg,5
Two_full (1746).jpg,6
Two_full (1748).jpg,2
Two_full (1749).jpg,2
Two_full (175).jpg,1
Two_full (1750).jpg,2
Two_full (1751).jpg,2
Two_full (1752).jpg,4
Two_full (1753).jpg,2
Two_full (1754).jpg,2
Two_full (1755).jpg,2
Two_full (1756).jpg,2
Two_full (1757).jpg,2
Two_full (1758).jpg,2
Two_full (1759).jpg,2
Two_full (176).jpg,5
Two_full (1761).jpg,5
Two_full (1762).jpg,5
Two_full (1763).jpg,2
Two_full (1764).jpg,2
Two_full (1765).jpg,2
Two_full (1766).jpg,2
Two_full (1767).jpg,5
Two_full (1768).jpg,2
Two_full (1769).jpg,2
Two_full (177).jpg,5
Two_full (1770).jpg,2
Two_full (1771).jpg,2
Two_full (1772).jpg,2
Two_full (1773).jpg,2
Two_full (1774).jpg,2
Two_full (1775).jpg,5
Two_full (1776).jpg,2
Two_full (1777).jpg,2
Two_full (1778).jpg,2
Two_full (1779).jpg,2
Two_full (178).jpg,1
Two_full (1780).jpg,2
Two_full (1781).jpg,2
Two_full (1782).jpg,5
Two_full (1784).jpg,2
Two_full (1785).jpg,2
Two_full (1788).jpg,2
Two_full (179).jpg,1
Two_full (1790).jpg,5
Two_full (1791).jpg,5
Two_full (1792).jpg,2
Two_full (1793).jpg,8
Two_full (1795).jpg,2
Two_full (1796).jpg,2
Two_full (1797).jpg,1
Two_full (1799).jpg,2
Two_full (1800).jpg,2
Two_full (1801).jpg,2
Two_full (1804).jpg,2
Two_full (1805).jpg,5
Two_full (1808).jpg,2
Two_full (1810).jpg,2
Two_full (1811).jpg,5
Two_full (1812).jpg,2
Two_full (1814).jpg,8
Two_full (1815).jpg,2
Two_full (1816).jpg,2
Two_full (1817).jpg,2
Two_full (1818).jpg,5
Two_full (1819).jpg,0
Two_full (1820).jpg,5
Two_full (1821).jpg,5
Two_full (1822).jpg,2
Two_full (1823).jpg,2
Two_full (1824).jpg,2
Two_full (1825).jpg,2
Two_full (1826).jpg,2
Two_full (1827).jpg,5
Two_full (1828).jpg,2
Two_full (1830).jpg,2
Two_full (1831).jpg,2
Two_full (1832).jpg,2
Two_full (1833).jpg,2
Two_full (1834).jpg,2
Two_full (1835).jpg,2
Two_full (1836).jpg,5
Two_full (1837).jpg,2
Two_full (1839).jpg,5
Two_full (184).jpg,2
Two_full (1840).jpg,2
Two_full (1843).jpg,2
Two_full (1844).jpg,2
Two_full (1845).jpg,8
Two_full (1849).jpg,2
Two_full (1850).jpg,5
Two_full (1851).jpg,1
Two_full (1852).jpg,2
Two_full (1853).jpg,3
Two_full (1854).jpg,3
Two_full (1855).jpg,2
Two_full (1856).jpg,2
Two_full (1857).jpg,2
Two_full (1858).jpg,2
Two_full (1860).jpg,2
Two_full (1861).jpg,2
Two_full (1863).jpg,2
Two_full (187).jpg,2
Two_full (1872).jpg,5
Two_full (1875).jpg,2
Two_full (1876).jpg,2
Two_full (1877).jpg,2
Two_full (1878).jpg,2
Two_full (1879).jpg,2
Two_full (1880).jpg,5
Two_full (1882).jpg,2
Two_full (1884).jpg,2
Two_full (1885).jpg,2
Two_full (1886).jpg,2
Two_full (1887).jpg,2
Two_full (1888).jpg,2
Two_full (1889).jpg,2
Two_full (1890).jpg,2
Two_full (1891).jpg,2
Two_full (1892).jpg,2
Two_full (1893).jpg,2
Two_full (1894).jpg,2
Two_full (1895).jpg,2
Two_full (1896).jpg,2
Two_full (1897).jpg,2
Two_full (1898).jpg,2
Two_full (1899).jpg,2
Two_full (19).jpg,1
Two_full (1900).jpg,2
Two_full (1901).jpg,2
Two_full (1902).jpg,2
Two_full (1903).jpg,2
Two_full (1904).jpg,2
Two_full (1906).jpg,2
Two_full (1908).jpg,8
Two_full (191).jpg,2
Two_full (1913).jpg,2
Two_full (1914).jpg,2
Two_full (1916).jpg,5
Two_full (1917).jpg,5
Two_full (192).jpg,2
Two_full (1920).jpg,2
Two_full (1921).jpg,2
Two_full (1922).jpg,5
Two_full (1923).jpg,5
Two_full (1924).jpg,5
Two_full (1925).jpg,5
Two_full (1926).jpg,5
Two_full (1927).jpg,5
Two_full (1928).jpg,5
Two_full (193).jpg,1
Two_full (1930).jpg,5
Two_full (1931).jpg,3
Two_full (1932).jpg,1
Two_full (1933).jpg,3
Two_full (1934).jpg,2
Two_full (1936).jpg,5
Two_full (1937).jpg,5
Two_full (1938).jpg,5
Two_full (1939).jpg,5
Two_full (1940).jpg,5
Two_full (1941).jpg,5
Two_full (1942).jpg,5
Two_full (1943).jpg,5
Two_full (1944).jpg,2
Two_full (1945).jpg,5
Two_full (1946).jpg,3
Two_full (1947).jpg,7
Two_full (1948).jpg,3
Two_full (1949).jpg,5
Two_full (1952).jpg,2
Two_full (1954).jpg,5
Two_full (1955).jpg,5
Two_full (1957).jpg,5
Two_full (1959).jpg,3
Two_full (1960).jpg,5
Two_full (1961).jpg,5
Two_full (1963).jpg,3
Two_full (1964).jpg,5
Two_full (1965).jpg,5
Two_full (1966).jpg,2
Two_full (1967).jpg,5
Two_full (1968).jpg,2
Two_full (1969).jpg,2
Two_full (1970).jpg,1
Two_full (1971).jpg,5
Two_full (1972).jpg,5
Two_full (1973).jpg,2
Two_full (1974).jpg,2
Two_full (1976).jpg,2
Two_full (1978).jpg,2
Two_full (1979).jpg,2
Two_full (1980).jpg,2
Two_full (1981).jpg,2
Two_full (1982).jpg,5
Two_full (1984).jpg,5
Two_full (1986).jpg,5
Two_full (1987).jpg,0
Two_full (1988).jpg,2
Two_full (1989).jpg,2
Two_full (1990).jpg,2
Two_full (1991).jpg,0
Two_full (1992).jpg,5
Two_full (1993).jpg,2
Two_full (1994).jpg,2
Two_full (1995).jpg,2
Two_full (1996).jpg,2
Two_full (1997).jpg,2
Two_full (1998).jpg,2
Two_full (1999).jpg,2
Two_full (20).jpg,1
Two_full (2000).jpg,5
Two_full (2001).jpg,5
Two_full (2002).jpg,1
Two_full (2003).jpg,2
Two_full (2004).jpg,2
Two_full (2005).jpg,2
Two_full (2007).jpg,1
Two_full (2011).jpg,2
Two_full (2012).jpg,2
Two_full (2024).jpg,2
Two_full (2025).jpg,2
Two_full (2026).jpg,2
Two_full (2027).jpg,2
Two_full (2029).jpg,2
Two_full (203).jpg,5
Two_full (2030).jpg,5
Two_full (2031).jpg,5
Two_full (2032).jpg,5
Two_full (2033).jpg,2
Two_full (2034).jpg,2
Two_full (2035).jpg,2
Two_full (2036).jpg,1
Two_full (2037).jpg,5
Two_full (2038).jpg,2
Two_full (2039).jpg,2
Two_full (204).jpg,5
Two_full (2041).jpg,2
Two_full (2042).jpg,2
Two_full (2044).jpg,2
Two_full (2045).jpg,1
Two_full (2046).jpg,2
Two_full (2047).jpg,5
Two_full (2048).jpg,1
Two_full (2049).jpg,2
Two_full (2053).jpg,2
Two_full (2055).jpg,2
Two_full (2056).jpg,2
Two_full (2057).jpg,2
Two_full (2058).jpg,0
Two_full (2059).jpg,2
Two_full (206).jpg,2
Two_full (2060).jpg,5
Two_full (2061).jpg,5
Two_full (2062).jpg,5
Two_full (2063).jpg,2
Two_full (2064).jpg,2
Two_full (2065).jpg,2
Two_full (2066).jpg,2
Two_full (2067).jpg,5
Two_full (2068).jpg,8
Two_full (207).jpg,5
Two_full (2070).jpg,2
Two_full (2071).jpg,2
Two_full (2074).jpg,5
Two_full (2079).jpg,2
Two_full (208).jpg,2
Two_full (2081).jpg,1
Two_full (2083).jpg,2
Two_full (2084).jpg,2
Two_full (2085).jpg,2
Two_full (2086).jpg,2
Two_full (2087).jpg,2
Two_full (2088).jpg,8
Two_full (2089).jpg,5
Two_full (2090).jpg,5
Two_full (2091).jpg,2
Two_full (2093).jpg,2
Two_full (2094).jpg,2
Two_full (2096).jpg,5
Two_full (2097).jpg,2
Two_full (2098).jpg,2
Two_full (2099).jpg,5
Two_full (21).jpg,1
Two_full (2100).jpg,2
Two_full (2101).jpg,2
Two_full (2105).jpg,5
Two_full (2106).jpg,5
Two_full (2108).jpg,2
Two_full (2109).jpg,2
Two_full (2110).jpg,5
Two_full (2112).jpg,2
Two_full (2115).jpg,5
Two_full (2117).jpg,5
Two_full (2121).jpg,5
Two_full (2123).jpg,2
Two_full (2128).jpg,2
Two_full (2129).jpg,2
Two_full (213).jpg,2
Two_full (2130).jpg,2
Two_full (2131).jpg,2
Two_full (2132).jpg,2
Two_full (2133).jpg,2
Two_full (2134).jpg,5
Two_full (2135).jpg,5
Two_full (2136).jpg,2
Two_full (2137).jpg,2
Two_full (2138).jpg,2
Two_full (2139).jpg,2
Two_full (2140).jpg,2
Two_full (2141).jpg,5
Two_full (2142).jpg,2
Two_full (2143).jpg,2
Two_full (2144).jpg,3
Two_full (2145).jpg,2
Two_full (2147).jpg,3
Two_full (2148).jpg,2
Two_full (215).jpg,2
Two_full (2150).jpg,5
Two_full (2151).jpg,1
Two_full (2152).jpg,2
Two_full (2154).jpg,5
Two_full (2155).jpg,5
Two_full (2156).jpg,5
Two_full (2157).jpg,2
Two_full (2158).jpg,5
Two_full (2159).jpg,8
Two_full (216).jpg,2
Two_full (2160).jpg,2
Two_full (2161).jpg,5
Two_full (2162).jpg,5
Two_full (2163).jpg,2
Two_full (2165).jpg,5
Two_full (2166).jpg,5
Two_full (2167).jpg,3
Two_full (2168).jpg,2
Two_full (2169).jpg,3
Two_full (217).jpg,2
Two_full (2171).jpg,5
Two_full (2172).jpg,5
Two_full (2173).jpg,2
Two_full (2175).jpg,2
Two_full (2176).jpg,2
Two_full (2178).jpg,2
Two_full (2179).jpg,8
Two_full (2181).jpg,8
Two_full (2182).jpg,1
Two_full (2183).jpg,5
Two_full (2184).jpg,5
Two_full (2185).jpg,8
Two_full (2186).jpg,3
Two_full (2187).jpg,1
Two_full (2188).jpg,1
Two_full (2190).jpg,2
Two_full (2192).jpg,2
Two_full (2193).jpg,2
Two_full (2194).jpg,2
Two_full (2198).jpg,5
Two_full (2199).jpg,5
Two_full (22).jpg,5
Two_full (2202).jpg,2
Two_full (2205).jpg,5
Two_full (2207).jpg,2
Two_full (2208).jpg,2
Two_full (2209).jpg,2
Two_full (2210).jpg,2
Two_full (2211).jpg,2
Two_full (2212).jpg,5
Two_full (2213).jpg,5
Two_full (2214).jpg,5
Two_full (2215).jpg,2
Two_full (2216).jpg,2
Two_full (2218).jpg,5
Two_full (2219).jpg,5
Two_full (222).jpg,2
Two_full (2220).jpg,2
Two_full (2221).jpg,2
Two_full (2222).jpg,2
Two_full (2223).jpg,2
Two_full (2224).jpg,2
Two_full (2225).jpg,2
Two_full (2226).jpg,2
Two_full (2227).jpg,5
Two_full (2228).jpg,5
Two_full (2229).jpg,5
Two_full (223).jpg,1
Two_full (2230).jpg,2
Two_full (2231).jpg,2
Two_full (2232).jpg,5
Two_full (2233).jpg,5
Two_full (224).jpg,5
Two_full (225).jpg,1
Two_full (229).jpg,2
Two_full (23).jpg,2
Two_full (232).jpg,2
Two_full (235).jpg,2
Two_full (236).jpg,2
Two_full (237).jpg,2
Two_full (238).jpg,2
Two_full (24).jpg,5
Two_full (240).jpg,2
Two_full (241).jpg,8
Two_full (243).jpg,5
Two_full (244).jpg,8
Two_full (245).jpg,8
Two_full (247).jpg,5
Two_full (249).jpg,5
Two_full (25).jpg,5
Two_full (251).jpg,5
Two_full (253).jpg,5
Two_full (254).jpg,5
Two_full (255).jpg,5
Two_full (256).jpg,2
Two_full (258).jpg,2
Two_full (259).jpg,5
Two_full (26).jpg,1
Two_full (260).jpg,5
Two_full (261).jpg,1
Two_full (262).jpg,2
Two_full (263).jpg,2
Two_full (264).jpg,2
Two_full (265).jpg,2
Two_full (266).jpg,2
Two_full (268).jpg,5
Two_full (269).jpg,2
Two_full (270).jpg,2
Two_full (273).jpg,2
Two_full (275).jpg,2
Two_full (276).jpg,5
Two_full (278).jpg,2
Two_full (280).jpg,2
Two_full (281).jpg,2
Two_full (282).jpg,1
Two_full (283).jpg,5
Two_full (284).jpg,2
Two_full (286).jpg,2
Two_full (287).jpg,2
Two_full (288).jpg,2
Two_full (289).jpg,2
Two_full (29).jpg,5
Two_full (290).jpg,2
Two_full (291).jpg,5
Two_full (292).jpg,5
Two_full (293).jpg,2
Two_full (294).jpg,2
Two_full (295).jpg,2
Two_full (296).jpg,2
Two_full (297).jpg,1
Two_full (298).jpg,5
Two_full (299).jpg,2
Two_full (3).jpg,2
Two_full (30).jpg,2
Two_full (300).jpg,2
Two_full (302).jpg,2
Two_full (303).jpg,2
Two_full (31).jpg,0
Two_full (310).jpg,2
Two_full (316).jpg,2
Two_full (317).jpg,8
Two_full (318).jpg,2
Two_full (319).jpg,1
Two_full (32).jpg,2
Two_full (322).jpg,5
Two_full (323).jpg,5
Two_full (324).jpg,2
Two_full (325).jpg,2
Two_full (326).jpg,5
Two_full (327).jpg,5
Two_full (328).jpg,5
Two_full (33).jpg,2
Two_full (330).jpg,2
Two_full (331).jpg,8
Two_full (332).jpg,2
Two_full (334).jpg,2
Two_full (335).jpg,0
Two_full (336).jpg,5
Two_full (337).jpg,5
Two_full (338).jpg,5
Two_full (339).jpg,2
Two_full (34).jpg,2
Two_full (340).jpg,5
Two_full (341).jpg,5
Two_full (342).jpg,5
Two_full (343).jpg,2
Two_full (344).jpg,2
Two_full (345).jpg,2
Two_full (346).jpg,1
Two_full (347).jpg,2
Two_full (348).jpg,7
Two_full (349).jpg,2
Two_full (35).jpg,1
Two_full (351).jpg,2
Two_full (352).jpg,1
Two_full (353).jpg,2
Two_full (354).jpg,1
Two_full (355).jpg,8
Two_full (357).jpg,1
Two_full (358).jpg,2
Two_full (359).jpg,8
Two_full (36).jpg,2
Two_full (360).jpg,1
Two_full (361).jpg,2
Two_full (362).jpg,2
Two_full (363).jpg,7
Two_full (365).jpg,2
Two_full (366).jpg,1
Two_full (37).jpg,2
Two_full (372).jpg,7
Two_full (374).jpg,8
Two_full (378).jpg,5
Two_full (379).jpg,8
Two_full (38).jpg,2
Two_full (381).jpg,7
Two_full (39).jpg,2
Two_full (395).jpg,5
Two_full (4).jpg,2
Two_full (40).jpg,2
Two_full (407).jpg,8
Two_full (409).jpg,5
Two_full (41).jpg,2
Two_full (411).jpg,8
Two_full (412).jpg,1
Two_full (413).jpg,5
Two_full (414).jpg,2
Two_full (415).jpg,5
Two_full (416).jpg,1
Two_full (417).jpg,2
Two_full (42).jpg,2
Two_full (421).jpg,1
Two_full (424).jpg,2
Two_full (427).jpg,2
Two_full (428).jpg,9
Two_full (429).jpg,1
Two_full (43).jpg,2
Two_full (438).jpg,2
Two_full (439).jpg,2
Two_full (44).jpg,1
Two_full (45).jpg,2
Two_full (452).jpg,5
Two_full (453).jpg,5
Two_full (454).jpg,5
Two_full (46).jpg,5
Two_full (466).jpg,5
Two_full (467).jpg,1
Two_full (468).jpg,5
Two_full (474).jpg,2
Two_full (475).jpg,1
Two_full (476).jpg,2
Two_full (477).jpg,8
Two_full (48).jpg,2
Two_full (481).jpg,5
Two_full (489).jpg,5
Two_full (49).jpg,2
Two_full (490).jpg,5
Two_full (491).jpg,2
Two_full (492).jpg,5
Two_full (493).jpg,5
Two_full (494).jpg,2
Two_full (495).jpg,2
Two_full (496).jpg,1
Two_full (497).jpg,5
Two_full (498).jpg,5
Two_full (499).jpg,2
Two_full (5).jpg,2
Two_full (50).jpg,3
Two_full (501).jpg,2
Two_full (502).jpg,2
Two_full (503).jpg,2
Two_full (504).jpg,2
Two_full (505).jpg,2
Two_full (508).jpg,5
Two_full (51).jpg,2
Two_full (511).jpg,5
Two_full (513).jpg,1
Two_full (515).jpg,2
Two_full (516).jpg,8
Two_full (517).jpg,1
Two_full (519).jpg,1
Two_full (52).jpg,2
Two_full (521).jpg,5
Two_full (522).jpg,5
Two_full (524).jpg,2
Two_full (525).jpg,3
Two_full (526).jpg,2
Two_full (527).jpg,5
Two_full (528).jpg,5
Two_full (529).jpg,2
Two_full (53).jpg,2
Two_full (530).jpg,2
Two_full (532).jpg,2
Two_full (538).jpg,2
Two_full (54).jpg,2
Two_full (541).jpg,2
Two_full (542).jpg,2
Two_full (545).jpg,2
Two_full (546).jpg,5
Two_full (55).jpg,2
Two_full (554).jpg,2
Two_full (555).jpg,2
Two_full (557).jpg,6
Two_full (561).jpg,8
Two_full (562).jpg,1
Two_full (563).jpg,2
Two_full (564).jpg,3
Two_full (565).jpg,8
Two_full (566).jpg,5
Two_full (567).jpg,5
Two_full (568).jpg,5
Two_full (569).jpg,2
Two_full (570).jpg,3
Two_full (571).jpg,2
Two_full (572).jpg,5
Two_full (573).jpg,5
Two_full (574).jpg,2
Two_full (575).jpg,2
Two_full (576).jpg,2
Two_full (577).jpg,2
Two_full (578).jpg,2
Two_full (579).jpg,2
Two_full (58).jpg,5
Two_full (580).jpg,2
Two_full (581).jpg,1
Two_full (582).jpg,2
Two_full (584).jpg,2
Two_full (585).jpg,7
Two_full (586).jpg,2
Two_full (587).jpg,2
Two_full (589).jpg,1
Two_full (590).jpg,2
Two_full (591).jpg,2
Two_full (593).jpg,2
Two_full (594).jpg,2
Two_full (595).jpg,2
Two_full (597).jpg,5
Two_full (598).jpg,5
Two_full (6).jpg,2
Two_full (60).jpg,5
Two_full (602).jpg,5
Two_full (606).jpg,3
Two_full (608).jpg,7
Two_full (61).jpg,5
Two_full (612).jpg,7
Two_full (614).jpg,1
Two_full (618).jpg,1
Two_full (62).jpg,2
Two_full (620).jpg,2
Two_full (621).jpg,2
Two_full (622).jpg,5
Two_full (623).jpg,5
Two_full (624).jpg,2
Two_full (625).jpg,5
Two_full (626).jpg,2
Two_full (627).jpg,3
Two_full (628).jpg,2
Two_full (629).jpg,5
Two_full (63).jpg,1
Two_full (630).jpg,2
Two_full (631).jpg,5
Two_full (632).jpg,5
Two_full (633).jpg,5
Two_full (634).jpg,3
Two_full (635).jpg,5
Two_full (636).jpg,2
Two_full (637).jpg,2
Two_full (638).jpg,2
Two_full (639).jpg,2
Two_full (64).jpg,1
Two_full (640).jpg,2
Two_full (641).jpg,2
Two_full (645).jpg,2
Two_full (649).jpg,2
Two_full (65).jpg,1
Two_full (658).jpg,0
Two_full (66).jpg,1
Two_full (665).jpg,5
Two_full (667).jpg,5
Two_full (669).jpg,5
Two_full (67).jpg,1
Two_full (671).jpg,5
Two_full (672).jpg,5
Two_full (674).jpg,2
Two_full (675).jpg,2
Two_full (677).jpg,2
Two_full (678).jpg,2
Two_full (679).jpg,2
Two_full (68).jpg,5
Two_full (680).jpg,2
Two_full (682).jpg,2
Two_full (684).jpg,5
Two_full (685).jpg,8
Two_full (686).jpg,5
Two_full (687).jpg,5
Two_full (688).jpg,2
Two_full (689).jpg,5
Two_full (69).jpg,8
Two_full (690).jpg,5
Two_full (691).jpg,8
Two_full (692).jpg,2
Two_full (693).jpg,0
Two_full (694).jpg,2
Two_full (695).jpg,2
Two_full (696).jpg,2
Two_full (697).jpg,5
Two_full (698).jpg,2
Two_full (699).jpg,2
Two_full (7).jpg,2
Two_full (70).jpg,5
Two_full (700).jpg,2
Two_full (701).jpg,2
Two_full (703).jpg,2
Two_full (704).jpg,5
Two_full (705).jpg,2
Two_full (707).jpg,2
Two_full (708).jpg,2
Two_full (709).jpg,2
Two_full (71).jpg,1
Two_full (710).jpg,2
Two_full (711).jpg,2
Two_full (712).jpg,3
Two_full (713).jpg,2
Two_full (714).jpg,5
Two_full (715).jpg,2
Two_full (716).jpg,5
Two_full (717).jpg,3
Two_full (718).jpg,2
Two_full (719).jpg,3
Two_full (720).jpg,2
Two_full (722).jpg,0
Two_full (723).jpg,3
Two_full (725).jpg,8
Two_full (726).jpg,2
Two_full (727).jpg,8
Two_full (728).jpg,2
Two_full (729).jpg,0
Two_full (730).jpg,5
Two_full (731).jpg,3
Two_full (732).jpg,8
Two_full (733).jpg,5
Two_full (735).jpg,8
Two_full (738).jpg,5
Two_full (739).jpg,2
Two_full (74).jpg,5
Two_full (740).jpg,2
Two_full (741).jpg,2
Two_full (742).jpg,2
Two_full (743).jpg,2
Two_full (744).jpg,2
Two_full (745).jpg,2
Two_full (746).jpg,2
Two_full (747).jpg,2
Two_full (748).jpg,2
Two_full (749).jpg,2
Two_full (75).jpg,2
Two_full (750).jpg,2
Two_full (751).jpg,8
Two_full (752).jpg,5
Two_full (753).jpg,8
Two_full (754).jpg,8
Two_full (755).jpg,2
Two_full (756).jpg,2
Two_full (757).jpg,2
Two_full (758).jpg,2
Two_full (759).jpg,2
Two_full (76).jpg,2
Two_full (760).jpg,2
Two_full (761).jpg,2
Two_full (762).jpg,2
Two_full (763).jpg,2
Two_full (764).jpg,2
Two_full (765).jpg,2
Two_full (766).jpg,2
Two_full (767).jpg,2
Two_full (768).jpg,2
Two_full (769).jpg,2
Two_full (77).jpg,5
Two_full (770).jpg,2
Two_full (771).jpg,2
Two_full (772).jpg,2
Two_full (773).jpg,2
Two_full (774).jpg,2
Two_full (775).jpg,2
Two_full (776).jpg,2
Two_full (777).jpg,2
Two_full (778).jpg,2
Two_full (779).jpg,2
Two_full (78).jpg,2
Two_full (780).jpg,2
Two_full (781).jpg,2
Two_full (782).jpg,2
Two_full (783).jpg,2
Two_full (784).jpg,2
Two_full (785).jpg,2
Two_full (787).jpg,5
Two_full (789).jpg,2
Two_full (79).jpg,3
Two_full (792).jpg,2
Two_full (794).jpg,2
Two_full (80).jpg,2
Two_full (800).jpg,2
Two_full (801).jpg,2
Two_full (802).jpg,2
Two_full (803).jpg,2
Two_full (804).jpg,2
Two_full (805).jpg,2
Two_full (806).jpg,5
Two_full (807).jpg,1
Two_full (808).jpg,2
Two_full (809).jpg,2
Two_full (81).jpg,5
Two_full (810).jpg,2
Two_full (811).jpg,2
Two_full (812).jpg,1
Two_full (813).jpg,2
Two_full (814).jpg,2
Two_full (815).jpg,5
Two_full (816).jpg,1
Two_full (817).jpg,5
Two_full (818).jpg,1
Two_full (819).jpg,2
Two_full (82).jpg,1
Two_full (821).jpg,5
Two_full (822).jpg,1
Two_full (823).jpg,8
Two_full (824).jpg,2
Two_full (825).jpg,1
Two_full (826).jpg,8
Two_full (829).jpg,2
Two_full (83).jpg,1
Two_full (831).jpg,2
Two_full (832).jpg,2
Two_full (833).jpg,2
Two_full (834).jpg,2
Two_full (835).jpg,2
Two_full (837).jpg,2
Two_full (838).jpg,2
Two_full (839).jpg,2
Two_full (84).jpg,2
Two_full (842).jpg,2
Two_full (845).jpg,2
Two_full (847).jpg,2
Two_full (848).jpg,5
Two_full (849).jpg,2
Two_full (85).jpg,3
Two_full (850).jpg,5
Two_full (851).jpg,2
Two_full (854).jpg,2
Two_full (855).jpg,2
Two_full (856).jpg,5
Two_full (857).jpg,5
Two_full (858).jpg,5
Two_full (859).jpg,2
Two_full (86).jpg,1
Two_full (860).jpg,5
Two_full (861).jpg,3
Two_full (862).jpg,0
Two_full (863).jpg,1
Two_full (864).jpg,0
Two_full (865).jpg,2
Two_full (866).jpg,5
Two_full (867).jpg,5
Two_full (869).jpg,2
Two_full (87).jpg,5
Two_full (870).jpg,2
Two_full (871).jpg,2
Two_full (872).jpg,2
Two_full (873).jpg,2
Two_full (874).jpg,2
Two_full (875).jpg,2
Two_full (876).jpg,2
Two_full (877).jpg,2
Two_full (878).jpg,2
Two_full (879).jpg,2
Two_full (88).jpg,5
Two_full (880).jpg,8
Two_full (881).jpg,2
Two_full (882).jpg,2
Two_full (883).jpg,2
Two_full (884).jpg,3
Two_full (885).jpg,2
Two_full (886).jpg,3
Two_full (887).jpg,2
Two_full (888).jpg,0
Two_full (889).jpg,5
Two_full (89).jpg,5
Two_full (890).jpg,2
Two_full (892).jpg,2
Two_full (893).jpg,2
Two_full (894).jpg,2
Two_full (897).jpg,2
Two_full (90).jpg,1
Two_full (900).jpg,2
Two_full (903).jpg,2
Two_full (904).jpg,2
Two_full (905).jpg,2
Two_full (906).jpg,2
Two_full (907).jpg,3
Two_full (908).jpg,3
Two_full (909).jpg,3
Two_full (91).jpg,2
Two_full (910).jpg,2
Two_full (911).jpg,5
Two_full (912).jpg,2
Two_full (914).jpg,2
Two_full (915).jpg,2
Two_full (916).jpg,5
Two_full (917).jpg,5
Two_full (921).jpg,2
Two_full (922).jpg,2
Two_full (923).jpg,8
Two_full (924).jpg,2
Two_full (925).jpg,2
Two_full (926).jpg,2
Two_full (927).jpg,2
Two_full (928).jpg,2
Two_full (929).jpg,2
Two_full (930).jpg,2
Two_full (931).jpg,2
Two_full (933).jpg,2
Two_full (934).jpg,2
Two_full (935).jpg,8
Two_full (936).jpg,2
Two_full (937).jpg,8
Two_full (938).jpg,2
Two_full (939).jpg,2
Two_full (94).jpg,2
Two_full (940).jpg,8
Two_full (941).jpg,2
Two_full (942).jpg,2
Two_full (943).jpg,2
Two_full (944).jpg,2
Two_full (945).jpg,2
Two_full (947).jpg,5
Two_full (948).jpg,2
Two_full (949).jpg,8
Two_full (950).jpg,2
Two_full (951).jpg,2
Two_full (952).jpg,2
Two_full (953).jpg,2
Two_full (954).jpg,2
Two_full (955).jpg,2
Two_full (956).jpg,2
Two_full (957).jpg,2
Two_full (958).jpg,2
Two_full (959).jpg,2
Two_full (96).jpg,1
Two_full (960).jpg,2
Two_full (961).jpg,2
Two_full (962).jpg,2
Two_full (963).jpg,2
Two_full (964).jpg,2
Two_full (967).jpg,2
Two_full (97).jpg,1
Two_full (971).jpg,2
Two_full (976).jpg,2
Two_full (978).jpg,2
Two_full (980).jpg,2
Two_full (981).jpg,2
Two_full (982).jpg,2
Two_full (983).jpg,2
Two_full (984).jpg,2
Two_full (985).jpg,2
Two_full (986).jpg,2
Two_full (987).jpg,2
Two_full (988).jpg,2
Two_full (989).jpg,2
Two_full (990).jpg,2
Two_full (991).jpg,2
Two_full (992).jpg,2
Two_full (993).jpg,2
Two_full (994).jpg,2
Two_full (995).jpg,2
Two_full (996).jpg,2
Two_full (997).jpg,5
Two_full (998).jpg,2
Two_full (999).jpg,5
Three_full (1).jpg,5
Three_full (100).jpg,3
Three_full (1001).jpg,1
Three_full (1002).jpg,1
Three_full (1004).jpg,5
Three_full (1005).jpg,1
Three_full (1006).jpg,6
Three_full (1007).jpg,5
Three_full (1008).jpg,5
Three_full (1009).jpg,5
Three_full (101).jpg,3
Three_full (1010).jpg,6
Three_full (1011).jpg,1
Three_full (1012).jpg,6
Three_full (1013).jpg,6
Three_full (1014).jpg,6
Three_full (1015).jpg,6
Three_full (1016).jpg,5
Three_full (1017).jpg,5
Three_full (1018).jpg,5
Three_full (1019).jpg,3
Three_full (102).jpg,3
Three_full (1020).jpg,3
Three_full (1021).jpg,3
Three_full (1022).jpg,1
Three_full (1025).jpg,3
Three_full (1026).jpg,4
Three_full (1028).jpg,4
Three_full (103).jpg,5
Three_full (1030).jpg,3
Three_full (1033).jpg,1
Three_full (1034).jpg,4
Three_full (1036).jpg,6
Three_full (1037).jpg,6
Three_full (1038).jpg,6
Three_full (1039).jpg,5
Three_full (104).jpg,3
Three_full (1040).jpg,6
Three_full (1041).jpg,5
Three_full (1042).jpg,4
Three_full (1043).jpg,6
Three_full (1044).jpg,5
Three_full (1045).jpg,6
Three_full (1046).jpg,5
Three_full (1047).jpg,5
Three_full (1048).jpg,3
Three_full (1049).jpg,3
Three_full (105).jpg,5
Three_full (1051).jpg,3
Three_full (1052).jpg,3
Three_full (1053).jpg,3
Three_full (1054).jpg,3
Three_full (1055).jpg,3
Three_full (1056).jpg,3
Three_full (1057).jpg,3
Three_full (1058).jpg,3
Three_full (1059).jpg,3
Three_full (1060).jpg,3
Three_full (1061).jpg,3
Three_full (1062).jpg,3
Three_full (1063).jpg,5
Three_full (1064).jpg,5
Three_full (1065).jpg,3
Three_full (1066).jpg,1
Three_full (1068).jpg,1
Three_full (1069).jpg,5
Three_full (1070).jpg,1
Three_full (1071).jpg,5
Three_full (1072).jpg,5
Three_full (1073).jpg,5
Three_full (1074).jpg,5
Three_full (1075).jpg,5
Three_full (1076).jpg,5
Three_full (1077).jpg,5
Three_full (1078).jpg,5
Three_full (1079).jpg,1
Three_full (1080).jpg,3
Three_full (1081).jpg,1
Three_full (1082).jpg,5
Three_full (1083).jpg,5
Three_full (1084).jpg,1
Three_full (1085).jpg,5
Three_full (1086).jpg,1
Three_full (1087).jpg,5
Three_full (1088).jpg,1
Three_full (1089).jpg,3
Three_full (109).jpg,3
Three_full (1090).jpg,1
Three_full (1091).jpg,5
Three_full (1092).jpg,5
Three_full (1093).jpg,3
Three_full (1094).jpg,5
Three_full (1095).jpg,1
Three_full (1097).jpg,6
Three_full (1098).jpg,3
Three_full (1100).jpg,5
Three_full (1101).jpg,5
Three_full (1102).jpg,6
Three_full (1103).jpg,5
Three_full (1104).jpg,3
Three_full (1106).jpg,5
Three_full (1107).jpg,1
Three_full (1108).jpg,3
Three_full (1112).jpg,1
Three_full (1115).jpg,1
Three_full (1116).jpg,1
Three_full (1117).jpg,2
Three_full (1119).jpg,1
Three_full (1122).jpg,5
Three_full (1123).jpg,3
Three_full (1124).jpg,5
Three_full (1125).jpg,3
Three_full (1128).jpg,3
Three_full (1129).jpg,3
Three_full (1130).jpg,2
Three_full (1131).jpg,3
Three_full (1132).jpg,3
Three_full (1133).jpg,3
Three_full (1134).jpg,3
Three_full (1135).jpg,3
Three_full (1136).jpg,3
Three_full (1137).jpg,3
Three_full (1143).jpg,7
Three_full (1145).jpg,1
Three_full (1148).jpg,7
Three_full (1153).jpg,3
Three_full (1154).jpg,3
Three_full (1155).jpg,3
Three_full (1156).jpg,3
Three_full (1157).jpg,2
Three_full (1158).jpg,3
Three_full (1159).jpg,4
Three_full (1160).jpg,6
Three_full (1161).jpg,6
Three_full (1162).jpg,5
Three_full (1163).jpg,6
Three_full (1164).jpg,3
Three_full (1165).jpg,5
Three_full (1166).jpg,5
Three_full (1167).jpg,5
Three_full (1168).jpg,1
Three_full (1169).jpg,1
Three_full (1171).jpg,4
Three_full (1172).jpg,3
Three_full (1173).jpg,1
Three_full (1174).jpg,3
Three_full (1178).jpg,3
Three_full (1179).jpg,1
Three_full (1180).jpg,3
Three_full (1181).jpg,3
Three_full (1182).jpg,3
Three_full (1183).jpg,1
Three_full (1185).jpg,3
Three_full (1186).jpg,3
Three_full (1191).jpg,3
Three_full (1192).jpg,5
Three_full (1193).jpg,3
Three_full (1194).jpg,4
Three_full (1196).jpg,3
Three_full (1197).jpg,3
Three_full (1199).jpg,1
Three_full (12).jpg,5
Three_full (120).jpg,5
Three_full (1200).jpg,3
Three_full (1201).jpg,7
Three_full (1202).jpg,3
Three_full (1204).jpg,3
Three_full (1207).jpg,7
Three_full (1208).jpg,3
Three_full (1209).jpg,1
Three_full (121).jpg,1
Three_full (1212).jpg,3
Three_full (1213).jpg,5
Three_full (1214).jpg,5
Three_full (1219).jpg,3
Three_full (122).jpg,6
Three_full (1220).jpg,3
Three_full (1222).jpg,3
Three_full (1223).jpg,3
Three_full (1224).jpg,3
Three_full (1229).jpg,1
Three_full (123).jpg,1
Three_full (1232).jpg,1
Three_full (1234).jpg,1
Three_full (1236).jpg,5
Three_full (1238).jpg,5
Three_full (124).jpg,6
Three_full (1240).jpg,3
Three_full (1241).jpg,5
Three_full (1242).jpg,7
Three_full (1243).jpg,5
Three_full (1245).jpg,5
Three_full (1248).jpg,3
Three_full (1249).jpg,2
Three_full (125).jpg,1
Three_full (1250).jpg,3
Three_full (1251).jpg,7
Three_full (1252).jpg,3
Three_full (1254).jpg,3
Three_full (1255).jpg,5
Three_full (1257).jpg,3
Three_full (1258).jpg,1
Three_full (1259).jpg,3
Three_full (126).jpg,6
Three_full (1260).jpg,3
Three_full (1261).jpg,3
Three_full (1263).jpg,3
Three_full (1264).jpg,3
Three_full (1265).jpg,3
Three_full (1266).jpg,1
Three_full (1267).jpg,3
Three_full (1268).jpg,3
Three_full (1269).jpg,3
Three_full (127).jpg,5
Three_full (1270).jpg,3
Three_full (1271).jpg,3
Three_full (1272).jpg,1
Three_full (1273).jpg,1
Three_full (1274).jpg,3
Three_full (1275).jpg,3
Three_full (1276).jpg,3
Three_full (1277).jpg,7
Three_full (1279).jpg,1
Three_full (128).jpg,5
Three_full (1280).jpg,3
Three_full (1281).jpg,1
Three_full (1282).jpg,6
Three_full (1284).jpg,3
Three_full (1285).jpg,5
Three_full (1286).jpg,3
Three_full (1287).jpg,1
Three_full (1288).jpg,1
Three_full (1289).jpg,3
Three_full (129).jpg,5
Three_full (1291).jpg,3
Three_full (1292).jpg,3
Three_full (1294).jpg,3
Three_full (1295).jpg,3
Three_full (1296).jpg,3
Three_full (1297).jpg,3
Three_full (1298).jpg,3
Three_full (1299).jpg,3
Three_full (13).jpg,5
Three_full (130).jpg,5
Three_full (1300).jpg,3
Three_full (1301).jpg,3
Three_full (1302).jpg,1
Three_full (1303).jpg,6
Three_full (1305).jpg,3
Three_full (131).jpg,6
Three_full (1311).jpg,1
Three_full (1313).jpg,3
Three_full (1314).jpg,3
Three_full (1316).jpg,3
Three_full (1317).jpg,1
Three_full (1318).jpg,1
Three_full (1319).jpg,3
Three_full (132).jpg,1
Three_full (133).jpg,6
Three_full (1330).jpg,3
Three_full (1332).jpg,1
Three_full (1333).jpg,5
Three_full (1334).jpg,3
Three_full (1335).jpg,3
Three_full (1336).jpg,3
Three_full (1337).jpg,3
Three_full (1338).jpg,3
Three_full (1339).jpg,3
Three_full (134).jpg,5
Three_full (1341).jpg,3
Three_full (1342).jpg,3
Three_full (1343).jpg,5
Three_full (1344).jpg,3
Three_full (1346).jpg,3
Three_full (1348).jpg,5
Three_full (135).jpg,3
Three_full (1351).jpg,1
Three_full (1355).jpg,3
Three_full (136).jpg,3
Three_full (1362).jpg,5
Three_full (1364).jpg,3
Three_full (137).jpg,3
Three_full (1373).jpg,1
Three_full (1379).jpg,3
Three_full (138).jpg,1
Three_full (1380).jpg,3
Three_full (1381).jpg,3
Three_full (1383).jpg,3
Three_full (1384).jpg,1
Three_full (1385).jpg,3
Three_full (1386).jpg,1
Three_full (1387).jpg,3
Three_full (1388).jpg,3
Three_full (1389).jpg,3
Three_full (139).jpg,3
Three_full (1390).jpg,3
Three_full (1391).jpg,3
Three_full (1392).jpg,5
Three_full (1393).jpg,5
Three_full (1395).jpg,3
Three_full (1398).jpg,3
Three_full (1399).jpg,1
Three_full (140).jpg,1
Three_full (1400).jpg,3
Three_full (1402).jpg,3
Three_full (1403).jpg,3
Three_full (1404).jpg,3
Three_full (1405).jpg,3
Three_full (1407).jpg,5
Three_full (1408).jpg,6
Three_full (1409).jpg,1
Three_full (141).jpg,3
Three_full (1410).jpg,3
Three_full (1411).jpg,1
Three_full (1413).jpg,1
Three_full (1416).jpg,1
Three_full (1419).jpg,1
Three_full (1420).jpg,1
Three_full (1426).jpg,3
Three_full (1428).jpg,5
Three_full (143).jpg,3
Three_full (1431).jpg,1
Three_full (1432).jpg,5
Three_full (1433).jpg,1
Three_full (1434).jpg,5
Three_full (1435).jpg,5
Three_full (1436).jpg,3
Three_full (1437).jpg,5
Three_full (144).jpg,1
Three_full (1441).jpg,3
Three_full (1442).jpg,3
Three_full (1443).jpg,5
Three_full (1444).jpg,6
Three_full (1445).jpg,3
Three_full (1447).jpg,6
Three_full (1448).jpg,5
Three_full (1449).jpg,6
Three_full (145).jpg,3
Three_full (1450).jpg,6
Three_full (1451).jpg,2
Three_full (1452).jpg,1
Three_full (1453).jpg,6
Three_full (1454).jpg,3
Three_full (1455).jpg,3
Three_full (1456).jpg,3
Three_full (1457).jpg,3
Three_full (1458).jpg,3
Three_full (1459).jpg,3
Three_full (146).jpg,3
Three_full (1462).jpg,6
Three_full (1463).jpg,2
Three_full (1464).jpg,3
Three_full (1465).jpg,3
Three_full (1466).jpg,3
Three_full (1467).jpg,5
Three_full (1468).jpg,5
Three_full (147).jpg,1
Three_full (1470).jpg,3
Three_full (1474).jpg,3
Three_full (1475).jpg,3
Three_full (1476).jpg,3
Three_full (1478).jpg,5
Three_full (1479).jpg,3
Three_full (148).jpg,3
Three_full (1480).jpg,3
Three_full (1481).jpg,3
Three_full (1482).jpg,1
Three_full (1483).jpg,1
Three_full (1485).jpg,3
Three_full (1486).jpg,3
Three_full (1487).jpg,3
Three_full (1488).jpg,5
Three_full (1489).jpg,1
Three_full (149).jpg,1
Three_full (1490).jpg,3
Three_full (1491).jpg,5
Three_full (1494).jpg,6
Three_full (1496).jpg,6
Three_full (1499).jpg,3
Three_full (15).jpg,1
Three_full (150).jpg,1
Three_full (1500).jpg,3
Three_full (1501).jpg,3
Three_full (1502).jpg,4
Three_full (1503).jpg,3
Three_full (1504).jpg,5
Three_full (1505).jpg,3
Three_full (1506).jpg,3
Three_full (1507).jpg,3
Three_full (1508).jpg,3
Three_full (1509).jpg,3
Three_full (1512).jpg,1
Three_full (1513).jpg,1
Three_full (1514).jpg,3
Three_full (1517).jpg,1
Three_full (1519).jpg,3
Three_full (152).jpg,4
Three_full (1520).jpg,3
Three_full (1521).jpg,1
Three_full (1524).jpg,3
Three_full (1525).jpg,3
Three_full (1526).jpg,3
Three_full (1528).jpg,5
Three_full (1529).jpg,3
Three_full (153).jpg,7
Three_full (1531).jpg,3
Three_full (1532).jpg,1
Three_full (1534).jpg,3
Three_full (1535).jpg,3
Three_full (1536).jpg,3
Three_full (1537).jpg,5
Three_full (1539).jpg,3
Three_full (154).jpg,1
Three_full (1541).jpg,3
Three_full (1542).jpg,5
Three_full (1543).jpg,5
Three_full (1544).jpg,3
Three_full (1546).jpg,3
Three_full (1547).jpg,4
Three_full (1549).jpg,3
Three_full (155).jpg,5
Three_full (1550).jpg,3
Three_full (1551).jpg,1
Three_full (1552).jpg,3
Three_full (1553).jpg,3
Three_full (1554).jpg,3
Three_full (1555).jpg,3
Three_full (1556).jpg,3
Three_full (1557).jpg,5
Three_full (1558).jpg,6
Three_full (1559).jpg,3
Three_full (156).jpg,4
Three_full (1560).jpg,3
Three_full (1562).jpg,4
Three_full (1564).jpg,0
Three_full (1565).jpg,3
Three_full (1566).jpg,3
Three_full (1568).jpg,3
Three_full (1569).jpg,3
Three_full (157).jpg,5
Three_full (1571).jpg,3
Three_full (1572).jpg,5
Three_full (1573).jpg,6
Three_full (1575).jpg,3
Three_full (1577).jpg,3
Three_full (158).jpg,6
Three_full (1583).jpg,1
Three_full (1587).jpg,1
Three_full (1588).jpg,5
Three_full (1589).jpg,3
Three_full (159).jpg,3
Three_full (1590).jpg,3
Three_full (1591).jpg,3
Three_full (1592).jpg,5
Three_full (1593).jpg,3
Three_full (1594).jpg,5
Three_full (1595).jpg,3
Three_full (1596).jpg,5
Three_full (1597).jpg,5
Three_full (1598).jpg,5
Three_full (1599).jpg,3
Three_full (160).jpg,5
Three_full (1600).jpg,5
Three_full (1601).jpg,3
Three_full (1602).jpg,1
Three_full (1603).jpg,5
Three_full (1604).jpg,3
Three_full (1606).jpg,3
Three_full (1607).jpg,1
Three_full (1609).jpg,1
Three_full (161).jpg,6
Three_full (1610).jpg,1
Three_full (1611).jpg,1
Three_full (1612).jpg,6
Three_full (1614).jpg,1
Three_full (1616).jpg,5
Three_full (1617).jpg,5
Three_full (1618).jpg,1
Three_full (1619).jpg,3
Three_full (162).jpg,4
Three_full (1620).jpg,3
Three_full (1621).jpg,3
Three_full (1622).jpg,4
Three_full (1623).jpg,3
Three_full (1624).jpg,1
Three_full (1625).jpg,3
Three_full (1626).jpg,7
Three_full (1627).jpg,1
Three_full (1629).jpg,3
Three_full (163).jpg,6
Three_full (1630).jpg,4
Three_full (1632).jpg,1
Three_full (1633).jpg,1
Three_full (1636).jpg,3
Three_full (1637).jpg,3
Three_full (1638).jpg,2
Three_full (1639).jpg,5
Three_full (1641).jpg,1
Three_full (1642).jpg,6
Three_full (1643).jpg,5
Three_full (1644).jpg,5
Three_full (1645).jpg,5
Three_full (1646).jpg,5
Three_full (1647).jpg,5
Three_full (1649).jpg,3
Three_full (1650).jpg,3
Three_full (1651).jpg,3
Three_full (1652).jpg,1
Three_full (1653).jpg,3
Three_full (1655).jpg,3
Three_full (1656).jpg,1
Three_full (1657).jpg,6
Three_full (1658).jpg,6
Three_full (1659).jpg,3
Three_full (1660).jpg,6
Three_full (1661).jpg,3
Three_full (1662).jpg,5
Three_full (1663).jpg,6
Three_full (1664).jpg,3
Three_full (1665).jpg,3
Three_full (1666).jpg,3
Three_full (1667).jpg,1
Three_full (1668).jpg,3
Three_full (1669).jpg,1
Three_full (167).jpg,1
Three_full (1670).jpg,3
Three_full (1671).jpg,3
Three_full (1672).jpg,1
Three_full (1673).jpg,1
Three_full (1674).jpg,3
Three_full (1675).jpg,3
Three_full (1676).jpg,3
Three_full (1677).jpg,1
Three_full (1680).jpg,3
Three_full (1682).jpg,1
Three_full (1685).jpg,3
Three_full (1686).jpg,1
Three_full (1687).jpg,6
Three_full (1688).jpg,1
Three_full (1689).jpg,6
Three_full (169).jpg,5
Three_full (1690).jpg,6
Three_full (1691).jpg,6
Three_full (1693).jpg,5
Three_full (1695).jpg,3
Three_full (1696).jpg,3
Three_full (1697).jpg,1
Three_full (1698).jpg,5
Three_full (1699).jpg,5
Three_full (17).jpg,3
Three_full (170).jpg,1
Three_full (1700).jpg,3
Three_full (1701).jpg,5
Three_full (1702).jpg,5
Three_full (1703).jpg,5
Three_full (1704).jpg,6
Three_full (1705).jpg,6
Three_full (1706).jpg,5
Three_full (1707).jpg,5
Three_full (1708).jpg,1
Three_full (171).jpg,1
Three_full (1717).jpg,6
Three_full (1718).jpg,1
Three_full (1721).jpg,5
Three_full (1723).jpg,1
Three_full (1724).jpg,6
Three_full (1727).jpg,3
Three_full (1728).jpg,5
Three_full (1729).jpg,6
Three_full (173).jpg,1
Three_full (1730).jpg,5
Three_full (1731).jpg,1
Three_full (1732).jpg,2
Three_full (1733).jpg,6
Three_full (1734).jpg,2
Three_full (1735).jpg,2
Three_full (1736).jpg,6
Three_full (1738).jpg,6
Three_full (1739).jpg,3
Three_full (1740).jpg,3
Three_full (1742).jpg,3
Three_full (1743).jpg,3
Three_full (1745).jpg,3
Three_full (1747).jpg,6
Three_full (1748).jpg,6
Three_full (1749).jpg,3
Three_full (175).jpg,1
Three_full (1750).jpg,6
Three_full (1751).jpg,3
Three_full (1752).jpg,5
Three_full (1753).jpg,6
Three_full (1756).jpg,1
Three_full (1757).jpg,7
Three_full (1758).jpg,5
Three_full (1759).jpg,1
Three_full (176).jpg,1
Three_full (1760).jpg,3
Three_full (1762).jpg,5
Three_full (1763).jpg,1
Three_full (1765).jpg,1
Three_full (1766).jpg,5
Three_full (1767).jpg,1
Three_full (1768).jpg,1
Three_full (177).jpg,5
Three_full (1770).jpg,3
Three_full (1772).jpg,7
Three_full (1774).jpg,1
Three_full (1779).jpg,5
Three_full (178).jpg,5
Three_full (1780).jpg,2
Three_full (1784).jpg,3
Three_full (1788).jpg,6
Three_full (1789).jpg,5
Three_full (1791).jpg,5
Three_full (1792).jpg,6
Three_full (1793).jpg,6
Three_full (1794).jpg,6
Three_full (1795).jpg,4
Three_full (1796).jpg,1
Three_full (1797).jpg,6
Three_full (1798).jpg,6
Three_full (1799).jpg,3
Three_full (18).jpg,1
Three_full (180).jpg,5
Three_full (1800).jpg,3
Three_full (1801).jpg,3
Three_full (1803).jpg,3
Three_full (1804).jpg,1
Three_full (1805).jpg,3
Three_full (1806).jpg,1
Three_full (1807).jpg,5
Three_full (1808).jpg,5
Three_full (1809).jpg,2
Three_full (181).jpg,3
Three_full (1810).jpg,0
Three_full (1811).jpg,2
Three_full (1812).jpg,1
Three_full (1813).jpg,2
Three_full (1815).jpg,3
Three_full (1818).jpg,3
Three_full (1820).jpg,3
Three_full (1821).jpg,1
Three_full (1823).jpg,6
Three_full (1826).jpg,3
Three_full (1827).jpg,1
Three_full (1829).jpg,5
Three_full (183).jpg,3
Three_full (1830).jpg,4
Three_full (1832).jpg,4
Three_full (1833).jpg,6
Three_full (1834).jpg,6
Three_full (1839).jpg,1
Three_full (184).jpg,3
Three_full (1840).jpg,6
Three_full (1841).jpg,3
Three_full (1844).jpg,3
Three_full (1845).jpg,3
Three_full (1846).jpg,3
Three_full (1847).jpg,3
Three_full (1848).jpg,3
Three_full (1849).jpg,4
Three_full (185).jpg,3
Three_full (1850).jpg,3
Three_full (1851).jpg,1
Three_full (1852).jpg,6
Three_full (1853).jpg,6
Three_full (1854).jpg,1
Three_full (1855).jpg,6
Three_full (1856).jpg,1
Three_full (1857).jpg,6
Three_full (1858).jpg,1
Three_full (1859).jpg,3
Three_full (186).jpg,3
Three_full (1860).jpg,3
Three_full (1861).jpg,3
Three_full (1864).jpg,1
Three_full (1865).jpg,3
Three_full (1866).jpg,1
Three_full (1869).jpg,3
Three_full (187).jpg,3
Three_full (1870).jpg,3
Three_full (1871).jpg,3
Three_full (1873).jpg,6
Three_full (1876).jpg,3
Three_full (1877).jpg,1
Three_full (188).jpg,3
Three_full (1880).jpg,3
Three_full (189).jpg,3
Three_full (1890).jpg,3
Three_full (1892).jpg,1
Three_full (1893).jpg,3
Three_full (1894).jpg,1
Three_full (1895).jpg,3
Three_full (1896).jpg,3
Three_full (1897).jpg,1
Three_full (1898).jpg,1
Three_full (1899).jpg,1
Three_full (190).jpg,3
Three_full (1900).jpg,1
Three_full (1903).jpg,5
Three_full (1904).jpg,5
Three_full (1905).jpg,1
Three_full (1906).jpg,3
Three_full (1908).jpg,1
Three_full (1909).jpg,1
Three_full (191).jpg,3
Three_full (1910).jpg,3
Three_full (1911).jpg,5
Three_full (1912).jpg,1
Three_full (1914).jpg,5
Three_full (1915).jpg,5
Three_full (1916).jpg,5
Three_full (1917).jpg,2
Three_full (1918).jpg,1
Three_full (192).jpg,3
Three_full (1921).jpg,1
Three_full (1923).jpg,6
Three_full (1925).jpg,6
Three_full (1926).jpg,6
Three_full (1929).jpg,2
Three_full (193).jpg,5
Three_full (1930).jpg,6
Three_full (1933).jpg,4
Three_full (1935).jpg,3
Three_full (1936).jpg,3
Three_full (1937).jpg,5
Three_full (1938).jpg,5
Three_full (1939).jpg,1
Three_full (194).jpg,5
Three_full (1940).jpg,3
Three_full (1941).jpg,1
Three_full (1942).jpg,5
Three_full (1943).jpg,6
Three_full (1944).jpg,1
Three_full (1946).jpg,5
Three_full (1947).jpg,5
Three_full (1948).jpg,5
Three_full (1949).jpg,3
Three_full (195).jpg,3
Three_full (1950).jpg,3
Three_full (1951).jpg,3
Three_full (1952).jpg,3
Three_full (1953).jpg,6
Three_full (1954).jpg,6
Three_full (1955).jpg,0
Three_full (1956).jpg,6
Three_full (1957).jpg,0
Three_full (1958).jpg,0
Three_full (1959).jpg,0
Three_full (196).jpg,3
Three_full (1960).jpg,6
Three_full (1962).jpg,5
Three_full (1963).jpg,5
Three_full (1964).jpg,5
Three_full (1965).jpg,3
Three_full (1966).jpg,5
Three_full (1967).jpg,3
Three_full (1968).jpg,5
Three_full (1969).jpg,1
Three_full (197).jpg,3
Three_full (1970).jpg,3
Three_full (1971).jpg,1
Three_full (1972).jpg,1
Three_full (1974).jpg,5
Three_full (1975).jpg,1
Three_full (1976).jpg,3
Three_full (1977).jpg,5
Three_full (1978).jpg,5
Three_full (1979).jpg,3
Three_full (1980).jpg,3
Three_full (1981).jpg,3
Three_full (1982).jpg,7
Three_full (1983).jpg,3
Three_full (1984).jpg,7
Three_full (1985).jpg,3
Three_full (1986).jpg,3
Three_full (1987).jpg,1
Three_full (1988).jpg,3
Three_full (1989).jpg,3
Three_full (199).jpg,3
Three_full (1990).jpg,3
Three_full (1991).jpg,3
Three_full (1992).jpg,1
Three_full (1993).jpg,5
Three_full (1995).jpg,3
Three_full (1996).jpg,3
Three_full (1997).jpg,3
Three_full (1998).jpg,6
Three_full (1999).jpg,5
Three_full (2000).jpg,3
Three_full (2001).jpg,6
Three_full (2003).jpg,5
Three_full (2004).jpg,1
Three_full (2005).jpg,6
Three_full (2006).jpg,6
Three_full (2007).jpg,5
Three_full (2008).jpg,5
Three_full (2009).jpg,5
Three_full (201).jpg,3
Three_full (2010).jpg,3
Three_full (2011).jpg,3
Three_full (2012).jpg,3
Three_full (2013).jpg,1
Three_full (2014).jpg,1
Three_full (2015).jpg,1
Three_full (2016).jpg,6
Three_full (2017).jpg,1
Three_full (2018).jpg,6
Three_full (2019).jpg,6
Three_full (202).jpg,3
Three_full (2020).jpg,6
Three_full (2021).jpg,1
Three_full (2022).jpg,5
Three_full (2023).jpg,5
Three_full (2024).jpg,1
Three_full (2025).jpg,5
Three_full (2026).jpg,1
Three_full (2027).jpg,3
Three_full (2028).jpg,1
Three_full (2029).jpg,1
Three_full (203).jpg,5
Three_full (2030).jpg,6
Three_full (2031).jpg,1
Three_full (2032).jpg,5
Three_full (2033).jpg,1
Three_full (2034).jpg,6
Three_full (2035).jpg,5
Three_full (2036).jpg,6
Three_full (2037).jpg,5
Three_full (2039).jpg,3
Three_full (204).jpg,3
Three_full (2040).jpg,3
Three_full (2041).jpg,3
Three_full (2042).jpg,3
Three_full (2043).jpg,6
Three_full (2044).jpg,6
Three_full (2045).jpg,3
Three_full (2046).jpg,1
Three_full (2047).jpg,6
Three_full (2048).jpg,5
Three_full (2049).jpg,5
Three_full (2050).jpg,6
Three_full (2051).jpg,6
Three_full (2052).jpg,5
Three_full (2053).jpg,5
Three_full (2054).jpg,3
Three_full (2055).jpg,3
Three_full (2056).jpg,3
Three_full (2057).jpg,7
Three_full (2058).jpg,3
Three_full (2059).jpg,1
Three_full (206).jpg,3
Three_full (2060).jpg,3
Three_full (2062).jpg,5
Three_full (2063).jpg,5
Three_full (2064).jpg,1
Three_full (2065).jpg,1
Three_full (2066).jpg,3
Three_full (2067).jpg,5
Three_full (2069).jpg,6
Three_full (207).jpg,5
Three_full (2070).jpg,3
Three_full (2071).jpg,6
Three_full (2072).jpg,1
Three_full (2073).jpg,6
Three_full (2074).jpg,5
Three_full (2075).jpg,1
Three_full (2076).jpg,1
Three_full (2077).jpg,5
Three_full (2078).jpg,5
Three_full (2079).jpg,1
Three_full (208).jpg,3
Three_full (2080).jpg,5
Three_full (2081).jpg,6
Three_full (2082).jpg,5
Three_full (2083).jpg,6
Three_full (2084).jpg,3
Three_full (2085).jpg,3
Three_full (2086).jpg,3
Three_full (2088).jpg,6
Three_full (209).jpg,5
Three_full (2091).jpg,1
Three_full (2093).jpg,5
Three_full (2095).jpg,6
Three_full (2096).jpg,6
Three_full (2097).jpg,5
Three_full (2098).jpg,5
Three_full (2099).jpg,3
Three_full (21).jpg,3
Three_full (2100).jpg,3
Three_full (2101).jpg,3
Three_full (2102).jpg,1
Three_full (2103).jpg,3
Three_full (2104).jpg,1
Three_full (2105).jpg,3
Three_full (2106).jpg,1
Three_full (2107).jpg,5
Three_full (2108).jpg,5
Three_full (2109).jpg,5
Three_full (211).jpg,3
Three_full (2110).jpg,6
Three_full (2111).jpg,3
Three_full (2112).jpg,5
Three_full (2113).jpg,5
Three_full (2115).jpg,5
Three_full (2116).jpg,3
Three_full (2119).jpg,6
Three_full (2120).jpg,3
Three_full (2122).jpg,6
Three_full (2124).jpg,1
Three_full (2125).jpg,6
Three_full (2126).jpg,6
Three_full (2127).jpg,5
Three_full (2129).jpg,3
Three_full (213).jpg,3
Three_full (2130).jpg,3
Three_full (2131).jpg,3
Three_full (2132).jpg,3
Three_full (2133).jpg,5
Three_full (2134).jpg,1
Three_full (2135).jpg,1
Three_full (2136).jpg,5
Three_full (2137).jpg,1
Three_full (2138).jpg,1
Three_full (2139).jpg,1
Three_full (214).jpg,3
Three_full (2140).jpg,1
Three_full (2141).jpg,1
Three_full (2142).jpg,5
Three_full (2143).jpg,5
Three_full (2146).jpg,3
Three_full (2147).jpg,3
Three_full (2148).jpg,5
Three_full (2149).jpg,5
Three_full (215).jpg,5
Three_full (2150).jpg,5
Three_full (2151).jpg,5
Three_full (2152).jpg,5
Three_full (2155).jpg,5
Three_full (2156).jpg,5
Three_full (216).jpg,3
Three_full (217).jpg,3
Three_full (2173).jpg,6
Three_full (2174).jpg,3
Three_full (2176).jpg,3
Three_full (2179).jpg,3
Three_full (218).jpg,5
Three_full (2180).jpg,6
Three_full (2181).jpg,6
Three_full (2182).jpg,6
Three_full (2184).jpg,5
Three_full (2186).jpg,5
Three_full (2187).jpg,5
Three_full (2188).jpg,3
Three_full (2189).jpg,3
Three_full (2190).jpg,3
Three_full (2191).jpg,3
Three_full (2192).jpg,6
Three_full (2193).jpg,6
Three_full (2194).jpg,5
Three_full (2195).jpg,6
Three_full (2196).jpg,5
Three_full (2197).jpg,5
Three_full (2198).jpg,5
Three_full (2199).jpg,5
Three_full (22).jpg,3
Three_full (220).jpg,3
Three_full (2200).jpg,6
Three_full (2201).jpg,5
Three_full (2202).jpg,5
Three_full (221).jpg,3
Three_full (222).jpg,3
Three_full (225).jpg,5
Three_full (226).jpg,3
Three_full (228).jpg,7
Three_full (229).jpg,3
Three_full (23).jpg,5
Three_full (230).jpg,3
Three_full (231).jpg,3
Three_full (232).jpg,1
Three_full (233).jpg,1
Three_full (234).jpg,5
Three_full (235).jpg,3
Three_full (236).jpg,3
Three_full (237).jpg,3
Three_full (239).jpg,5
Three_full (24).jpg,3
Three_full (240).jpg,3
Three_full (242).jpg,3
Three_full (243).jpg,4
Three_full (245).jpg,2
Three_full (25).jpg,5
Three_full (250).jpg,1
Three_full (251).jpg,5
Three_full (252).jpg,5
Three_full (253).jpg,5
Three_full (255).jpg,3
Three_full (256).jpg,3
Three_full (257).jpg,3
Three_full (258).jpg,3
Three_full (259).jpg,6
Three_full (260).jpg,6
Three_full (261).jpg,3
Three_full (262).jpg,1
Three_full (263).jpg,6
Three_full (264).jpg,5
Three_full (265).jpg,6
Three_full (266).jpg,6
Three_full (267).jpg,3
Three_full (269).jpg,6
Three_full (27).jpg,5
Three_full (270).jpg,3
Three_full (271).jpg,3
Three_full (272).jpg,3
Three_full (273).jpg,3
Three_full (274).jpg,5
Three_full (275).jpg,5
Three_full (277).jpg,5
Three_full (278).jpg,4
Three_full (279).jpg,6
Three_full (28).jpg,5
Three_full (280).jpg,1
Three_full (281).jpg,1
Three_full (282).jpg,1
Three_full (283).jpg,1
Three_full (287).jpg,3
Three_full (29).jpg,5
Three_full (292).jpg,2
Three_full (295).jpg,6
Three_full (296).jpg,6
Three_full (30).jpg,5
Three_full (304).jpg,6
Three_full (31).jpg,5
Three_full (311).jpg,6
Three_full (313).jpg,3
Three_full (314).jpg,3
Three_full (315).jpg,3
Three_full (316).jpg,3
Three_full (317).jpg,6
Three_full (318).jpg,1
Three_full (319).jpg,5
Three_full (32).jpg,3
Three_full (320).jpg,5
Three_full (321).jpg,5
Three_full (323).jpg,1
Three_full (324).jpg,1
Three_full (325).jpg,5
Three_full (326).jpg,5
Three_full (327).jpg,5
Three_full (328).jpg,5
Three_full (329).jpg,5
Three_full (33).jpg,3
Three_full (330).jpg,5
Three_full (332).jpg,5
Three_full (333).jpg,5
Three_full (338).jpg,5
Three_full (34).jpg,3
Three_full (341).jpg,3
Three_full (342).jpg,3
Three_full (345).jpg,3
Three_full (349).jpg,3
Three_full (35).jpg,1
Three_full (350).jpg,1
Three_full (351).jpg,3
Three_full (352).jpg,3
Three_full (357).jpg,1
Three_full (358).jpg,3
Three_full (359).jpg,1
Three_full (36).jpg,3
Three_full (360).jpg,1
Three_full (361).jpg,3
Three_full (362).jpg,1
Three_full (363).jpg,5
Three_full (364).jpg,1
Three_full (365).jpg,1
Three_full (366).jpg,7
Three_full (367).jpg,3
Three_full (368).jpg,4
Three_full (369).jpg,7
Three_full (37).jpg,1
Three_full (370).jpg,7
Three_full (372).jpg,1
Three_full (373).jpg,3
Three_full (374).jpg,1
Three_full (375).jpg,1
Three_full (377).jpg,1
Three_full (378).jpg,5
Three_full (379).jpg,1
Three_full (38).jpg,3
Three_full (387).jpg,5
Three_full (39).jpg,3
Three_full (394).jpg,5
Three_full (397).jpg,5
Three_full (40).jpg,3
Three_full (403).jpg,1
Three_full (404).jpg,3
Three_full (405).jpg,1
Three_full (406).jpg,3
Three_full (407).jpg,3
Three_full (408).jpg,1
Three_full (409).jpg,7
Three_full (41).jpg,1
Three_full (413).jpg,1
Three_full (416).jpg,3
Three_full (417).jpg,3
Three_full (42).jpg,3
Three_full (421).jpg,2
Three_full (427).jpg,5
Three_full (43).jpg,3
Three_full (430).jpg,5
Three_full (433).jpg,1
Three_full (436).jpg,3
Three_full (44).jpg,3
Three_full (442).jpg,1
Three_full (443).jpg,1
Three_full (445).jpg,5
Three_full (451).jpg,3
Three_full (453).jpg,5
Three_full (456).jpg,5
Three_full (457).jpg,5
Three_full (462).jpg,3
Three_full (466).jpg,3
Three_full (47).jpg,3
Three_full (473).jpg,2
Three_full (476).jpg,5
Three_full (477).jpg,5
Three_full (478).jpg,5
Three_full (481).jpg,5
Three_full (482).jpg,5
Three_full (483).jpg,5
Three_full (484).jpg,1
Three_full (486).jpg,2
Three_full (487).jpg,3
Three_full (488).jpg,3
Three_full (489).jpg,5
Three_full (495).jpg,5
Three_full (496).jpg,1
Three_full (497).jpg,5
Three_full (500).jpg,5
Three_full (501).jpg,5
Three_full (502).jpg,3
Three_full (503).jpg,7
Three_full (504).jpg,3
Three_full (505).jpg,7
Three_full (506).jpg,1
Three_full (507).jpg,3
Three_full (508).jpg,1
Three_full (509).jpg,3
Three_full (511).jpg,1
Three_full (512).jpg,1
Three_full (513).jpg,5
Three_full (514).jpg,4
Three_full (515).jpg,5
Three_full (516).jpg,1
Three_full (517).jpg,3
Three_full (519).jpg,1
Three_full (52).jpg,5
Three_full (520).jpg,3
Three_full (521).jpg,3
Three_full (522).jpg,1
Three_full (525).jpg,6
Three_full (526).jpg,1
Three_full (527).jpg,5
Three_full (528).jpg,3
Three_full (529).jpg,3
Three_full (530).jpg,6
Three_full (531).jpg,6
Three_full (532).jpg,1
Three_full (534).jpg,5
Three_full (535).jpg,6
Three_full (536).jpg,5
Three_full (537).jpg,6
Three_full (538).jpg,5
Three_full (539).jpg,5
Three_full (54).jpg,3
Three_full (540).jpg,5
Three_full (541).jpg,6
Three_full (542).jpg,6
Three_full (544).jpg,6
Three_full (546).jpg,5
Three_full (547).jpg,5
Three_full (549).jpg,1
Three_full (550).jpg,1
Three_full (551).jpg,1
Three_full (552).jpg,6
Three_full (553).jpg,1
Three_full (554).jpg,1
Three_full (555).jpg,6
Three_full (556).jpg,6
Three_full (557).jpg,6
Three_full (558).jpg,6
Three_full (559).jpg,1
Three_full (56).jpg,1
Three_full (560).jpg,5
Three_full (561).jpg,5
Three_full (562).jpg,3
Three_full (563).jpg,1
Three_full (564).jpg,3
Three_full (565).jpg,1
Three_full (566).jpg,3
Three_full (567).jpg,4
Three_full (568).jpg,3
Three_full (569).jpg,3
Three_full (570).jpg,3
Three_full (571).jpg,4
Three_full (572).jpg,3
Three_full (573).jpg,3
Three_full (574).jpg,3
Three_full (575).jpg,3
Three_full (576).jpg,3
Three_full (577).jpg,1
Three_full (578).jpg,1
Three_full (58).jpg,1
Three_full (580).jpg,4
Three_full (581).jpg,6
Three_full (582).jpg,1
Three_full (583).jpg,6
Three_full (584).jpg,1
Three_full (585).jpg,5
Three_full (586).jpg,6
Three_full (587).jpg,1
Three_full (589).jpg,4
Three_full (590).jpg,5
Three_full (592).jpg,1
Three_full (60).jpg,5
Three_full (600).jpg,7
Three_full (602).jpg,5
Three_full (605).jpg,7
Three_full (61).jpg,3
Three_full (610).jpg,3
Three_full (611).jpg,3
Three_full (612).jpg,3
Three_full (613).jpg,3
Three_full (614).jpg,1
Three_full (616).jpg,3
Three_full (617).jpg,3
Three_full (618).jpg,3
Three_full (619).jpg,1
Three_full (62).jpg,5
Three_full (621).jpg,3
Three_full (622).jpg,3
Three_full (623).jpg,3
Three_full (624).jpg,3
Three_full (625).jpg,3
Three_full (626).jpg,3
Three_full (627).jpg,3
Three_full (628).jpg,3
Three_full (629).jpg,3
Three_full (630).jpg,6
Three_full (631).jpg,3
Three_full (632).jpg,3
Three_full (633).jpg,3
Three_full (634).jpg,6
Three_full (636).jpg,5
Three_full (639).jpg,8
Three_full (648).jpg,3
Three_full (649).jpg,3
Three_full (65).jpg,3
Three_full (650).jpg,9
Three_full (655).jpg,3
Three_full (656).jpg,3
Three_full (657).jpg,3
Three_full (659).jpg,3
Three_full (66).jpg,3
Three_full (663).jpg,3
Three_full (664).jpg,3
Three_full (665).jpg,3
Three_full (666).jpg,3
Three_full (667).jpg,3
Three_full (668).jpg,3
Three_full (669).jpg,3
Three_full (67).jpg,5
Three_full (671).jpg,3
Three_full (672).jpg,3
Three_full (673).jpg,3
Three_full (674).jpg,3
Three_full (676).jpg,3
Three_full (677).jpg,3
Three_full (679).jpg,3
Three_full (68).jpg,3
Three_full (680).jpg,3
Three_full (681).jpg,3
Three_full (682).jpg,3
Three_full (683).jpg,3
Three_full (684).jpg,3
Three_full (686).jpg,3
Three_full (69).jpg,5
Three_full (690).jpg,1
Three_full (691).jpg,3
Three_full (695).jpg,5
Three_full (696).jpg,3
Three_full (697).jpg,3
Three_full (698).jpg,3
Three_full (699).jpg,3
Three_full (700).jpg,3
Three_full (701).jpg,6
Three_full (702).jpg,3
Three_full (703).jpg,3
Three_full (704).jpg,6
Three_full (706).jpg,3
Three_full (707).jpg,3
Three_full (708).jpg,3
Three_full (71).jpg,5
Three_full (711).jpg,3
Three_full (713).jpg,3
Three_full (714).jpg,3
Three_full (715).jpg,3
Three_full (716).jpg,3
Three_full (717).jpg,3
Three_full (718).jpg,3
Three_full (719).jpg,3
Three_full (72).jpg,5
Three_full (720).jpg,3
Three_full (721).jpg,3
Three_full (722).jpg,3
Three_full (723).jpg,3
Three_full (724).jpg,3
Three_full (725).jpg,0
Three_full (726).jpg,3
Three_full (727).jpg,3
Three_full (728).jpg,5
Three_full (729).jpg,3
Three_full (73).jpg,5
Three_full (731).jpg,3
Three_full (732).jpg,5
Three_full (733).jpg,3
Three_full (734).jpg,3
Three_full (735).jpg,5
Three_full (736).jpg,3
Three_full (737).jpg,6
Three_full (738).jpg,3
Three_full (739).jpg,5
Three_full (74).jpg,5
Three_full (740).jpg,5
Three_full (741).jpg,3
Three_full (742).jpg,3
Three_full (743).jpg,3
Three_full (745).jpg,3
Three_full (746).jpg,7
Three_full (748).jpg,7
Three_full (749).jpg,3
Three_full (75).jpg,3
Three_full (750).jpg,3
Three_full (751).jpg,3
Three_full (752).jpg,3
Three_full (753).jpg,3
Three_full (754).jpg,1
Three_full (755).jpg,5
Three_full (756).jpg,3
Three_full (757).jpg,3
Three_full (758).jpg,3
Three_full (759).jpg,3
Three_full (76).jpg,5
Three_full (760).jpg,3
Three_full (761).jpg,3
Three_full (762).jpg,3
Three_full (763).jpg,3
Three_full (764).jpg,3
Three_full (765).jpg,3
Three_full (766).jpg,3
Three_full (767).jpg,3
Three_full (768).jpg,3
Three_full (769).jpg,3
Three_full (77).jpg,5
Three_full (770).jpg,3
Three_full (771).jpg,3
Three_full (772).jpg,3
Three_full (773).jpg,3
Three_full (774).jpg,3
Three_full (775).jpg,3
Three_full (776).jpg,3
Three_full (777).jpg,3
Three_full (778).jpg,4
Three_full (779).jpg,6
Three_full (78).jpg,5
Three_full (780).jpg,1
Three_full (781).jpg,5
Three_full (782).jpg,5
Three_full (783).jpg,3
Three_full (784).jpg,5
Three_full (785).jpg,5
Three_full (786).jpg,3
Three_full (787).jpg,3
Three_full (788).jpg,3
Three_full (789).jpg,3
Three_full (79).jpg,2
Three_full (790).jpg,3
Three_full (791).jpg,4
Three_full (792).jpg,3
Three_full (793).jpg,4
Three_full (794).jpg,1
Three_full (795).jpg,1
Three_full (796).jpg,5
Three_full (797).jpg,1
Three_full (798).jpg,1
Three_full (799).jpg,5
Three_full (80).jpg,1
Three_full (800).jpg,1
Three_full (801).jpg,2
Three_full (802).jpg,3
Three_full (803).jpg,3
Three_full (806).jpg,3
Three_full (807).jpg,3
Three_full (81).jpg,1
Three_full (810).jpg,5
Three_full (814).jpg,1
Three_full (82).jpg,1
Three_full (825).jpg,3
Three_full (827).jpg,3
Three_full (83).jpg,6
Three_full (831).jpg,3
Three_full (832).jpg,1
Three_full (833).jpg,5
Three_full (836).jpg,3
Three_full (839).jpg,5
Three_full (84).jpg,1
Three_full (840).jpg,3
Three_full (841).jpg,7
Three_full (843).jpg,3
Three_full (844).jpg,3
Three_full (845).jpg,3
Three_full (848).jpg,3
Three_full (85).jpg,1
Three_full (854).jpg,5
Three_full (855).jpg,3
Three_full (856).jpg,3
Three_full (857).jpg,3
Three_full (858).jpg,3
Three_full (859).jpg,3
Three_full (86).jpg,6
Three_full (860).jpg,1
Three_full (861).jpg,3
Three_full (862).jpg,3
Three_full (863).jpg,6
Three_full (864).jpg,5
Three_full (866).jpg,6
Three_full (867).jpg,3
Three_full (868).jpg,5
Three_full (87).jpg,1
Three_full (870).jpg,3
Three_full (872).jpg,3
Three_full (873).jpg,3
Three_full (875).jpg,3
Three_full (876).jpg,3
Three_full (877).jpg,3
Three_full (88).jpg,6
Three_full (880).jpg,3
Three_full (882).jpg,4
Three_full (883).jpg,4
Three_full (884).jpg,7
Three_full (885).jpg,7
Three_full (886).jpg,3
Three_full (887).jpg,3
Three_full (889).jpg,3
Three_full (89).jpg,6
Three_full (899).jpg,3
Three_full (90).jpg,3
Three_full (900).jpg,3
Three_full (901).jpg,2
Three_full (902).jpg,5
Three_full (903).jpg,3
Three_full (904).jpg,3
Three_full (908).jpg,5
Three_full (909).jpg,5
Three_full (91).jpg,3
Three_full (910).jpg,3
Three_full (911).jpg,3
Three_full (912).jpg,5
Three_full (914).jpg,3
Three_full (915).jpg,3
Three_full (916).jpg,3
Three_full (918).jpg,3
Three_full (919).jpg,3
Three_full (92).jpg,3
Three_full (920).jpg,3
Three_full (921).jpg,3
Three_full (922).jpg,5
Three_full (923).jpg,5
Three_full (924).jpg,3
Three_full (925).jpg,3
Three_full (926).jpg,3
Three_full (927).jpg,5
Three_full (928).jpg,5
Three_full (929).jpg,3
Three_full (93).jpg,3
Three_full (930).jpg,3
Three_full (932).jpg,3
Three_full (933).jpg,3
Three_full (934).jpg,3
Three_full (936).jpg,3
Three_full (938).jpg,6
Three_full (94).jpg,3
Three_full (940).jpg,3
Three_full (941).jpg,3
Three_full (942).jpg,5
Three_full (943).jpg,1
Three_full (944).jpg,3
Three_full (945).jpg,3
Three_full (946).jpg,3
Three_full (947).jpg,3
Three_full (949).jpg,3
Three_full (95).jpg,3
Three_full (950).jpg,3
Three_full (951).jpg,3
Three_full (952).jpg,3
Three_full (953).jpg,3
Three_full (954).jpg,3
Three_full (955).jpg,3
Three_full (956).jpg,3
Three_full (957).jpg,5
Three_full (958).jpg,1
Three_full (959).jpg,3
Three_full (96).jpg,3
Three_full (961).jpg,3
Three_full (962).jpg,3
Three_full (963).jpg,3
Three_full (964).jpg,3
Three_full (965).jpg,3
Three_full (966).jpg,3
Three_full (967).jpg,5
Three_full (969).jpg,5
Three_full (97).jpg,3
Three_full (970).jpg,3
Three_full (971).jpg,3
Three_full (972).jpg,5
Three_full (973).jpg,1
Three_full (974).jpg,3
Three_full (975).jpg,3
Three_full (977).jpg,3
Three_full (978).jpg,3
Three_full (979).jpg,3
Three_full (98).jpg,3
Three_full (983).jpg,3
Three_full (984).jpg,3
Three_full (986).jpg,7
Three_full (987).jpg,3
Three_full (99).jpg,3
Three_full (990).jpg,1
Three_full (991).jpg,1
Three_full (992).jpg,5
Three_full (993).jpg,1
Three_full (994).jpg,1
Three_full (995).jpg,1
Three_full (997).jpg,5
Three_full (998).jpg,5
Three_full (999).jpg,1
Four_full (1001).jpg,5
Four_full (1002).jpg,4
Four_full (1005).jpg,4
Four_full (1006).jpg,4
Four_full (1007).jpg,4
Four_full (1009).jpg,5
Four_full (1010).jpg,4
Four_full (1013).jpg,4
Four_full (1014).jpg,4
Four_full (1015).jpg,4
Four_full (1016).jpg,4
Four_full (1017).jpg,4
Four_full (1032).jpg,4
Four_full (1034).jpg,4
Four_full (1036).jpg,4
Four_full (1037).jpg,4
Four_full (1038).jpg,4
Four_full (1050).jpg,4
Four_full (1052).jpg,4
Four_full (1053).jpg,4
Four_full (1054).jpg,1
Four_full (1055).jpg,4
Four_full (1056).jpg,1
Four_full (1057).jpg,4
Four_full (1058).jpg,6
Four_full (1060).jpg,4
Four_full (1061).jpg,4
Four_full (1064).jpg,4
Four_full (1079).jpg,2
Four_full (1080).jpg,4
Four_full (1082).jpg,6
Four_full (1083).jpg,4
Four_full (1084).jpg,4
Four_full (1085).jpg,9
Four_full (1098).jpg,4
Four_full (1104).jpg,4
Four_full (1113).jpg,4
Four_full (112).jpg,4
Four_full (113).jpg,5
Four_full (1134).jpg,5
Four_full (1138).jpg,2
Four_full (1142).jpg,4
Four_full (1143).jpg,5
Four_full (1145).jpg,4
Four_full (1146).jpg,4
Four_full (1148).jpg,4
Four_full (1149).jpg,2
Four_full (115).jpg,4
Four_full (1150).jpg,1
Four_full (1151).jpg,6
Four_full (1153).jpg,2
Four_full (1155).jpg,2
Four_full (1156).jpg,2
Four_full (1157).jpg,4
Four_full (1158).jpg,4
Four_full (1163).jpg,4
Four_full (1167).jpg,3
Four_full (12).jpg,4
Four_full (1200).jpg,5
Four_full (1201).jpg,5
Four_full (1213).jpg,6
Four_full (1243).jpg,5
Four_full (1249).jpg,5
Four_full (1251).jpg,4
Four_full (1264).jpg,6
Four_full (1268).jpg,6
Four_full (1286).jpg,4
Four_full (1287).jpg,4
Four_full (1294).jpg,4
Four_full (1296).jpg,4
Four_full (1298).jpg,4
Four_full (1299).jpg,4
Four_full (1301).jpg,4
Four_full (1305).jpg,4
Four_full (1307).jpg,4
Four_full (1308).jpg,2
Four_full (1309).jpg,4
Four_full (1310).jpg,4
Four_full (1321).jpg,9
Four_full (1326).jpg,9
Four_full (1327).jpg,4
Four_full (1344).jpg,7
Four_full (1353).jpg,1
Four_full (1357).jpg,4
Four_full (1358).jpg,4
Four_full (1363).jpg,4
Four_full (1364).jpg,4
Four_full (1365).jpg,4
Four_full (1367).jpg,5
Four_full (1368).jpg,2
Four_full (1410).jpg,4
Four_full (1413).jpg,4
Four_full (142).jpg,1
Four_full (1432).jpg,4
Four_full (1443).jpg,2
Four_full (1481).jpg,5
Four_full (1487).jpg,5
Four_full (1488).jpg,5
Four_full (1494).jpg,4
Four_full (1496).jpg,5
Four_full (1497).jpg,7
Four_full (1499).jpg,4
Four_full (1502).jpg,5
Four_full (1505).jpg,4
Four_full (1511).jpg,5
Four_full (1518).jpg,4
Four_full (1540).jpg,4
Four_full (1547).jpg,4
Four_full (1552).jpg,4
Four_full (1568).jpg,9
Four_full (1571).jpg,5
Four_full (1577).jpg,5
Four_full (1578).jpg,5
Four_full (1580).jpg,4
Four_full (1581).jpg,4
Four_full (1582).jpg,4
Four_full (1583).jpg,9
Four_full (1584).jpg,4
Four_full (1586).jpg,6
Four_full (1588).jpg,4
Four_full (1589).jpg,4
Four_full (1591).jpg,4
Four_full (1592).jpg,5
Four_full (1595).jpg,4
Four_full (1600).jpg,4
Four_full (1611).jpg,9
Four_full (1614).jpg,4
Four_full (1617).jpg,7
Four_full (1618).jpg,4
Four_full (1619).jpg,4
Four_full (1621).jpg,4
Four_full (1622).jpg,4
Four_full (1629).jpg,4
Four_full (1630).jpg,4
Four_full (1631).jpg,6
Four_full (1632).jpg,4
Four_full (1633).jpg,2
Four_full (1634).jpg,4
Four_full (1637).jpg,4
Four_full (1638).jpg,4
Four_full (1639).jpg,4
Four_full (1640).jpg,4
Four_full (1677).jpg,4
Four_full (1687).jpg,4
Four_full (1688).jpg,4
Four_full (1689).jpg,4
Four_full (1690).jpg,4
Four_full (1691).jpg,6
Four_full (1693).jpg,4
Four_full (1695).jpg,4
Four_full (1696).jpg,4
Four_full (1697).jpg,5
Four_full (1698).jpg,4
Four_full (1699).jpg,4
Four_full (1700).jpg,4
Four_full (1725).jpg,6
Four_full (1732).jpg,4
Four_full (174).jpg,4
Four_full (1740).jpg,4
Four_full (1742).jpg,5
Four_full (1747).jpg,4
Four_full (1748).jpg,4
Four_full (1749).jpg,4
Four_full (1750).jpg,9
Four_full (1751).jpg,6
Four_full (1752).jpg,4
Four_full (1753).jpg,6
Four_full (1754).jpg,4
Four_full (1772).jpg,5
Four_full (1776).jpg,4
Four_full (1777).jpg,4
Four_full (1784).jpg,4
Four_full (1785).jpg,4
Four_full (1786).jpg,5
Four_full (1787).jpg,4
Four_full (1788).jpg,4
Four_full (1794).jpg,9
Four_full (1795).jpg,5
Four_full (1796).jpg,8
Four_full (1799).jpg,5
Four_full (180).jpg,6
Four_full (1800).jpg,4
Four_full (1821).jpg,4
Four_full (1829).jpg,2
Four_full (1831).jpg,5
Four_full (1832).jpg,5
Four_full (1849).jpg,4
Four_full (1858).jpg,4
Four_full (1861).jpg,2
Four_full (1863).jpg,4
Four_full (1866).jpg,4
Four_full (1867).jpg,4
Four_full (1868).jpg,4
Four_full (1870).jpg,4
Four_full (1876).jpg,4
Four_full (1897).jpg,4
Four_full (1899).jpg,4
Four_full (190).jpg,7
Four_full (1902).jpg,1
Four_full (1904).jpg,6
Four_full (1906).jpg,1
Four_full (1907).jpg,5
Four_full (191).jpg,4
Four_full (192).jpg,5
Four_full (193).jpg,4
Four_full (1955).jpg,4
Four_full (1956).jpg,9
Four_full (1962).jpg,6
Four_full (1964).jpg,2
Four_full (1965).jpg,4
Four_full (1979).jpg,6
Four_full (1985).jpg,4
Four_full (1987).jpg,4
Four_full (1989).jpg,4
Four_full (1994).jpg,0
Four_full (1996).jpg,5
Four_full (1997).jpg,5
Four_full (1998).jpg,4
Four_full (1999).jpg,4
Four_full (2).jpg,4
Four_full (2000).jpg,4
Four_full (2001).jpg,4
Four_full (2020).jpg,6
Four_full (2046).jpg,9
Four_full (2048).jpg,9
Four_full (2056).jpg,4
Four_full (2057).jpg,5
Four_full (2060).jpg,4
Four_full (2062).jpg,9
Four_full (2065).jpg,4
Four_full (2069).jpg,6
Four_full (2072).jpg,5
Four_full (2073).jpg,4
Four_full (2080).jpg,5
Four_full (2083).jpg,4
Four_full (2087).jpg,5
Four_full (2098).jpg,4
Four_full (2100).jpg,4
Four_full (2105).jpg,4
Four_full (2107).jpg,4
Four_full (2112).jpg,2
Four_full (2114).jpg,4
Four_full (2116).jpg,4
Four_full (2117).jpg,2
Four_full (2118).jpg,4
Four_full (2140).jpg,6
Four_full (2146).jpg,5
Four_full (2163).jpg,4
Four_full (2166).jpg,4
Four_full (2174).jpg,6
Four_full (227).jpg,6
Four_full (232).jpg,4
Four_full (241).jpg,9
Four_full (248).jpg,9
Four_full (258).jpg,4
Four_full (261).jpg,1
Four_full (262).jpg,5
Four_full (28).jpg,4
Four_full (29).jpg,6
Four_full (293).jpg,4
Four_full (3).jpg,4
Four_full (310).jpg,4
Four_full (311).jpg,4
Four_full (313).jpg,4
Four_full (314).jpg,4
Four_full (315).jpg,5
Four_full (316).jpg,4
Four_full (317).jpg,4
Four_full (318).jpg,4
Four_full (321).jpg,4
Four_full (33).jpg,4
Four_full (34).jpg,4
Four_full (340).jpg,4
Four_full (342).jpg,8
Four_full (346).jpg,8
Four_full (348).jpg,4
Four_full (352).jpg,5
Four_full (359).jpg,4
Four_full (36).jpg,5
Four_full (363).jpg,4
Four_full (37).jpg,4
Four_full (372).jpg,4
Four_full (375).jpg,4
Four_full (379).jpg,2
Four_full (38).jpg,5
Four_full (381).jpg,5
Four_full (4).jpg,4
Four_full (41).jpg,4
Four_full (44).jpg,6
Four_full (466).jpg,4
Four_full (488).jpg,4
Four_full (513).jpg,4
Four_full (514).jpg,9
Four_full (515).jpg,9
Four_full (518).jpg,4
Four_full (519).jpg,3
Four_full (521).jpg,5
Four_full (522).jpg,4
Four_full (523).jpg,5
Four_full (525).jpg,5
Four_full (529).jpg,4
Four_full (545).jpg,5
Four_full (551).jpg,6
Four_full (553).jpg,4
Four_full (558).jpg,6
Four_full (562).jpg,6
Four_full (57).jpg,4
Four_full (575).jpg,5
Four_full (58).jpg,4
Four_full (59).jpg,4
Four_full (595).jpg,4
Four_full (6).jpg,5
Four_full (601).jpg,4
Four_full (606).jpg,1
Four_full (61).jpg,5
Four_full (63).jpg,9
Four_full (64).jpg,4
Four_full (657).jpg,4
Four_full (666).jpg,4
Four_full (668).jpg,1
Four_full (67).jpg,4
Four_full (671).jpg,4
Four_full (672).jpg,4
Four_full (674).jpg,1
Four_full (675).jpg,5
Four_full (677).jpg,4
Four_full (704).jpg,4
Four_full (719).jpg,4
Four_full (733).jpg,4
Four_full (735).jpg,9
Four_full (738).jpg,4
Four_full (743).jpg,2
Four_full (749).jpg,5
Four_full (750).jpg,5
Four_full (752).jpg,4
Four_full (753).jpg,4
Four_full (755).jpg,4
Four_full (756).jpg,4
Four_full (757).jpg,4
Four_full (758).jpg,4
Four_full (761).jpg,4
Four_full (762).jpg,7
Four_full (764).jpg,4
Four_full (765).jpg,6
Four_full (766).jpg,3
Four_full (771).jpg,4
Four_full (773).jpg,4
Four_full (776).jpg,4
Four_full (8).jpg,9
Four_full (800).jpg,4
Four_full (801).jpg,4
Four_full (802).jpg,4
Four_full (803).jpg,4
Four_full (805).jpg,4
Four_full (806).jpg,4
Four_full (810).jpg,4
Four_full (811).jpg,4
Four_full (812).jpg,4
Four_full (815).jpg,4
Four_full (827).jpg,2
Four_full (83).jpg,4
Four_full (837).jpg,1
Four_full (84).jpg,6
Four_full (840).jpg,5
Four_full (846).jpg,1
Four_full (848).jpg,5
Four_full (857).jpg,4
Four_full (871).jpg,4
Four_full (875).jpg,9
Four_full (878).jpg,4
Four_full (879).jpg,9
Four_full (88).jpg,4
Four_full (881).jpg,5
Four_full (884).jpg,5
Four_full (885).jpg,9
Four_full (889).jpg,7
Four_full (89).jpg,4
Four_full (890).jpg,9
Four_full (893).jpg,4
Four_full (896).jpg,5
Four_full (897).jpg,5
Four_full (898).jpg,9
Four_full (899).jpg,9
Four_full (9).jpg,4
Four_full (902).jpg,4
Four_full (906).jpg,4
Four_full (91).jpg,5
Four_full (911).jpg,4
Four_full (92).jpg,4
Four_full (93).jpg,5
Four_full (953).jpg,4
Four_full (959).jpg,9
Four_full (96).jpg,4
Four_full (960).jpg,4
Four_full (961).jpg,9
Four_full (962).jpg,4
Four_full (963).jpg,4
Four_full (964).jpg,4
Four_full (968).jpg,4
Four_full (969).jpg,4
Four_full (970).jpg,5
Four_full (971).jpg,5
Four_full (973).jpg,5
Four_full (975).jpg,4
Four_full (977).jpg,4
Four_full (979).jpg,6
Four_full (980).jpg,4
Four_full (985).jpg,2
Four_full (986).jpg,4
Four_full (988).jpg,4
Four_full (99).jpg,6
Four_full (992).jpg,4
Four_full (993).jpg,9
Four_full (994).jpg,4
Four_full (997).jpg,4
Five_full (1).jpg,5
Five_full (1003).jpg,1
Five_full (1005).jpg,5
Five_full (1006).jpg,5
Five_full (1007).jpg,5
Five_full (1008).jpg,5
Five_full (1010).jpg,5
Five_full (1011).jpg,5
Five_full (1012).jpg,5
Five_full (1013).jpg,5
Five_full (1014).jpg,5
Five_full (1015).jpg,4
Five_full (1016).jpg,5
Five_full (1017).jpg,6
Five_full (1018).jpg,5
Five_full (1019).jpg,5
Five_full (1020).jpg,5
Five_full (1021).jpg,5
Five_full (1022).jpg,5
Five_full (1023).jpg,5
Five_full (1024).jpg,5
Five_full (1026).jpg,5
Five_full (1027).jpg,3
Five_full (1028).jpg,5
Five_full (1029).jpg,5
Five_full (1030).jpg,5
Five_full (1031).jpg,5
Five_full (1032).jpg,5
Five_full (1036).jpg,2
Five_full (1039).jpg,5
Five_full (1040).jpg,5
Five_full (1041).jpg,4
Five_full (1042).jpg,5
Five_full (1044).jpg,5
Five_full (1045).jpg,6
Five_full (1046).jpg,5
Five_full (1047).jpg,5
Five_full (1048).jpg,5
Five_full (1049).jpg,5
Five_full (1051).jpg,5
Five_full (1052).jpg,3
Five_full (1053).jpg,5
Five_full (1056).jpg,5
Five_full (1064).jpg,5
Five_full (1065).jpg,5
Five_full (1066).jpg,5
Five_full (1067).jpg,5
Five_full (1068).jpg,5
Five_full (1069).jpg,6
Five_full (1070).jpg,5
Five_full (1071).jpg,6
Five_full (1072).jpg,5
Five_full (1073).jpg,5
Five_full (1074).jpg,5
Five_full (1075).jpg,5
Five_full (1076).jpg,5
Five_full (1077).jpg,5
Five_full (1078).jpg,5
Five_full (1082).jpg,6
Five_full (1085).jpg,5
Five_full (1087).jpg,5
Five_full (1108).jpg,5
Five_full (111).jpg,5
Five_full (1115).jpg,5
Five_full (1119).jpg,5
Five_full (1120).jpg,5
Five_full (1121).jpg,6
Five_full (1124).jpg,5
Five_full (1126).jpg,5
Five_full (1127).jpg,5
Five_full (1129).jpg,5
Five_full (1138).jpg,5
Five_full (1139).jpg,5
Five_full (1140).jpg,5
Five_full (1142).jpg,5
Five_full (1143).jpg,5
Five_full (1146).jpg,5
Five_full (1147).jpg,5
Five_full (1148).jpg,5
Five_full (1149).jpg,5
Five_full (1153).jpg,5
Five_full (1154).jpg,6
Five_full (1155).jpg,5
Five_full (1156).jpg,5
Five_full (1157).jpg,5
Five_full (1158).jpg,5
Five_full (1159).jpg,5
Five_full (1160).jpg,5
Five_full (1161).jpg,5
Five_full (1162).jpg,5
Five_full (1163).jpg,5
Five_full (1164).jpg,5
Five_full (1165).jpg,5
Five_full (1166).jpg,5
Five_full (1167).jpg,5
Five_full (1169).jpg,3
Five_full (1170).jpg,5
Five_full (1171).jpg,5
Five_full (1172).jpg,5
Five_full (1173).jpg,5
Five_full (118).jpg,6
Five_full (1180).jpg,5
Five_full (1181).jpg,5
Five_full (1182).jpg,5
Five_full (1183).jpg,5
Five_full (1185).jpg,5
Five_full (1187).jpg,3
Five_full (12).jpg,5
Five_full (1203).jpg,5
Five_full (1206).jpg,5
Five_full (1208).jpg,5
Five_full (1213).jpg,5
Five_full (1215).jpg,5
Five_full (1217).jpg,5
Five_full (1219).jpg,5
Five_full (1220).jpg,5
Five_full (1223).jpg,5
Five_full (1225).jpg,5
Five_full (1226).jpg,5
Five_full (1228).jpg,5
Five_full (1229).jpg,5
Five_full (1230).jpg,5
Five_full (1232).jpg,5
Five_full (1233).jpg,5
Five_full (1234).jpg,5
Five_full (1236).jpg,5
Five_full (1238).jpg,5
Five_full (1241).jpg,5
Five_full (1243).jpg,5
Five_full (1244).jpg,5
Five_full (1245).jpg,5
Five_full (1247).jpg,5
Five_full (1248).jpg,5
Five_full (125).jpg,6
Five_full (1250).jpg,5
Five_full (1251).jpg,5
Five_full (1253).jpg,5
Five_full (1254).jpg,5
Five_full (1258).jpg,5
Five_full (1259).jpg,5
Five_full (1260).jpg,5
Five_full (1261).jpg,5
Five_full (1262).jpg,5
Five_full (1264).jpg,5
Five_full (1265).jpg,5
Five_full (1267).jpg,5
Five_full (1269).jpg,5
Five_full (1270).jpg,6
Five_full (1271).jpg,1
Five_full (1272).jpg,4
Five_full (1273).jpg,5
Five_full (1274).jpg,5
Five_full (1275).jpg,5
Five_full (1276).jpg,5
Five_full (1277).jpg,5
Five_full (1278).jpg,5
Five_full (1279).jpg,5
Five_full (128).jpg,5
Five_full (1280).jpg,5
Five_full (1281).jpg,5
Five_full (1282).jpg,5
Five_full (1283).jpg,5
Five_full (1285).jpg,5
Five_full (1286).jpg,5
Five_full (1287).jpg,5
Five_full (1288).jpg,5
Five_full (1290).jpg,5
Five_full (1298).jpg,5
Five_full (130).jpg,6
Five_full (1304).jpg,5
Five_full (1305).jpg,5
Five_full (1306).jpg,5
Five_full (1307).jpg,5
Five_full (1308).jpg,4
Five_full (1309).jpg,5
Five_full (131).jpg,5
Five_full (1310).jpg,5
Five_full (1311).jpg,5
Five_full (1312).jpg,5
Five_full (1315).jpg,5
Five_full (1316).jpg,5
Five_full (1317).jpg,5
Five_full (1318).jpg,5
Five_full (1320).jpg,5
Five_full (1321).jpg,5
Five_full (1322).jpg,5
Five_full (1324).jpg,5
Five_full (1325).jpg,5
Five_full (1326).jpg,5
Five_full (1327).jpg,5
Five_full (1328).jpg,5
Five_full (1329).jpg,5
Five_full (133).jpg,5
Five_full (1330).jpg,5
Five_full (1332).jpg,5
Five_full (1338).jpg,5
Five_full (1339).jpg,5
Five_full (1342).jpg,5
Five_full (1344).jpg,5
Five_full (1346).jpg,5
Five_full (1347).jpg,5
Five_full (1348).jpg,5
Five_full (1350).jpg,6
Five_full (137).jpg,5
Five_full (1374).jpg,5
Five_full (1378).jpg,5
Five_full (1379).jpg,5
Five_full (1380).jpg,5
Five_full (1382).jpg,5
Five_full (1385).jpg,5
Five_full (1407).jpg,5
Five_full (1408).jpg,5
Five_full (1415).jpg,5
Five_full (1416).jpg,5
Five_full (1419).jpg,5
Five_full (1427).jpg,5
Five_full (143).jpg,6
Five_full (1435).jpg,5
Five_full (1437).jpg,5
Five_full (1439).jpg,5
Five_full (1440).jpg,0
Five_full (1441).jpg,2
Five_full (1442).jpg,5
Five_full (1444).jpg,5
Five_full (1446).jpg,8
Five_full (1447).jpg,8
Five_full (1448).jpg,2
Five_full (1452).jpg,5
Five_full (1453).jpg,5
Five_full (1454).jpg,5
Five_full (1456).jpg,5
Five_full (1457).jpg,5
Five_full (1458).jpg,5
Five_full (1459).jpg,5
Five_full (1460).jpg,5
Five_full (1461).jpg,5
Five_full (1462).jpg,5
Five_full (1463).jpg,5
Five_full (1464).jpg,5
Five_full (1465).jpg,5
Five_full (1466).jpg,5
Five_full (1473).jpg,5
Five_full (1476).jpg,5
Five_full (148).jpg,5
Five_full (1496).jpg,5
Five_full (1497).jpg,5
Five_full (1498).jpg,5
Five_full (1499).jpg,5
Five_full (150).jpg,5
Five_full (1500).jpg,5
Five_full (1501).jpg,5
Five_full (1502).jpg,5
Five_full (1503).jpg,5
Five_full (1504).jpg,5
Five_full (1505).jpg,2
Five_full (1508).jpg,5
Five_full (1509).jpg,5
Five_full (151).jpg,2
Five_full (1510).jpg,5
Five_full (1511).jpg,5
Five_full (1512).jpg,5
Five_full (1513).jpg,5
Five_full (1514).jpg,5
Five_full (1516).jpg,5
Five_full (1517).jpg,5
Five_full (1518).jpg,5
Five_full (152).jpg,5
Five_full (1520).jpg,1
Five_full (1521).jpg,1
Five_full (1522).jpg,5
Five_full (1523).jpg,5
Five_full (1524).jpg,5
Five_full (1525).jpg,5
Five_full (1526).jpg,5
Five_full (1527).jpg,5
Five_full (1528).jpg,5
Five_full (1530).jpg,5
Five_full (1533).jpg,5
Five_full (1534).jpg,5
Five_full (1535).jpg,1
Five_full (1539).jpg,5
Five_full (1541).jpg,5
Five_full (155).jpg,1
Five_full (1558).jpg,5
Five_full (1560).jpg,5
Five_full (1566).jpg,8
Five_full (1568).jpg,2
Five_full (1569).jpg,5
Five_full (1572).jpg,6
Five_full (1573).jpg,5
Five_full (1574).jpg,5
Five_full (1575).jpg,5
Five_full (1576).jpg,5
Five_full (1577).jpg,4
Five_full (1578).jpg,5
Five_full (1579).jpg,2
Five_full (1580).jpg,5
Five_full (1581).jpg,1
Five_full (1582).jpg,5
Five_full (1583).jpg,5
Five_full (1584).jpg,5
Five_full (1585).jpg,5
Five_full (1586).jpg,5
Five_full (16).jpg,5
Five_full (1602).jpg,5
Five_full (1603).jpg,5
Five_full (1606).jpg,5
Five_full (1607).jpg,4
Five_full (1608).jpg,5
Five_full (1609).jpg,6
Five_full (1611).jpg,1
Five_full (1612).jpg,5
Five_full (1613).jpg,5
Five_full (1614).jpg,5
Five_full (1618).jpg,5
Five_full (1619).jpg,5
Five_full (1620).jpg,6
Five_full (1622).jpg,2
Five_full (1626).jpg,1
Five_full (1627).jpg,5
Five_full (1629).jpg,5
Five_full (163).jpg,6
Five_full (1632).jpg,6
Five_full (1633).jpg,5
Five_full (1634).jpg,5
Five_full (1635).jpg,5
Five_full (1636).jpg,5
Five_full (1637).jpg,5
Five_full (1638).jpg,5
Five_full (1639).jpg,6
Five_full (1640).jpg,5
Five_full (1641).jpg,1
Five_full (1642).jpg,5
Five_full (1645).jpg,5
Five_full (1646).jpg,5
Five_full (1647).jpg,5
Five_full (1648).jpg,5
Five_full (1649).jpg,5
Five_full (1651).jpg,5
Five_full (1652).jpg,5
Five_full (1653).jpg,5
Five_full (1655).jpg,1
Five_full (1657).jpg,5
Five_full (1658).jpg,5
Five_full (1659).jpg,5
Five_full (1661).jpg,5
Five_full (1662).jpg,5
Five_full (1663).jpg,5
Five_full (1664).jpg,5
Five_full (1665).jpg,5
Five_full (1666).jpg,5
Five_full (1667).jpg,6
Five_full (1668).jpg,5
Five_full (1669).jpg,4
Five_full (1670).jpg,5
Five_full (1671).jpg,1
Five_full (1672).jpg,5
Five_full (1673).jpg,5
Five_full (1674).jpg,5
Five_full (1675).jpg,5
Five_full (1676).jpg,5
Five_full (1677).jpg,5
Five_full (1678).jpg,5
Five_full (1679).jpg,5
Five_full (1680).jpg,5
Five_full (1681).jpg,5
Five_full (1682).jpg,4
Five_full (1684).jpg,4
Five_full (1686).jpg,1
Five_full (1687).jpg,5
Five_full (1688).jpg,5
Five_full (1689).jpg,5
Five_full (1690).jpg,5
Five_full (1691).jpg,5
Five_full (1694).jpg,5
Five_full (1697).jpg,6
Five_full (17).jpg,5
Five_full (1701).jpg,5
Five_full (1702).jpg,5
Five_full (1703).jpg,5
Five_full (1722).jpg,5
Five_full (1723).jpg,5
Five_full (1724).jpg,5
Five_full (1725).jpg,5
Five_full (1727).jpg,6
Five_full (1728).jpg,5
Five_full (1729).jpg,2
Five_full (173).jpg,5
Five_full (1730).jpg,5
Five_full (1733).jpg,5
Five_full (1734).jpg,5
Five_full (1735).jpg,5
Five_full (1736).jpg,5
Five_full (1737).jpg,7
Five_full (174).jpg,5
Five_full (1744).jpg,5
Five_full (1748).jpg,5
Five_full (175).jpg,5
Five_full (1753).jpg,5
Five_full (1754).jpg,5
Five_full (1757).jpg,5
Five_full (1759).jpg,5
Five_full (176).jpg,5
Five_full (1760).jpg,5
Five_full (1762).jpg,6
Five_full (1763).jpg,5
Five_full (1766).jpg,5
Five_full (1768).jpg,6
Five_full (177).jpg,5
Five_full (1774).jpg,6
Five_full (1777).jpg,5
Five_full (1778).jpg,2
Five_full (1779).jpg,5
Five_full (178).jpg,5
Five_full (179).jpg,5
Five_full (1790).jpg,0
Five_full (180).jpg,5
Five_full (1803).jpg,5
Five_full (181).jpg,5
Five_full (1810).jpg,5
Five_full (1812).jpg,5
Five_full (1813).jpg,5
Five_full (1814).jpg,6
Five_full (1816).jpg,2
Five_full (1818).jpg,2
Five_full (1819).jpg,2
Five_full (182).jpg,1
Five_full (1820).jpg,5
Five_full (1822).jpg,5
Five_full (1823).jpg,5
Five_full (1825).jpg,5
Five_full (1826).jpg,5
Five_full (1827).jpg,2
Five_full (183).jpg,5
Five_full (1830).jpg,5
Five_full (1831).jpg,5
Five_full (1832).jpg,5
Five_full (1833).jpg,5
Five_full (1834).jpg,2
Five_full (1835).jpg,2
Five_full (1836).jpg,2
Five_full (1837).jpg,5
Five_full (1839).jpg,5
Five_full (184).jpg,5
Five_full (1840).jpg,5
Five_full (1843).jpg,5
Five_full (1844).jpg,5
Five_full (1845).jpg,5
Five_full (1846).jpg,5
Five_full (1848).jpg,5
Five_full (1849).jpg,5
Five_full (185).jpg,5
Five_full (1850).jpg,1
Five_full (1852).jpg,5
Five_full (1853).jpg,5
Five_full (1854).jpg,5
Five_full (1855).jpg,5
Five_full (1856).jpg,5
Five_full (1857).jpg,5
Five_full (186).jpg,5
Five_full (187).jpg,5
Five_full (1872).jpg,5
Five_full (1873).jpg,5
Five_full (1874).jpg,5
Five_full (1875).jpg,5
Five_full (1876).jpg,5
Five_full (1880).jpg,5
Five_full (1888).jpg,5
Five_full (1889).jpg,5
Five_full (1894).jpg,5
Five_full (1899).jpg,2
Five_full (19).jpg,5
Five_full (1900).jpg,5
Five_full (1901).jpg,2
Five_full (1932).jpg,5
Five_full (1934).jpg,2
Five_full (1935).jpg,6
Five_full (1937).jpg,5
Five_full (1938).jpg,8
Five_full (1943).jpg,5
Five_full (1945).jpg,5
Five_full (1946).jpg,5
Five_full (1947).jpg,2
Five_full (1948).jpg,5
Five_full (1950).jpg,5
Five_full (1951).jpg,6
Five_full (1954).jpg,5
Five_full (1955).jpg,5
Five_full (1956).jpg,5
Five_full (1958).jpg,5
Five_full (1959).jpg,6
Five_full (1960).jpg,5
Five_full (1961).jpg,5
Five_full (1966).jpg,5
Five_full (197).jpg,5
Five_full (1978).jpg,5
Five_full (1980).jpg,5
Five_full (1992).jpg,5
Five_full (1993).jpg,5
Five_full (1995).jpg,5
Five_full (2).jpg,5
Five_full (20).jpg,5
Five_full (2000).jpg,5
Five_full (2002).jpg,5
Five_full (2003).jpg,5
Five_full (2004).jpg,5
Five_full (2019).jpg,5
Five_full (2037).jpg,5
Five_full (2038).jpg,5
Five_full (2040).jpg,5
Five_full (2041).jpg,5
Five_full (2042).jpg,5
Five_full (2044).jpg,5
Five_full (2046).jpg,5
Five_full (2047).jpg,5
Five_full (2049).jpg,5
Five_full (2052).jpg,5
Five_full (2053).jpg,5
Five_full (2054).jpg,4
Five_full (2055).jpg,5
Five_full (2056).jpg,5
Five_full (2057).jpg,6
Five_full (2058).jpg,5
Five_full (2059).jpg,6
Five_full (2060).jpg,5
Five_full (2061).jpg,1
Five_full (2062).jpg,5
Five_full (2063).jpg,5
Five_full (2064).jpg,5
Five_full (2065).jpg,5
Five_full (2066).jpg,5
Five_full (2067).jpg,5
Five_full (2068).jpg,5
Five_full (2069).jpg,5
Five_full (2070).jpg,5
Five_full (2072).jpg,5
Five_full (2073).jpg,5
Five_full (2075).jpg,5
Five_full (2077).jpg,5
Five_full (2078).jpg,5
Five_full (2079).jpg,5
Five_full (2080).jpg,5
Five_full (2081).jpg,5
Five_full (2082).jpg,5
Five_full (2083).jpg,5
Five_full (2084).jpg,5
Five_full (2085).jpg,5
Five_full (2086).jpg,5
Five_full (2087).jpg,4
Five_full (2088).jpg,5
Five_full (2089).jpg,5
Five_full (2090).jpg,5
Five_full (2091).jpg,1
Five_full (2092).jpg,5
Five_full (2093).jpg,5
Five_full (2094).jpg,5
Five_full (2095).jpg,5
Five_full (2096).jpg,5
Five_full (21).jpg,5
Five_full (2104).jpg,5
Five_full (211).jpg,5
Five_full (2112).jpg,5
Five_full (2114).jpg,4
Five_full (2117).jpg,5
Five_full (2120).jpg,5
Five_full (2123).jpg,5
Five_full (2124).jpg,5
Five_full (213).jpg,5
Five_full (215).jpg,5
Five_full (218).jpg,1
Five_full (222).jpg,5
Five_full (225).jpg,5
Five_full (229).jpg,5
Five_full (231).jpg,5
Five_full (233).jpg,5
Five_full (235).jpg,5
Five_full (236).jpg,5
Five_full (237).jpg,5
Five_full (240).jpg,5
Five_full (241).jpg,5
Five_full (242).jpg,5
Five_full (243).jpg,5
Five_full (244).jpg,5
Five_full (245).jpg,5
Five_full (246).jpg,5
Five_full (247).jpg,5
Five_full (248).jpg,5
Five_full (249).jpg,5
Five_full (25).jpg,4
Five_full (250).jpg,5
Five_full (251).jpg,5
Five_full (252).jpg,5
Five_full (253).jpg,5
Five_full (254).jpg,5
Five_full (255).jpg,5
Five_full (256).jpg,5
Five_full (257).jpg,5
Five_full (26).jpg,5
Five_full (260).jpg,5
Five_full (261).jpg,5
Five_full (265).jpg,5
Five_full (266).jpg,5
Five_full (269).jpg,5
Five_full (27).jpg,5
Five_full (270).jpg,5
Five_full (274).jpg,5
Five_full (277).jpg,5
Five_full (278).jpg,5
Five_full (28).jpg,5
Five_full (281).jpg,5
Five_full (282).jpg,5
Five_full (285).jpg,5
Five_full (286).jpg,5
Five_full (287).jpg,5
Five_full (288).jpg,2
Five_full (289).jpg,5
Five_full (29).jpg,5
Five_full (290).jpg,5
Five_full (295).jpg,5
Five_full (296).jpg,5
Five_full (297).jpg,5
Five_full (298).jpg,5
Five_full (299).jpg,5
Five_full (30).jpg,5
Five_full (300).jpg,5
Five_full (302).jpg,5
Five_full (306).jpg,5
Five_full (309).jpg,5
Five_full (31).jpg,5
Five_full (313).jpg,5
Five_full (314).jpg,5
Five_full (317).jpg,5
Five_full (330).jpg,5
Five_full (332).jpg,5
Five_full (334).jpg,2
Five_full (335).jpg,5
Five_full (337).jpg,6
Five_full (338).jpg,5
Five_full (339).jpg,5
Five_full (341).jpg,5
Five_full (342).jpg,5
Five_full (343).jpg,5
Five_full (344).jpg,5
Five_full (360).jpg,5
Five_full (361).jpg,3
Five_full (363).jpg,5
Five_full (366).jpg,5
Five_full (368).jpg,5
Five_full (37).jpg,5
Five_full (371).jpg,5
Five_full (389).jpg,5
Five_full (390).jpg,5
Five_full (391).jpg,5
Five_full (394).jpg,5
Five_full (4).jpg,5
Five_full (400).jpg,5
Five_full (402).jpg,5
Five_full (404).jpg,5
Five_full (406).jpg,5
Five_full (408).jpg,1
Five_full (413).jpg,5
Five_full (414).jpg,5
Five_full (415).jpg,5
Five_full (416).jpg,5
Five_full (417).jpg,5
Five_full (418).jpg,5
Five_full (419).jpg,5
Five_full (433).jpg,5
Five_full (434).jpg,5
Five_full (448).jpg,5
Five_full (449).jpg,5
Five_full (452).jpg,5
Five_full (454).jpg,1
Five_full (455).jpg,5
Five_full (464).jpg,5
Five_full (465).jpg,5
Five_full (467).jpg,5
Five_full (468).jpg,5
Five_full (47).jpg,5
Five_full (475).jpg,5
Five_full (478).jpg,5
Five_full (48).jpg,6
Five_full (482).jpg,5
Five_full (483).jpg,5
Five_full (484).jpg,5
Five_full (487).jpg,0
Five_full (488).jpg,5
Five_full (49).jpg,5
Five_full (492).jpg,5
Five_full (493).jpg,5
Five_full (494).jpg,5
Five_full (495).jpg,5
Five_full (502).jpg,5
Five_full (503).jpg,5
Five_full (504).jpg,5
Five_full (505).jpg,5
Five_full (506).jpg,5
Five_full (507).jpg,5
Five_full (509).jpg,5
Five_full (511).jpg,5
Five_full (513).jpg,5
Five_full (516).jpg,5
Five_full (52).jpg,5
Five_full (523).jpg,6
Five_full (524).jpg,5
Five_full (525).jpg,1
Five_full (526).jpg,5
Five_full (531).jpg,6
Five_full (535).jpg,1
Five_full (539).jpg,5
Five_full (540).jpg,5
Five_full (541).jpg,4
Five_full (542).jpg,5
Five_full (543).jpg,5
Five_full (544).jpg,5
Five_full (545).jpg,1
Five_full (548).jpg,1
Five_full (550).jpg,8
Five_full (551).jpg,8
Five_full (552).jpg,4
Five_full (553).jpg,5
Five_full (565).jpg,6
Five_full (566).jpg,5
Five_full (567).jpg,5
Five_full (569).jpg,5
Five_full (57).jpg,5
Five_full (573).jpg,6
Five_full (575).jpg,1
Five_full (576).jpg,6
Five_full (578).jpg,6
Five_full (581).jpg,1
Five_full (582).jpg,5
Five_full (583).jpg,5
Five_full (584).jpg,6
Five_full (585).jpg,6
Five_full (586).jpg,5
Five_full (59).jpg,5
Five_full (592).jpg,1
Five_full (603).jpg,6
Five_full (608).jpg,1
Five_full (61).jpg,5
Five_full (610).jpg,4
Five_full (611).jpg,6
Five_full (612).jpg,2
Five_full (613).jpg,8
Five_full (615).jpg,7
Five_full (616).jpg,1
Five_full (62).jpg,5
Five_full (628).jpg,5
Five_full (635).jpg,5
Five_full (636).jpg,5
Five_full (637).jpg,5
Five_full (638).jpg,5
Five_full (639).jpg,5
Five_full (64).jpg,5
Five_full (640).jpg,5
Five_full (641).jpg,5
Five_full (642).jpg,5
Five_full (644).jpg,5
Five_full (645).jpg,5
Five_full (648).jpg,5
Five_full (649).jpg,5
Five_full (65).jpg,5
Five_full (66).jpg,5
Five_full (665).jpg,5
Five_full (666).jpg,5
Five_full (668).jpg,5
Five_full (669).jpg,5
Five_full (67).jpg,5
Five_full (670).jpg,5
Five_full (671).jpg,5
Five_full (672).jpg,5
Five_full (673).jpg,5
Five_full (674).jpg,5
Five_full (675).jpg,5
Five_full (676).jpg,5
Five_full (677).jpg,5
Five_full (678).jpg,5
Five_full (679).jpg,5
Five_full (68).jpg,5
Five_full (680).jpg,3
Five_full (681).jpg,5
Five_full (682).jpg,3
Five_full (683).jpg,5
Five_full (684).jpg,8
Five_full (685).jpg,8
Five_full (686).jpg,5
Five_full (687).jpg,5
Five_full (688).jpg,5
Five_full (689).jpg,5
Five_full (69).jpg,5
Five_full (690).jpg,5
Five_full (691).jpg,5
Five_full (692).jpg,5
Five_full (694).jpg,5
Five_full (696).jpg,2
Five_full (697).jpg,5
Five_full (699).jpg,5
Five_full (7).jpg,5
Five_full (70).jpg,4
Five_full (700).jpg,5
Five_full (701).jpg,5
Five_full (702).jpg,5
Five_full (703).jpg,5
Five_full (704).jpg,5
Five_full (705).jpg,5
Five_full (706).jpg,5
Five_full (707).jpg,5
Five_full (708).jpg,5
Five_full (709).jpg,5
Five_full (71).jpg,5
Five_full (710).jpg,5
Five_full (711).jpg,5
Five_full (712).jpg,5
Five_full (713).jpg,5
Five_full (714).jpg,5
Five_full (715).jpg,6
Five_full (716).jpg,5
Five_full (717).jpg,6
Five_full (718).jpg,5
Five_full (719).jpg,5
Five_full (72).jpg,5
Five_full (720).jpg,5
Five_full (721).jpg,5
Five_full (722).jpg,5
Five_full (723).jpg,5
Five_full (724).jpg,5
Five_full (725).jpg,5
Five_full (726).jpg,5
Five_full (727).jpg,5
Five_full (728).jpg,5
Five_full (729).jpg,5
Five_full (73).jpg,5
Five_full (730).jpg,5
Five_full (731).jpg,5
Five_full (732).jpg,5
Five_full (733).jpg,5
Five_full (735).jpg,5
Five_full (736).jpg,5
Five_full (737).jpg,3
Five_full (738).jpg,5
Five_full (739).jpg,5
Five_full (74).jpg,5
Five_full (740).jpg,5
Five_full (741).jpg,5
Five_full (742).jpg,5
Five_full (743).jpg,5
Five_full (744).jpg,5
Five_full (745).jpg,5
Five_full (746).jpg,5
Five_full (747).jpg,5
Five_full (748).jpg,5
Five_full (749).jpg,5
Five_full (75).jpg,5
Five_full (750).jpg,5
Five_full (752).jpg,5
Five_full (753).jpg,5
Five_full (754).jpg,5
Five_full (756).jpg,5
Five_full (757).jpg,5
Five_full (758).jpg,5
Five_full (759).jpg,5
Five_full (76).jpg,5
Five_full (760).jpg,5
Five_full (768).jpg,5
Five_full (769).jpg,5
Five_full (770).jpg,5
Five_full (771).jpg,5
Five_full (772).jpg,5
Five_full (773).jpg,5
Five_full (774).jpg,5
Five_full (775).jpg,5
Five_full (776).jpg,5
Five_full (777).jpg,5
Five_full (779).jpg,5
Five_full (78).jpg,5
Five_full (780).jpg,5
Five_full (781).jpg,5
Five_full (782).jpg,5
Five_full (783).jpg,5
Five_full (786).jpg,6
Five_full (787).jpg,5
Five_full (788).jpg,5
Five_full (789).jpg,6
Five_full (79).jpg,5
Five_full (791).jpg,5
Five_full (792).jpg,5
Five_full (793).jpg,1
Five_full (795).jpg,2
Five_full (798).jpg,5
Five_full (799).jpg,5
Five_full (80).jpg,5
Five_full (800).jpg,5
Five_full (802).jpg,5
Five_full (803).jpg,5
Five_full (805).jpg,5
Five_full (806).jpg,5
Five_full (807).jpg,5
Five_full (808).jpg,5
Five_full (809).jpg,5
Five_full (81).jpg,5
Five_full (810).jpg,5
Five_full (811).jpg,1
Five_full (812).jpg,5
Five_full (813).jpg,5
Five_full (816).jpg,5
Five_full (818).jpg,5
Five_full (819).jpg,5
Five_full (82).jpg,4
Five_full (820).jpg,5
Five_full (821).jpg,5
Five_full (824).jpg,5
Five_full (829).jpg,5
Five_full (837).jpg,5
Five_full (838).jpg,5
Five_full (839).jpg,5
Five_full (84).jpg,5
Five_full (840).jpg,5
Five_full (841).jpg,5
Five_full (842).jpg,5
Five_full (843).jpg,5
Five_full (844).jpg,5
Five_full (845).jpg,6
Five_full (847).jpg,5
Five_full (848).jpg,5
Five_full (849).jpg,5
Five_full (85).jpg,0
Five_full (850).jpg,5
Five_full (851).jpg,5
Five_full (852).jpg,5
Five_full (854).jpg,1
Five_full (855).jpg,1
Five_full (856).jpg,5
Five_full (857).jpg,5
Five_full (858).jpg,5
Five_full (859).jpg,5
Five_full (86).jpg,5
Five_full (860).jpg,1
Five_full (861).jpg,5
Five_full (862).jpg,5
Five_full (863).jpg,5
Five_full (864).jpg,5
Five_full (868).jpg,5
Five_full (869).jpg,5
Five_full (870).jpg,0
Five_full (871).jpg,5
Five_full (873).jpg,5
Five_full (874).jpg,5
Five_full (875).jpg,5
Five_full (876).jpg,5
Five_full (877).jpg,5
Five_full (878).jpg,5
Five_full (879).jpg,5
Five_full (88).jpg,5
Five_full (880).jpg,5
Five_full (881).jpg,5
Five_full (882).jpg,5
Five_full (884).jpg,5
Five_full (885).jpg,6
Five_full (886).jpg,5
Five_full (887).jpg,5
Five_full (889).jpg,5
Five_full (89).jpg,5
Five_full (890).jpg,5
Five_full (891).jpg,5
Five_full (892).jpg,6
Five_full (893).jpg,5
Five_full (894).jpg,5
Five_full (895).jpg,5
Five_full (897).jpg,3
Five_full (899).jpg,9
Five_full (9).jpg,6
Five_full (90).jpg,5
Five_full (903).jpg,2
Five_full (904).jpg,5
Five_full (907).jpg,5
Five_full (911).jpg,5
Five_full (923).jpg,5
Five_full (926).jpg,5
Five_full (927).jpg,5
Five_full (928).jpg,5
Five_full (929).jpg,5
Five_full (930).jpg,5
Five_full (931).jpg,5
Five_full (932).jpg,5
Five_full (933).jpg,5
Five_full (934).jpg,5
Five_full (935).jpg,5
Five_full (936).jpg,5
Five_full (937).jpg,5
Five_full (938).jpg,5
Five_full (939).jpg,5
Five_full (940).jpg,5
Five_full (941).jpg,5
Five_full (942).jpg,6
Five_full (943).jpg,5
Five_full (944).jpg,5
Five_full (945).jpg,5
Five_full (946).jpg,5
Five_full (947).jpg,6
Five_full (949).jpg,5
Five_full (950).jpg,5
Five_full (952).jpg,5
Five_full (954).jpg,5
Five_full (957).jpg,5
Five_full (958).jpg,5
Five_full (959).jpg,5
Five_full (960).jpg,5
Five_full (961).jpg,5
Five_full (962).jpg,4
Five_full (963).jpg,5
Five_full (964).jpg,5
Five_full (965).jpg,5
Five_full (966).jpg,5
Five_full (967).jpg,5
Five_full (968).jpg,5
Five_full (969).jpg,5
Five_full (970).jpg,5
Five_full (971).jpg,5
Five_full (972).jpg,5
Five_full (973).jpg,5
Five_full (974).jpg,5
Five_full (975).jpg,5
Five_full (976).jpg,5
Five_full (977).jpg,4
Five_full (978).jpg,5
Five_full (979).jpg,6
Five_full (980).jpg,5
Five_full (982).jpg,5
Five_full (983).jpg,5
Five_full (984).jpg,5
Five_full (985).jpg,5
Five_full (986).jpg,5
Five_full (987).jpg,5
Five_full (988).jpg,5
Five_full (995).jpg,5
Five_full (997).jpg,5
Six_full (1000).jpg,5
Six_full (1001).jpg,6
Six_full (1011).jpg,5
Six_full (1015).jpg,5
Six_full (102).jpg,5
Six_full (1020).jpg,6
Six_full (104).jpg,0
Six_full (1046).jpg,6
Six_full (105).jpg,0
Six_full (1053).jpg,2
Six_full (1066).jpg,6
Six_full (108).jpg,6
Six_full (109).jpg,6
Six_full (1090).jpg,6
Six_full (1095).jpg,6
Six_full (110).jpg,0
Six_full (1105).jpg,6
Six_full (1110).jpg,6
Six_full (112).jpg,6
Six_full (1126).jpg,6
Six_full (114).jpg,6
Six_full (1145).jpg,6
Six_full (1149).jpg,5
Six_full (1155).jpg,6
Six_full (1158).jpg,6
Six_full (1159).jpg,6
Six_full (116).jpg,6
Six_full (1161).jpg,6
Six_full (1162).jpg,6
Six_full (1163).jpg,0
Six_full (1165).jpg,6
Six_full (117).jpg,5
Six_full (1178).jpg,6
Six_full (1184).jpg,6
Six_full (1188).jpg,1
Six_full (119).jpg,6
Six_full (1191).jpg,6
Six_full (1192).jpg,5
Six_full (1193).jpg,5
Six_full (1201).jpg,5
Six_full (1207).jpg,5
Six_full (121).jpg,6
Six_full (1211).jpg,5
Six_full (1214).jpg,5
Six_full (1215).jpg,5
Six_full (1219).jpg,5
Six_full (1222).jpg,5
Six_full (1230).jpg,6
Six_full (1232).jpg,5
Six_full (1234).jpg,5
Six_full (1237).jpg,5
Six_full (1238).jpg,6
Six_full (1239).jpg,6
Six_full (1240).jpg,6
Six_full (1241).jpg,6
Six_full (1244).jpg,1
Six_full (1245).jpg,6
Six_full (1246).jpg,6
Six_full (1248).jpg,6
Six_full (1249).jpg,6
Six_full (1250).jpg,6
Six_full (1251).jpg,6
Six_full (1259).jpg,5
Six_full (1265).jpg,6
Six_full (1282).jpg,5
Six_full (129).jpg,5
Six_full (1293).jpg,5
Six_full (1298).jpg,5
Six_full (13).jpg,5
Six_full (1307).jpg,6
Six_full (1312).jpg,6
Six_full (1314).jpg,6
Six_full (1315).jpg,5
Six_full (1317).jpg,1
Six_full (1319).jpg,6
Six_full (132).jpg,5
Six_full (1320).jpg,6
Six_full (1321).jpg,5
Six_full (1322).jpg,5
Six_full (1325).jpg,6
Six_full (134).jpg,6
Six_full (1343).jpg,5
Six_full (1359).jpg,6
Six_full (136).jpg,6
Six_full (1360).jpg,6
Six_full (1361).jpg,5
Six_full (1362).jpg,1
Six_full (1365).jpg,6
Six_full (1366).jpg,6
Six_full (1367).jpg,6
Six_full (1370).jpg,6
Six_full (1371).jpg,6
Six_full (1372).jpg,6
Six_full (1375).jpg,6
Six_full (1376).jpg,6
Six_full (1384).jpg,6
Six_full (1387).jpg,6
Six_full (1391).jpg,6
Six_full (1399).jpg,6
Six_full (1412).jpg,6
Six_full (1417).jpg,6
Six_full (1418).jpg,6
Six_full (1420).jpg,6
Six_full (1421).jpg,6
Six_full (1422).jpg,2
Six_full (1425).jpg,6
Six_full (1426).jpg,6
Six_full (143).jpg,6
Six_full (1430).jpg,6
Six_full (1431).jpg,5
Six_full (1432).jpg,6
Six_full (1433).jpg,5
Six_full (1435).jpg,6
Six_full (1436).jpg,6
Six_full (1437).jpg,6
Six_full (1439).jpg,6
Six_full (1440).jpg,6
Six_full (1442).jpg,6
Six_full (1443).jpg,6
Six_full (1444).jpg,6
Six_full (1445).jpg,6
Six_full (1446).jpg,6
Six_full (1448).jpg,0
Six_full (1455).jpg,6
Six_full (1456).jpg,6
Six_full (1457).jpg,6
Six_full (1459).jpg,6
Six_full (146).jpg,6
Six_full (1460).jpg,6
Six_full (1461).jpg,6
Six_full (1462).jpg,6
Six_full (1465).jpg,6
Six_full (1466).jpg,6
Six_full (1476).jpg,5
Six_full (1495).jpg,0
Six_full (1497).jpg,5
Six_full (1500).jpg,0
Six_full (1501).jpg,6
Six_full (1502).jpg,5
Six_full (1508).jpg,6
Six_full (152).jpg,5
Six_full (1521).jpg,6
Six_full (1523).jpg,0
Six_full (1526).jpg,6
Six_full (1527).jpg,1
Six_full (1528).jpg,1
Six_full (153).jpg,4
Six_full (1531).jpg,6
Six_full (1532).jpg,5
Six_full (1534).jpg,6
Six_full (1536).jpg,5
Six_full (1553).jpg,6
Six_full (1555).jpg,6
Six_full (1556).jpg,6
Six_full (1563).jpg,6
Six_full (1568).jpg,5
Six_full (157).jpg,4
Six_full (1571).jpg,5
Six_full (1576).jpg,5
Six_full (1578).jpg,5
Six_full (158).jpg,5
Six_full (1582).jpg,6
Six_full (1584).jpg,1
Six_full (1585).jpg,6
Six_full (1592).jpg,6
Six_full (1594).jpg,6
Six_full (1596).jpg,6
Six_full (1597).jpg,6
Six_full (1600).jpg,6
Six_full (1601).jpg,6
Six_full (1607).jpg,6
Six_full (1609).jpg,6
Six_full (1611).jpg,6
Six_full (1628).jpg,6
Six_full (1631).jpg,6
Six_full (1632).jpg,1
Six_full (1634).jpg,1
Six_full (1635).jpg,6
Six_full (1637).jpg,6
Six_full (1639).jpg,6
Six_full (1640).jpg,6
Six_full (1642).jpg,5
Six_full (1645).jpg,0
Six_full (1646).jpg,6
Six_full (1660).jpg,6
Six_full (1661).jpg,6
Six_full (1662).jpg,1
Six_full (1665).jpg,6
Six_full (1668).jpg,6
Six_full (1669).jpg,6
Six_full (1672).jpg,6
Six_full (1673).jpg,6
Six_full (1675).jpg,6
Six_full (1677).jpg,6
Six_full (1678).jpg,1
Six_full (1679).jpg,1
Six_full (1681).jpg,6
Six_full (1683).jpg,6
Six_full (1684).jpg,6
Six_full (1687).jpg,6
Six_full (1688).jpg,6
Six_full (1717).jpg,6
Six_full (1718).jpg,6
Six_full (1719).jpg,1
Six_full (1720).jpg,6
Six_full (1721).jpg,6
Six_full (1722).jpg,1
Six_full (1725).jpg,6
Six_full (1726).jpg,6
Six_full (1727).jpg,6
Six_full (1728).jpg,6
Six_full (1729).jpg,6
Six_full (1730).jpg,6
Six_full (1731).jpg,6
Six_full (1735).jpg,6
Six_full (1740).jpg,5
Six_full (1763).jpg,6
Six_full (1764).jpg,6
Six_full (1765).jpg,6
Six_full (1766).jpg,6
Six_full (1770).jpg,6
Six_full (1771).jpg,6
Six_full (1772).jpg,6
Six_full (1773).jpg,6
Six_full (1774).jpg,6
Six_full (1775).jpg,6
Six_full (1791).jpg,6
Six_full (1793).jpg,6
Six_full (18).jpg,1
Six_full (1802).jpg,6
Six_full (1805).jpg,6
Six_full (182).jpg,0
Six_full (183).jpg,6
Six_full (1837).jpg,6
Six_full (184).jpg,6
Six_full (1841).jpg,6
Six_full (1845).jpg,6
Six_full (185).jpg,1
Six_full (1850).jpg,6
Six_full (1851).jpg,6
Six_full (186).jpg,6
Six_full (1866).jpg,6
Six_full (187).jpg,6
Six_full (188).jpg,1
Six_full (1882).jpg,5
Six_full (1894).jpg,6
Six_full (1896).jpg,5
Six_full (190).jpg,4
Six_full (1900).jpg,5
Six_full (191).jpg,4
Six_full (1912).jpg,6
Six_full (1913).jpg,5
Six_full (1915).jpg,0
Six_full (1916).jpg,6
Six_full (1917).jpg,1
Six_full (1918).jpg,5
Six_full (192).jpg,4
Six_full (1921).jpg,6
Six_full (1922).jpg,6
Six_full (1924).jpg,6
Six_full (1925).jpg,6
Six_full (1927).jpg,6
Six_full (1928).jpg,6
Six_full (1930).jpg,6
Six_full (1931).jpg,6
Six_full (1933).jpg,6
Six_full (1935).jpg,6
Six_full (1936).jpg,6
Six_full (1937).jpg,6
Six_full (1938).jpg,6
Six_full (1939).jpg,6
Six_full (194).jpg,1
Six_full (1940).jpg,6
Six_full (1941).jpg,6
Six_full (1942).jpg,2
Six_full (1943).jpg,2
Six_full (1944).jpg,6
Six_full (1945).jpg,5
Six_full (1950).jpg,6
Six_full (1951).jpg,5
Six_full (1955).jpg,6
Six_full (1958).jpg,6
Six_full (1969).jpg,5
Six_full (1988).jpg,6
Six_full (1993).jpg,5
Six_full (1994).jpg,6
Six_full (1995).jpg,5
Six_full (1996).jpg,6
Six_full (1997).jpg,6
Six_full (1999).jpg,6
Six_full (20).jpg,4
Six_full (2000).jpg,6
Six_full (2001).jpg,6
Six_full (2006).jpg,5
Six_full (2010).jpg,6
Six_full (2014).jpg,6
Six_full (2017).jpg,6
Six_full (2018).jpg,6
Six_full (2022).jpg,6
Six_full (2024).jpg,1
Six_full (2026).jpg,0
Six_full (2027).jpg,0
Six_full (2031).jpg,5
Six_full (2036).jpg,6
Six_full (2041).jpg,5
Six_full (2043).jpg,6
Six_full (2046).jpg,5
Six_full (2047).jpg,5
Six_full (2058).jpg,6
Six_full (2063).jpg,5
Six_full (2064).jpg,6
Six_full (2066).jpg,6
Six_full (2067).jpg,4
Six_full (2074).jpg,6
Six_full (2075).jpg,6
Six_full (2092).jpg,6
Six_full (2093).jpg,6
Six_full (2097).jpg,1
Six_full (2098).jpg,1
Six_full (2101).jpg,5
Six_full (2118).jpg,6
Six_full (212).jpg,6
Six_full (214).jpg,0
Six_full (215).jpg,5
Six_full (218).jpg,1
Six_full (219).jpg,6
Six_full (220).jpg,5
Six_full (221).jpg,6
Six_full (224).jpg,6
Six_full (225).jpg,6
Six_full (23).jpg,1
Six_full (246).jpg,6
Six_full (247).jpg,5
Six_full (25).jpg,0
Six_full (250).jpg,5
Six_full (252).jpg,6
Six_full (26).jpg,0
Six_full (27).jpg,6
Six_full (301).jpg,6
Six_full (303).jpg,5
Six_full (307).jpg,6
Six_full (31).jpg,6
Six_full (311).jpg,5
Six_full (313).jpg,6
Six_full (314).jpg,6
Six_full (315).jpg,6
Six_full (319).jpg,5
Six_full (320).jpg,5
Six_full (321).jpg,1
Six_full (324).jpg,5
Six_full (325).jpg,6
Six_full (332).jpg,6
Six_full (333).jpg,6
Six_full (335).jpg,6
Six_full (336).jpg,6
Six_full (337).jpg,6
Six_full (339).jpg,6
Six_full (341).jpg,6
Six_full (343).jpg,6
Six_full (345).jpg,6
Six_full (355).jpg,6
Six_full (359).jpg,5
Six_full (361).jpg,6
Six_full (362).jpg,6
Six_full (376).jpg,6
Six_full (377).jpg,6
Six_full (378).jpg,6
Six_full (379).jpg,0
Six_full (381).jpg,6
Six_full (387).jpg,6
Six_full (399).jpg,6
Six_full (40).jpg,6
Six_full (403).jpg,1
Six_full (406).jpg,6
Six_full (407).jpg,1
Six_full (41).jpg,6
Six_full (42).jpg,6
Six_full (43).jpg,6
Six_full (44).jpg,6
Six_full (445).jpg,6
Six_full (45).jpg,6
Six_full (478).jpg,5
Six_full (479).jpg,5
Six_full (490).jpg,5
Six_full (493).jpg,2
Six_full (496).jpg,6
Six_full (497).jpg,4
Six_full (498).jpg,6
Six_full (499).jpg,5
Six_full (515).jpg,6
Six_full (516).jpg,6
Six_full (520).jpg,6
Six_full (523).jpg,6
Six_full (525).jpg,6
Six_full (528).jpg,6
Six_full (529).jpg,6
Six_full (530).jpg,6
Six_full (531).jpg,6
Six_full (533).jpg,6
Six_full (534).jpg,6
Six_full (536).jpg,4
Six_full (537).jpg,4
Six_full (538).jpg,6
Six_full (539).jpg,6
Six_full (540).jpg,9
Six_full (541).jpg,1
Six_full (542).jpg,6
Six_full (543).jpg,9
Six_full (558).jpg,6
Six_full (559).jpg,6
Six_full (560).jpg,1
Six_full (561).jpg,6
Six_full (562).jpg,6
Six_full (563).jpg,4
Six_full (566).jpg,6
Six_full (567).jpg,5
Six_full (568).jpg,5
Six_full (570).jpg,5
Six_full (571).jpg,6
Six_full (58).jpg,5
Six_full (603).jpg,4
Six_full (604).jpg,5
Six_full (606).jpg,9
Six_full (609).jpg,2
Six_full (610).jpg,6
Six_full (611).jpg,5
Six_full (612).jpg,6
Six_full (613).jpg,6
Six_full (615).jpg,1
Six_full (616).jpg,6
Six_full (617).jpg,6
Six_full (620).jpg,5
Six_full (622).jpg,5
Six_full (624).jpg,8
Six_full (626).jpg,5
Six_full (627).jpg,6
Six_full (629).jpg,6
Six_full (630).jpg,6
Six_full (632).jpg,6
Six_full (634).jpg,6
Six_full (635).jpg,6
Six_full (64).jpg,3
Six_full (643).jpg,0
Six_full (645).jpg,6
Six_full (65).jpg,1
Six_full (654).jpg,5
Six_full (656).jpg,5
Six_full (657).jpg,5
Six_full (660).jpg,6
Six_full (662).jpg,5
Six_full (663).jpg,5
Six_full (664).jpg,5
Six_full (665).jpg,5
Six_full (666).jpg,5
Six_full (668).jpg,6
Six_full (669).jpg,6
Six_full (67).jpg,1
Six_full (670).jpg,6
Six_full (671).jpg,6
Six_full (672).jpg,6
Six_full (673).jpg,6
Six_full (674).jpg,6
Six_full (675).jpg,6
Six_full (676).jpg,6
Six_full (677).jpg,6
Six_full (678).jpg,6
Six_full (679).jpg,6
Six_full (680).jpg,6
Six_full (681).jpg,6
Six_full (682).jpg,6
Six_full (683).jpg,6
Six_full (686).jpg,6
Six_full (687).jpg,6
Six_full (688).jpg,6
Six_full (69).jpg,5
Six_full (691).jpg,6
Six_full (692).jpg,6
Six_full (693).jpg,6
Six_full (694).jpg,6
Six_full (696).jpg,6
Six_full (698).jpg,6
Six_full (699).jpg,6
Six_full (70).jpg,5
Six_full (700).jpg,6
Six_full (701).jpg,5
Six_full (702).jpg,6
Six_full (703).jpg,6
Six_full (704).jpg,6
Six_full (705).jpg,6
Six_full (707).jpg,6
Six_full (71).jpg,6
Six_full (712).jpg,5
Six_full (714).jpg,6
Six_full (715).jpg,5
Six_full (716).jpg,5
Six_full (717).jpg,5
Six_full (719).jpg,2
Six_full (720).jpg,6
Six_full (722).jpg,5
Six_full (725).jpg,5
Six_full (726).jpg,5
Six_full (728).jpg,6
Six_full (729).jpg,6
Six_full (736).jpg,6
Six_full (739).jpg,6
Six_full (740).jpg,6
Six_full (758).jpg,6
Six_full (759).jpg,6
Six_full (762).jpg,6
Six_full (763).jpg,6
Six_full (764).jpg,6
Six_full (766).jpg,6
Six_full (768).jpg,6
Six_full (771).jpg,6
Six_full (772).jpg,6
Six_full (773).jpg,6
Six_full (777).jpg,6
Six_full (781).jpg,6
Six_full (787).jpg,6
Six_full (789).jpg,6
Six_full (80).jpg,6
Six_full (803).jpg,5
Six_full (804).jpg,5
Six_full (809).jpg,1
Six_full (810).jpg,1
Six_full (812).jpg,6
Six_full (814).jpg,6
Six_full (815).jpg,6
Six_full (817).jpg,6
Six_full (818).jpg,0
Six_full (837).jpg,6
Six_full (841).jpg,6
Six_full (842).jpg,0
Six_full (843).jpg,6
Six_full (846).jpg,6
Six_full (847).jpg,6
Six_full (848).jpg,5
Six_full (861).jpg,6
Six_full (862).jpg,6
Six_full (864).jpg,6
Six_full (865).jpg,1
Six_full (87).jpg,5
Six_full (873).jpg,5
Six_full (88).jpg,6
Six_full (887).jpg,6
Six_full (889).jpg,6
Six_full (892).jpg,6
Six_full (893).jpg,5
Six_full (894).jpg,1
Six_full (895).jpg,1
Six_full (896).jpg,9
Six_full (900).jpg,6
Six_full (901).jpg,6
Six_full (907).jpg,6
Six_full (91).jpg,6
Six_full (911).jpg,1
Six_full (914).jpg,5
Six_full (915).jpg,5
Six_full (916).jpg,6
Six_full (918).jpg,6
Six_full (919).jpg,6
Six_full (92).jpg,6
Six_full (921).jpg,6
Six_full (922).jpg,6
Six_full (924).jpg,4
Six_full (925).jpg,4
Six_full (926).jpg,6
Six_full (927).jpg,6
Six_full (928).jpg,6
Six_full (929).jpg,6
Six_full (930).jpg,6
Six_full (931).jpg,6
Six_full (932).jpg,4
Six_full (933).jpg,6
Six_full (934).jpg,6
Six_full (936).jpg,6
Six_full (937).jpg,6
Six_full (938).jpg,5
Six_full (940).jpg,6
Six_full (947).jpg,6
Six_full (948).jpg,5
Six_full (950).jpg,5
Six_full (952).jpg,5
Six_full (953).jpg,5
Six_full (956).jpg,5
Six_full (957).jpg,4
Six_full (960).jpg,5
Six_full (961).jpg,0
Six_full (968).jpg,6
Six_full (969).jpg,6
Six_full (971).jpg,6
Six_full (972).jpg,6
Six_full (973).jpg,6
Six_full (975).jpg,6
Six_full (976).jpg,6
Six_full (98).jpg,6
Six_full (981).jpg,5
Six_full (990).jpg,5
Six_full (991).jpg,6
Six_full (992).jpg,1
Six_full (994).jpg,1
Six_full (995).jpg,6
Six_full (996).jpg,5
Six_full (997).jpg,6
Six_full (998).jpg,6
Six_full (999).jpg,6
Seven_full (1004).jpg,5
Seven_full (1005).jpg,1
Seven_full (1008).jpg,1
Seven_full (1011).jpg,5
Seven_full (1013).jpg,6
Seven_full (1016).jpg,1
Seven_full (1029).jpg,2
Seven_full (1052).jpg,1
Seven_full (1054).jpg,3
Seven_full (1057).jpg,1
Seven_full (106).jpg,5
Seven_full (1060).jpg,1
Seven_full (1061).jpg,2
Seven_full (1062).jpg,1
Seven_full (1063).jpg,7
Seven_full (1064).jpg,1
Seven_full (1065).jpg,4
Seven_full (1066).jpg,1
Seven_full (107).jpg,2
Seven_full (1078).jpg,3
Seven_full (1084).jpg,1
Seven_full (1086).jpg,2
Seven_full (1088).jpg,6
Seven_full (1095).jpg,6
Seven_full (1096).jpg,6
Seven_full (1097).jpg,6
Seven_full (1098).jpg,6
Seven_full (110).jpg,2
Seven_full (1111).jpg,1
Seven_full (112).jpg,2
Seven_full (115).jpg,1
Seven_full (116).jpg,1
Seven_full (1162).jpg,7
Seven_full (117).jpg,1
Seven_full (118).jpg,1
Seven_full (119).jpg,2
Seven_full (1194).jpg,3
Seven_full (120).jpg,2
Seven_full (1211).jpg,5
Seven_full (1235).jpg,7
Seven_full (1236).jpg,1
Seven_full (124).jpg,2
Seven_full (1241).jpg,1
Seven_full (1245).jpg,2
Seven_full (1269).jpg,1
Seven_full (127).jpg,2
Seven_full (1272).jpg,3
Seven_full (1277).jpg,1
Seven_full (128).jpg,6
Seven_full (1282).jpg,7
Seven_full (130).jpg,5
Seven_full (131).jpg,5
Seven_full (132).jpg,2
Seven_full (1336).jpg,1
Seven_full (1337).jpg,1
Seven_full (134).jpg,5
Seven_full (1342).jpg,2
Seven_full (1357).jpg,7
Seven_full (1359).jpg,1
Seven_full (136).jpg,5
Seven_full (1364).jpg,1
Seven_full (1373).jpg,8
Seven_full (138).jpg,3
Seven_full (139).jpg,3
Seven_full (1409).jpg,1
Seven_full (141).jpg,1
Seven_full (1419).jpg,1
Seven_full (1423).jpg,3
Seven_full (1424).jpg,1
Seven_full (1427).jpg,7
Seven_full (1429).jpg,3
Seven_full (143).jpg,2
Seven_full (1430).jpg,1
Seven_full (1431).jpg,7
Seven_full (1432).jpg,8
Seven_full (1433).jpg,1
Seven_full (1434).jpg,8
Seven_full (1435).jpg,7
Seven_full (1436).jpg,7
Seven_full (1437).jpg,7
Seven_full (1438).jpg,1
Seven_full (1439).jpg,6
Seven_full (144).jpg,1
Seven_full (1440).jpg,7
Seven_full (1441).jpg,7
Seven_full (1442).jpg,2
Seven_full (1454).jpg,5
Seven_full (1455).jpg,3
Seven_full (1457).jpg,1
Seven_full (1458).jpg,2
Seven_full (146).jpg,2
Seven_full (1460).jpg,4
Seven_full (1463).jpg,3
Seven_full (1465).jpg,2
Seven_full (1468).jpg,3
Seven_full (1472).jpg,1
Seven_full (1474).jpg,2
Seven_full (1487).jpg,1
Seven_full (1496).jpg,2
Seven_full (1497).jpg,8
Seven_full (1499).jpg,5
Seven_full (1500).jpg,3
Seven_full (1501).jpg,3
Seven_full (1507).jpg,2
Seven_full (1510).jpg,2
Seven_full (1512).jpg,2
Seven_full (1514).jpg,5
Seven_full (1515).jpg,2
Seven_full (1516).jpg,2
Seven_full (1523).jpg,1
Seven_full (1525).jpg,1
Seven_full (1526).jpg,7
Seven_full (1529).jpg,1
Seven_full (1530).jpg,1
Seven_full (1536).jpg,8
Seven_full (1541).jpg,2
Seven_full (1545).jpg,8
Seven_full (1546).jpg,2
Seven_full (1547).jpg,5
Seven_full (1550).jpg,2
Seven_full (1551).jpg,7
Seven_full (1552).jpg,2
Seven_full (1553).jpg,2
Seven_full (1555).jpg,2
Seven_full (1556).jpg,8
Seven_full (1559).jpg,2
Seven_full (1560).jpg,2
Seven_full (1562).jpg,4
Seven_full (1564).jpg,3
Seven_full (1566).jpg,3
Seven_full (1569).jpg,3
Seven_full (1570).jpg,3
Seven_full (1571).jpg,3
Seven_full (1576).jpg,3
Seven_full (1577).jpg,6
Seven_full (1578).jpg,8
Seven_full (1579).jpg,1
Seven_full (1582).jpg,6
Seven_full (1583).jpg,1
Seven_full (1588).jpg,3
Seven_full (1589).jpg,5
Seven_full (1597).jpg,7
Seven_full (1600).jpg,1
Seven_full (1607).jpg,5
Seven_full (1611).jpg,1
Seven_full (1624).jpg,3
Seven_full (1631).jpg,7
Seven_full (1633).jpg,1
Seven_full (1636).jpg,3
Seven_full (1641).jpg,1
Seven_full (1652).jpg,1
Seven_full (1654).jpg,1
Seven_full (1655).jpg,1
Seven_full (1656).jpg,2
Seven_full (1660).jpg,6
Seven_full (1661).jpg,5
Seven_full (1662).jpg,1
Seven_full (1663).jpg,2
Seven_full (1664).jpg,6
Seven_full (1667).jpg,3
Seven_full (1669).jpg,4
Seven_full (1689).jpg,1
Seven_full (1694).jpg,5
Seven_full (1696).jpg,3
Seven_full (1706).jpg,6
Seven_full (1708).jpg,1
Seven_full (1710).jpg,2
Seven_full (172).jpg,1
Seven_full (1733).jpg,7
Seven_full (1749).jpg,1
Seven_full (1752).jpg,2
Seven_full (1759).jpg,4
Seven_full (1760).jpg,4
Seven_full (1761).jpg,1
Seven_full (1762).jpg,1
Seven_full (1764).jpg,9
Seven_full (1768).jpg,4
Seven_full (1769).jpg,5
Seven_full (178).jpg,4
Seven_full (1785).jpg,7
Seven_full (1787).jpg,7
Seven_full (1789).jpg,3
Seven_full (1792).jpg,1
Seven_full (180).jpg,1
Seven_full (1801).jpg,2
Seven_full (1803).jpg,2
Seven_full (1808).jpg,2
Seven_full (181).jpg,4
Seven_full (1820).jpg,3
Seven_full (1825).jpg,6
Seven_full (1828).jpg,3
Seven_full (187).jpg,1
Seven_full (1879).jpg,3
Seven_full (188).jpg,1
Seven_full (1885).jpg,7
Seven_full (1886).jpg,7
Seven_full (1898).jpg,6
Seven_full (1900).jpg,6
Seven_full (1907).jpg,1
Seven_full (191).jpg,1
Seven_full (1912).jpg,1
Seven_full (1913).jpg,1
Seven_full (1915).jpg,1
Seven_full (1920).jpg,3
Seven_full (1922).jpg,3
Seven_full (1930).jpg,6
Seven_full (1933).jpg,7
Seven_full (1941).jpg,1
Seven_full (1942).jpg,5
Seven_full (1943).jpg,2
Seven_full (1944).jpg,5
Seven_full (1945).jpg,5
Seven_full (1948).jpg,1
Seven_full (1950).jpg,1
Seven_full (1951).jpg,1
Seven_full (1952).jpg,2
Seven_full (1966).jpg,7
Seven_full (1967).jpg,5
Seven_full (1970).jpg,2
Seven_full (1971).jpg,2
Seven_full (1972).jpg,5
Seven_full (1973).jpg,2
Seven_full (1974).jpg,2
Seven_full (1975).jpg,5
Seven_full (1976).jpg,1
Seven_full (1977).jpg,2
Seven_full (1979).jpg,5
Seven_full (1981).jpg,8
Seven_full (1982).jpg,1
Seven_full (1986).jpg,2
Seven_full (1987).jpg,1
Seven_full (1991).jpg,6
Seven_full (1992).jpg,1
Seven_full (1995).jpg,1
Seven_full (1996).jpg,2
Seven_full (2).jpg,7
Seven_full (2004).jpg,5
Seven_full (2007).jpg,5
Seven_full (2008).jpg,2
Seven_full (2010).jpg,2
Seven_full (2012).jpg,1
Seven_full (2013).jpg,3
Seven_full (2015).jpg,1
Seven_full (2019).jpg,1
Seven_full (2022).jpg,1
Seven_full (2027).jpg,7
Seven_full (2035).jpg,7
Seven_full (2036).jpg,1
Seven_full (2037).jpg,1
Seven_full (2039).jpg,1
Seven_full (2042).jpg,1
Seven_full (2044).jpg,1
Seven_full (2047).jpg,5
Seven_full (2057).jpg,3
Seven_full (2072).jpg,3
Seven_full (2073).jpg,2
Seven_full (2076).jpg,3
Seven_full (2079).jpg,3
Seven_full (2080).jpg,3
Seven_full (2081).jpg,3
Seven_full (2102).jpg,4
Seven_full (2111).jpg,5
Seven_full (2115).jpg,8
Seven_full (212).jpg,1
Seven_full (220).jpg,5
Seven_full (222).jpg,6
Seven_full (237).jpg,1
Seven_full (24).jpg,2
Seven_full (242).jpg,3
Seven_full (245).jpg,7
Seven_full (249).jpg,1
Seven_full (25).jpg,1
Seven_full (26).jpg,1
Seven_full (27).jpg,1
Seven_full (28).jpg,7
Seven_full (282).jpg,1
Seven_full (287).jpg,5
Seven_full (295).jpg,2
Seven_full (299).jpg,2
Seven_full (300).jpg,2
Seven_full (302).jpg,1
Seven_full (303).jpg,3
Seven_full (304).jpg,3
Seven_full (305).jpg,7
Seven_full (306).jpg,4
Seven_full (307).jpg,3
Seven_full (309).jpg,1
Seven_full (310).jpg,4
Seven_full (311).jpg,3
Seven_full (312).jpg,1
Seven_full (313).jpg,3
Seven_full (314).jpg,3
Seven_full (330).jpg,6
Seven_full (331).jpg,1
Seven_full (333).jpg,2
Seven_full (334).jpg,2
Seven_full (335).jpg,1
Seven_full (336).jpg,1
Seven_full (337).jpg,7
Seven_full (338).jpg,1
Seven_full (339).jpg,6
Seven_full (34).jpg,2
Seven_full (340).jpg,8
Seven_full (342).jpg,6
Seven_full (343).jpg,7
Seven_full (344).jpg,3
Seven_full (35).jpg,3
Seven_full (366).jpg,7
Seven_full (368).jpg,1
Seven_full (391).jpg,3
Seven_full (40).jpg,2
Seven_full (405).jpg,2
Seven_full (409).jpg,7
Seven_full (452).jpg,1
Seven_full (516).jpg,3
Seven_full (518).jpg,5
Seven_full (521).jpg,5
Seven_full (522).jpg,1
Seven_full (524).jpg,8
Seven_full (526).jpg,2
Seven_full (532).jpg,8
Seven_full (534).jpg,8
Seven_full (536).jpg,3
Seven_full (537).jpg,8
Seven_full (548).jpg,2
Seven_full (552).jpg,2
Seven_full (553).jpg,7
Seven_full (556).jpg,7
Seven_full (561).jpg,5
Seven_full (563).jpg,3
Seven_full (566).jpg,5
Seven_full (567).jpg,5
Seven_full (568).jpg,8
Seven_full (571).jpg,8
Seven_full (572).jpg,5
Seven_full (574).jpg,2
Seven_full (575).jpg,5
Seven_full (576).jpg,5
Seven_full (577).jpg,2
Seven_full (578).jpg,4
Seven_full (579).jpg,5
Seven_full (582).jpg,1
Seven_full (585).jpg,7
Seven_full (600).jpg,1
Seven_full (603).jpg,3
Seven_full (606).jpg,1
Seven_full (609).jpg,6
Seven_full (610).jpg,1
Seven_full (628).jpg,2
Seven_full (634).jpg,7
Seven_full (638).jpg,3
Seven_full (640).jpg,7
Seven_full (643).jpg,2
Seven_full (644).jpg,2
Seven_full (645).jpg,2
Seven_full (660).jpg,2
Seven_full (680).jpg,2
Seven_full (681).jpg,2
Seven_full (684).jpg,8
Seven_full (687).jpg,2
Seven_full (689).jpg,8
Seven_full (690).jpg,2
Seven_full (691).jpg,2
Seven_full (692).jpg,8
Seven_full (695).jpg,1
Seven_full (696).jpg,8
Seven_full (698).jpg,3
Seven_full (702).jpg,1
Seven_full (705).jpg,1
Seven_full (707).jpg,3
Seven_full (709).jpg,5
Seven_full (71).jpg,1
Seven_full (711).jpg,2
Seven_full (718).jpg,2
Seven_full (720).jpg,6
Seven_full (721).jpg,2
Seven_full (726).jpg,7
Seven_full (727).jpg,8
Seven_full (728).jpg,8
Seven_full (729).jpg,7
Seven_full (730).jpg,1
Seven_full (731).jpg,7
Seven_full (732).jpg,8
Seven_full (735).jpg,1
Seven_full (736).jpg,8
Seven_full (737).jpg,7
Seven_full (742).jpg,1
Seven_full (747).jpg,7
Seven_full (748).jpg,1
Seven_full (749).jpg,7
Seven_full (75).jpg,5
Seven_full (750).jpg,1
Seven_full (757).jpg,1
Seven_full (76).jpg,5
Seven_full (766).jpg,3
Seven_full (770).jpg,8
Seven_full (771).jpg,3
Seven_full (772).jpg,3
Seven_full (774).jpg,3
Seven_full (775).jpg,8
Seven_full (778).jpg,8
Seven_full (779).jpg,8
Seven_full (78).jpg,1
Seven_full (789).jpg,2
Seven_full (798).jpg,2
Seven_full (822).jpg,5
Seven_full (83).jpg,5
Seven_full (838).jpg,7
Seven_full (840).jpg,7
Seven_full (841).jpg,2
Seven_full (844).jpg,2
Seven_full (846).jpg,2
Seven_full (848).jpg,1
Seven_full (850).jpg,3
Seven_full (851).jpg,1
Seven_full (853).jpg,1
Seven_full (854).jpg,1
Seven_full (855).jpg,2
Seven_full (856).jpg,5
Seven_full (859).jpg,7
Seven_full (861).jpg,2
Seven_full (865).jpg,3
Seven_full (87).jpg,1
Seven_full (870).jpg,8
Seven_full (874).jpg,6
Seven_full (877).jpg,2
Seven_full (880).jpg,2
Seven_full (886).jpg,2
Seven_full (89).jpg,5
Seven_full (91).jpg,5
Seven_full (922).jpg,8
Seven_full (924).jpg,8
Seven_full (927).jpg,5
Seven_full (928).jpg,1
Seven_full (93).jpg,1
Seven_full (930).jpg,5
Seven_full (933).jpg,3
Seven_full (949).jpg,1
Seven_full (954).jpg,7
Seven_full (957).jpg,2
Seven_full (96).jpg,6
Seven_full (98).jpg,1
Eight_full (1000).jpg,3
Eight_full (1029).jpg,5
Eight_full (1030).jpg,1
Eight_full (1031).jpg,5
Eight_full (1032).jpg,5
Eight_full (1036).jpg,6
Eight_full (1039).jpg,1
Eight_full (1042).jpg,6
Eight_full (1050).jpg,5
Eight_full (1060).jpg,8
Eight_full (1065).jpg,6
Eight_full (1066).jpg,8
Eight_full (1067).jpg,4
Eight_full (1068).jpg,6
Eight_full (1069).jpg,8
Eight_full (107).jpg,8
Eight_full (1070).jpg,4
Eight_full (1071).jpg,8
Eight_full (1073).jpg,6
Eight_full (1076).jpg,1
Eight_full (1077).jpg,6
Eight_full (1079).jpg,8
Eight_full (1084).jpg,5
Eight_full (109).jpg,7
Eight_full (110).jpg,2
Eight_full (112).jpg,8
Eight_full (1128).jpg,8
Eight_full (113).jpg,2
Eight_full (114).jpg,8
Eight_full (1157).jpg,3
Eight_full (116).jpg,8
Eight_full (117).jpg,8
Eight_full (118).jpg,8
Eight_full (1181).jpg,1
Eight_full (1202).jpg,8
Eight_full (1204).jpg,8
Eight_full (1206).jpg,8
Eight_full (1207).jpg,4
Eight_full (1208).jpg,8
Eight_full (1209).jpg,8
Eight_full (1210).jpg,8
Eight_full (1215).jpg,5
Eight_full (1262).jpg,8
Eight_full (1268).jpg,8
Eight_full (1269).jpg,8
Eight_full (1270).jpg,8
Eight_full (1271).jpg,8
Eight_full (1274).jpg,6
Eight_full (128).jpg,5
Eight_full (1301).jpg,5
Eight_full (1305).jpg,5
Eight_full (132).jpg,5
Eight_full (1323).jpg,8
Eight_full (1324).jpg,3
Eight_full (1326).jpg,8
Eight_full (1330).jpg,8
Eight_full (1335).jpg,5
Eight_full (1346).jpg,5
Eight_full (1387).jpg,8
Eight_full (1389).jpg,8
Eight_full (1390).jpg,5
Eight_full (1395).jpg,5
Eight_full (1397).jpg,8
Eight_full (1398).jpg,8
Eight_full (1400).jpg,5
Eight_full (1401).jpg,8
Eight_full (1402).jpg,8
Eight_full (1403).jpg,8
Eight_full (1404).jpg,8
Eight_full (1405).jpg,8
Eight_full (1406).jpg,8
Eight_full (1407).jpg,8
Eight_full (1408).jpg,8
Eight_full (141).jpg,8
Eight_full (1410).jpg,5
Eight_full (1413).jpg,8
Eight_full (1415).jpg,8
Eight_full (1417).jpg,8
Eight_full (1419).jpg,8
Eight_full (1422).jpg,8
Eight_full (1424).jpg,5
Eight_full (1429).jpg,5
Eight_full (143).jpg,6
Eight_full (1430).jpg,5
Eight_full (1440).jpg,5
Eight_full (1449).jpg,8
Eight_full (1457).jpg,8
Eight_full (1473).jpg,8
Eight_full (1475).jpg,8
Eight_full (1479).jpg,8
Eight_full (1480).jpg,8
Eight_full (1481).jpg,8
Eight_full (1482).jpg,8
Eight_full (1484).jpg,5
Eight_full (1485).jpg,5
Eight_full (149).jpg,6
Eight_full (1490).jpg,8
Eight_full (1498).jpg,6
Eight_full (1500).jpg,5
Eight_full (1504).jpg,1
Eight_full (1505).jpg,8
Eight_full (1507).jpg,4
Eight_full (1508).jpg,8
Eight_full (1509).jpg,8
Eight_full (1513).jpg,8
Eight_full (1515).jpg,5
Eight_full (1517).jpg,5
Eight_full (1520).jpg,8
Eight_full (1529).jpg,5
Eight_full (1532).jpg,6
Eight_full (1533).jpg,8
Eight_full (1534).jpg,1
Eight_full (1535).jpg,8
Eight_full (1537).jpg,4
Eight_full (1538).jpg,8
Eight_full (1539).jpg,8
Eight_full (1540).jpg,8
Eight_full (1541).jpg,8
Eight_full (1542).jpg,8
Eight_full (1543).jpg,8
Eight_full (1544).jpg,8
Eight_full (1545).jpg,8
Eight_full (1546).jpg,8
Eight_full (1554).jpg,6
Eight_full (1555).jpg,8
Eight_full (1562).jpg,8
Eight_full (1563).jpg,8
Eight_full (1565).jpg,8
Eight_full (1566).jpg,8
Eight_full (1568).jpg,8
Eight_full (1569).jpg,8
Eight_full (1572).jpg,8
Eight_full (1573).jpg,8
Eight_full (1574).jpg,8
Eight_full (1575).jpg,8
Eight_full (1576).jpg,8
Eight_full (1580).jpg,6
Eight_full (1582).jpg,5
Eight_full (1583).jpg,3
Eight_full (1585).jpg,6
Eight_full (1588).jpg,8
Eight_full (1589).jpg,4
Eight_full (1590).jpg,5
Eight_full (1591).jpg,5
Eight_full (1592).jpg,5
Eight_full (1593).jpg,8
Eight_full (1596).jpg,5
Eight_full (1598).jpg,8
Eight_full (1599).jpg,5
Eight_full (1600).jpg,8
Eight_full (1601).jpg,8
Eight_full (1604).jpg,8
Eight_full (1605).jpg,8
Eight_full (1606).jpg,5
Eight_full (1635).jpg,5
Eight_full (1642).jpg,1
Eight_full (1644).jpg,8
Eight_full (1646).jpg,8
Eight_full (1649).jpg,8
Eight_full (165).jpg,8
Eight_full (1650).jpg,6
Eight_full (1651).jpg,8
Eight_full (1653).jpg,8
Eight_full (1654).jpg,6
Eight_full (1655).jpg,3
Eight_full (1656).jpg,8
Eight_full (1657).jpg,6
Eight_full (1658).jpg,8
Eight_full (1659).jpg,6
Eight_full (1661).jpg,5
Eight_full (1665).jpg,5
Eight_full (1679).jpg,5
Eight_full (1681).jpg,8
Eight_full (1682).jpg,8
Eight_full (1683).jpg,1
Eight_full (1685).jpg,8
Eight_full (1686).jpg,4
Eight_full (1687).jpg,8
Eight_full (1688).jpg,8
Eight_full (1692).jpg,2
Eight_full (1693).jpg,5
Eight_full (1694).jpg,0
Eight_full (1695).jpg,8
Eight_full (1699).jpg,8
Eight_full (1700).jpg,8
Eight_full (1704).jpg,8
Eight_full (1705).jpg,8
Eight_full (1710).jpg,8
Eight_full (1712).jpg,8
Eight_full (1731).jpg,5
Eight_full (1732).jpg,8
Eight_full (1733).jpg,8
Eight_full (1734).jpg,2
Eight_full (1735).jpg,8
Eight_full (1736).jpg,8
Eight_full (1740).jpg,8
Eight_full (1749).jpg,8
Eight_full (1755).jpg,8
Eight_full (1774).jpg,8
Eight_full (1775).jpg,5
Eight_full (1779).jpg,5
Eight_full (1783).jpg,5
Eight_full (1788).jpg,4
Eight_full (1789).jpg,8
Eight_full (1792).jpg,8
Eight_full (1793).jpg,8
Eight_full (1794).jpg,8
Eight_full (1796).jpg,8
Eight_full (1799).jpg,5
Eight_full (1804).jpg,8
Eight_full (1806).jpg,7
Eight_full (1809).jpg,8
Eight_full (1812).jpg,1
Eight_full (1815).jpg,8
Eight_full (1829).jpg,8
Eight_full (1839).jpg,3
Eight_full (1841).jpg,5
Eight_full (1844).jpg,2
Eight_full (1847).jpg,8
Eight_full (1848).jpg,4
Eight_full (1850).jpg,8
Eight_full (1853).jpg,8
Eight_full (1869).jpg,6
Eight_full (1870).jpg,5
Eight_full (1873).jpg,5
Eight_full (1876).jpg,8
Eight_full (1878).jpg,8
Eight_full (1883).jpg,8
Eight_full (1885).jpg,8
Eight_full (1886).jpg,8
Eight_full (1888).jpg,6
Eight_full (1896).jpg,6
Eight_full (1897).jpg,5
Eight_full (1898).jpg,2
Eight_full (1900).jpg,8
Eight_full (1901).jpg,8
Eight_full (1902).jpg,8
Eight_full (1903).jpg,5
Eight_full (1906).jpg,5
Eight_full (1907).jpg,5
Eight_full (1908).jpg,8
Eight_full (1910).jpg,8
Eight_full (1912).jpg,5
Eight_full (1913).jpg,6
Eight_full (1915).jpg,1
Eight_full (1920).jpg,8
Eight_full (1921).jpg,5
Eight_full (1935).jpg,5
Eight_full (1936).jpg,8
Eight_full (1937).jpg,8
Eight_full (1940).jpg,8
Eight_full (1944).jpg,6
Eight_full (1946).jpg,8
Eight_full (1949).jpg,5
Eight_full (1951).jpg,8
Eight_full (1952).jpg,8
Eight_full (1953).jpg,8
Eight_full (1954).jpg,8
Eight_full (1955).jpg,8
Eight_full (1956).jpg,1
Eight_full (1957).jpg,8
Eight_full (1958).jpg,5
Eight_full (1961).jpg,8
Eight_full (1962).jpg,8
Eight_full (1964).jpg,5
Eight_full (1965).jpg,8
Eight_full (1966).jpg,4
Eight_full (1971).jpg,1
Eight_full (1972).jpg,0
Eight_full (1973).jpg,6
Eight_full (1975).jpg,6
Eight_full (1976).jpg,2
Eight_full (1982).jpg,5
Eight_full (1985).jpg,8
Eight_full (1986).jpg,1
Eight_full (1995).jpg,3
Eight_full (2004).jpg,8
Eight_full (2005).jpg,8
Eight_full (2006).jpg,8
Eight_full (2007).jpg,5
Eight_full (2008).jpg,8
Eight_full (2009).jpg,8
Eight_full (2011).jpg,8
Eight_full (2012).jpg,8
Eight_full (2013).jpg,8
Eight_full (2014).jpg,6
Eight_full (2016).jpg,1
Eight_full (2017).jpg,8
Eight_full (2021).jpg,8
Eight_full (2024).jpg,4
Eight_full (2041).jpg,8
Eight_full (2042).jpg,8
Eight_full (2043).jpg,1
Eight_full (2044).jpg,8
Eight_full (2046).jpg,4
Eight_full (2048).jpg,8
Eight_full (2049).jpg,8
Eight_full (2050).jpg,8
Eight_full (2053).jpg,8
Eight_full (2054).jpg,6
Eight_full (2055).jpg,5
Eight_full (2064).jpg,5
Eight_full (2084).jpg,5
Eight_full (215).jpg,6
Eight_full (28).jpg,8
Eight_full (285).jpg,3
Eight_full (29).jpg,5
Eight_full (295).jpg,5
Eight_full (296).jpg,5
Eight_full (297).jpg,5
Eight_full (299).jpg,8
Eight_full (300).jpg,5
Eight_full (302).jpg,8
Eight_full (304).jpg,5
Eight_full (305).jpg,5
Eight_full (306).jpg,5
Eight_full (307).jpg,8
Eight_full (320).jpg,6
Eight_full (321).jpg,4
Eight_full (324).jpg,8
Eight_full (328).jpg,8
Eight_full (332).jpg,8
Eight_full (333).jpg,8
Eight_full (334).jpg,8
Eight_full (335).jpg,6
Eight_full (337).jpg,8
Eight_full (341).jpg,4
Eight_full (342).jpg,8
Eight_full (343).jpg,8
Eight_full (350).jpg,5
Eight_full (351).jpg,5
Eight_full (352).jpg,5
Eight_full (355).jpg,1
Eight_full (356).jpg,8
Eight_full (357).jpg,7
Eight_full (358).jpg,4
Eight_full (359).jpg,8
Eight_full (362).jpg,5
Eight_full (366).jpg,6
Eight_full (37).jpg,8
Eight_full (371).jpg,5
Eight_full (375).jpg,6
Eight_full (378).jpg,5
Eight_full (381).jpg,5
Eight_full (383).jpg,1
Eight_full (385).jpg,1
Eight_full (387).jpg,1
Eight_full (388).jpg,1
Eight_full (389).jpg,1
Eight_full (391).jpg,1
Eight_full (392).jpg,3
Eight_full (393).jpg,1
Eight_full (395).jpg,8
Eight_full (398).jpg,8
Eight_full (399).jpg,8
Eight_full (401).jpg,8
Eight_full (402).jpg,7
Eight_full (45).jpg,5
Eight_full (479).jpg,5
Eight_full (487).jpg,5
Eight_full (488).jpg,5
Eight_full (495).jpg,8
Eight_full (503).jpg,2
Eight_full (507).jpg,8
Eight_full (508).jpg,8
Eight_full (510).jpg,8
Eight_full (511).jpg,8
Eight_full (512).jpg,1
Eight_full (513).jpg,8
Eight_full (514).jpg,8
Eight_full (515).jpg,3
Eight_full (516).jpg,8
Eight_full (517).jpg,8
Eight_full (519).jpg,5
Eight_full (520).jpg,4
Eight_full (521).jpg,8
Eight_full (522).jpg,8
Eight_full (523).jpg,8
Eight_full (524).jpg,7
Eight_full (525).jpg,8
Eight_full (526).jpg,8
Eight_full (528).jpg,8
Eight_full (535).jpg,8
Eight_full (543).jpg,5
Eight_full (544).jpg,5
Eight_full (550).jpg,5
Eight_full (552).jpg,6
Eight_full (553).jpg,8
Eight_full (554).jpg,6
Eight_full (555).jpg,8
Eight_full (556).jpg,6
Eight_full (557).jpg,6
Eight_full (558).jpg,8
Eight_full (559).jpg,8
Eight_full (560).jpg,4
Eight_full (561).jpg,5
Eight_full (583).jpg,8
Eight_full (584).jpg,1
Eight_full (588).jpg,6
Eight_full (591).jpg,6
Eight_full (592).jpg,4
Eight_full (597).jpg,3
Eight_full (601).jpg,8
Eight_full (605).jpg,8
Eight_full (620).jpg,8
Eight_full (622).jpg,8
Eight_full (629).jpg,8
Eight_full (630).jpg,8
Eight_full (650).jpg,8
Eight_full (659).jpg,8
Eight_full (660).jpg,8
Eight_full (661).jpg,8
Eight_full (662).jpg,8
Eight_full (664).jpg,8
Eight_full (665).jpg,8
Eight_full (666).jpg,8
Eight_full (667).jpg,8
Eight_full (668).jpg,8
Eight_full (669).jpg,8
Eight_full (67).jpg,3
Eight_full (670).jpg,8
Eight_full (671).jpg,5
Eight_full (672).jpg,8
Eight_full (681).jpg,8
Eight_full (682).jpg,8
Eight_full (687).jpg,5
Eight_full (688).jpg,9
Eight_full (689).jpg,5
Eight_full (692).jpg,5
Eight_full (695).jpg,8
Eight_full (697).jpg,5
Eight_full (698).jpg,8
Eight_full (700).jpg,8
Eight_full (701).jpg,5
Eight_full (702).jpg,5
Eight_full (703).jpg,8
Eight_full (704).jpg,8
Eight_full (705).jpg,8
Eight_full (708).jpg,8
Eight_full (709).jpg,8
Eight_full (710).jpg,8
Eight_full (711).jpg,8
Eight_full (712).jpg,8
Eight_full (713).jpg,8
Eight_full (715).jpg,8
Eight_full (716).jpg,8
Eight_full (718).jpg,3
Eight_full (719).jpg,8
Eight_full (720).jpg,8
Eight_full (721).jpg,8
Eight_full (722).jpg,8
Eight_full (723).jpg,8
Eight_full (724).jpg,8
Eight_full (725).jpg,8
Eight_full (726).jpg,8
Eight_full (727).jpg,8
Eight_full (728).jpg,8
Eight_full (73).jpg,5
Eight_full (730).jpg,8
Eight_full (731).jpg,8
Eight_full (732).jpg,6
Eight_full (733).jpg,3
Eight_full (74).jpg,5
Eight_full (747).jpg,5
Eight_full (749).jpg,8
Eight_full (750).jpg,8
Eight_full (751).jpg,5
Eight_full (752).jpg,8
Eight_full (753).jpg,8
Eight_full (754).jpg,8
Eight_full (755).jpg,8
Eight_full (756).jpg,5
Eight_full (757).jpg,8
Eight_full (759).jpg,5
Eight_full (760).jpg,8
Eight_full (761).jpg,8
Eight_full (762).jpg,8
Eight_full (763).jpg,5
Eight_full (769).jpg,1
Eight_full (770).jpg,8
Eight_full (794).jpg,5
Eight_full (795).jpg,1
Eight_full (822).jpg,8
Eight_full (832).jpg,8
Eight_full (842).jpg,3
Eight_full (845).jpg,1
Eight_full (848).jpg,1
Eight_full (851).jpg,8
Eight_full (852).jpg,3
Eight_full (860).jpg,8
Eight_full (861).jpg,8
Eight_full (862).jpg,8
Eight_full (863).jpg,6
Eight_full (864).jpg,8
Eight_full (865).jpg,8
Eight_full (866).jpg,8
Eight_full (868).jpg,8
Eight_full (869).jpg,8
Eight_full (871).jpg,5
Eight_full (88).jpg,5
Eight_full (884).jpg,8
Eight_full (888).jpg,1
Eight_full (89).jpg,5
Eight_full (900).jpg,5
Eight_full (901).jpg,8
Eight_full (908).jpg,8
Eight_full (909).jpg,8
Eight_full (910).jpg,2
Eight_full (913).jpg,8
Eight_full (914).jpg,8
Eight_full (915).jpg,8
Eight_full (919).jpg,8
Eight_full (921).jpg,3
Eight_full (923).jpg,8
Eight_full (924).jpg,8
Eight_full (925).jpg,8
Eight_full (926).jpg,5
Eight_full (927).jpg,8
Eight_full (928).jpg,8
Eight_full (929).jpg,3
Eight_full (930).jpg,4
Eight_full (931).jpg,8
Eight_full (932).jpg,3
Eight_full (934).jpg,3
Eight_full (935).jpg,8
Eight_full (937).jpg,8
Eight_full (938).jpg,8
Eight_full (940).jpg,8
Eight_full (941).jpg,3
Eight_full (942).jpg,8
Eight_full (943).jpg,3
Eight_full (944).jpg,8
Eight_full (946).jpg,8
Eight_full (949).jpg,8
Eight_full (950).jpg,3
Eight_full (952).jpg,3
Eight_full (956).jpg,5
Eight_full (957).jpg,8
Eight_full (964).jpg,1
Eight_full (965).jpg,1
Eight_full (968).jpg,6
Eight_full (973).jpg,8
Eight_full (976).jpg,6
Eight_full (977).jpg,5
Eight_full (984).jpg,1
Eight_full (985).jpg,6
Eight_full (986).jpg,8
Eight_full (987).jpg,1
Eight_full (988).jpg,8
Eight_full (990).jpg,6
Eight_full (991).jpg,6
Eight_full (992).jpg,5
Eight_full (994).jpg,6
Eight_full (995).jpg,5
Eight_full (996).jpg,6
Nine_full (100).jpg,1
Nine_full (1005).jpg,7
Nine_full (1007).jpg,3
Nine_full (1008).jpg,9
Nine_full (1009).jpg,2
Nine_full (101).jpg,5
Nine_full (1011).jpg,6
Nine_full (1012).jpg,5
Nine_full (1014).jpg,3
Nine_full (1016).jpg,5
Nine_full (1017).jpg,5
Nine_full (1018).jpg,6
Nine_full (1019).jpg,5
Nine_full (102).jpg,8
Nine_full (1021).jpg,5
Nine_full (1022).jpg,5
Nine_full (1023).jpg,6
Nine_full (1024).jpg,8
Nine_full (103).jpg,5
Nine_full (1032).jpg,7
Nine_full (1034).jpg,3
Nine_full (1055).jpg,5
Nine_full (106).jpg,5
Nine_full (1083).jpg,8
Nine_full (109).jpg,9
Nine_full (1101).jpg,3
Nine_full (1102).jpg,9
Nine_full (1110).jpg,3
Nine_full (1128).jpg,1
Nine_full (1130).jpg,3
Nine_full (1131).jpg,9
Nine_full (1134).jpg,3
Nine_full (114).jpg,5
Nine_full (1140).jpg,4
Nine_full (1141).jpg,4
Nine_full (1143).jpg,9
Nine_full (1153).jpg,9
Nine_full (1168).jpg,9
Nine_full (1185).jpg,3
Nine_full (1188).jpg,3
Nine_full (1198).jpg,5
Nine_full (1200).jpg,3
Nine_full (1201).jpg,5
Nine_full (1203).jpg,8
Nine_full (1204).jpg,5
Nine_full (1206).jpg,3
Nine_full (1207).jpg,3
Nine_full (1208).jpg,4
Nine_full (1209).jpg,5
Nine_full (1210).jpg,4
Nine_full (1245).jpg,3
Nine_full (1253).jpg,4
Nine_full (1255).jpg,5
Nine_full (1256).jpg,5
Nine_full (1257).jpg,3
Nine_full (1258).jpg,3
Nine_full (1259).jpg,3
Nine_full (1260).jpg,3
Nine_full (1263).jpg,5
Nine_full (1265).jpg,3
Nine_full (1268).jpg,5
Nine_full (1269).jpg,5
Nine_full (1270).jpg,5
Nine_full (128).jpg,3
Nine_full (130).jpg,3
Nine_full (1319).jpg,9
Nine_full (132).jpg,3
Nine_full (1328).jpg,9
Nine_full (1329).jpg,9
Nine_full (133).jpg,5
Nine_full (1331).jpg,3
Nine_full (1332).jpg,3
Nine_full (1333).jpg,9
Nine_full (1334).jpg,9
Nine_full (1335).jpg,9
Nine_full (1337).jpg,3
Nine_full (1338).jpg,6
Nine_full (1339).jpg,5
Nine_full (1340).jpg,3
Nine_full (1341).jpg,3
Nine_full (1342).jpg,3
Nine_full (1343).jpg,5
Nine_full (1344).jpg,3
Nine_full (1361).jpg,9
Nine_full (1364).jpg,9
Nine_full (1365).jpg,7
Nine_full (1368).jpg,5
Nine_full (1379).jpg,3
Nine_full (138).jpg,3
Nine_full (1384).jpg,1
Nine_full (1385).jpg,3
Nine_full (1386).jpg,3
Nine_full (1387).jpg,0
Nine_full (1388).jpg,1
Nine_full (1391).jpg,5
Nine_full (1392).jpg,3
Nine_full (1395).jpg,3
Nine_full (1396).jpg,5
Nine_full (1399).jpg,1
Nine_full (1407).jpg,3
Nine_full (1409).jpg,3
Nine_full (1410).jpg,5
Nine_full (1411).jpg,1
Nine_full (1412).jpg,3
Nine_full (1413).jpg,5
Nine_full (1414).jpg,5
Nine_full (1421).jpg,5
Nine_full (1423).jpg,3
Nine_full (1424).jpg,3
Nine_full (1429).jpg,5
Nine_full (1431).jpg,3
Nine_full (1434).jpg,3
Nine_full (1436).jpg,4
Nine_full (1441).jpg,1
Nine_full (1444).jpg,5
Nine_full (1445).jpg,4
Nine_full (1448).jpg,5
Nine_full (1450).jpg,0
Nine_full (1455).jpg,9
Nine_full (1466).jpg,5
Nine_full (1467).jpg,3
Nine_full (1468).jpg,3
Nine_full (1469).jpg,3
Nine_full (1470).jpg,3
Nine_full (1471).jpg,4
Nine_full (1472).jpg,3
Nine_full (1473).jpg,3
Nine_full (1474).jpg,5
Nine_full (1475).jpg,3
Nine_full (1476).jpg,3
Nine_full (1477).jpg,3
Nine_full (1479).jpg,3
Nine_full (1480).jpg,3
Nine_full (1484).jpg,3
Nine_full (1493).jpg,5
Nine_full (1496).jpg,3
Nine_full (1497).jpg,9
Nine_full (1498).jpg,9
Nine_full (1499).jpg,9
Nine_full (1500).jpg,3
Nine_full (1501).jpg,6
Nine_full (1502).jpg,3
Nine_full (1503).jpg,9
Nine_full (1504).jpg,5
Nine_full (1505).jpg,3
Nine_full (1506).jpg,9
Nine_full (1508).jpg,3
Nine_full (1509).jpg,3
Nine_full (1510).jpg,9
Nine_full (1512).jpg,6
Nine_full (1516).jpg,6
Nine_full (1530).jpg,3
Nine_full (1531).jpg,6
Nine_full (1534).jpg,6
Nine_full (1536).jpg,3
Nine_full (1541).jpg,3
Nine_full (1542).jpg,3
Nine_full (1545).jpg,3
Nine_full (1549).jpg,3
Nine_full (1556).jpg,5
Nine_full (1557).jpg,3
Nine_full (1560).jpg,3
Nine_full (1561).jpg,5
Nine_full (1562).jpg,3
Nine_full (1563).jpg,4
Nine_full (1564).jpg,5
Nine_full (1565).jpg,3
Nine_full (1566).jpg,9
Nine_full (1572).jpg,7
Nine_full (1574).jpg,3
Nine_full (1576).jpg,5
Nine_full (1579).jpg,1
Nine_full (1580).jpg,4
Nine_full (1581).jpg,3
Nine_full (1583).jpg,3
Nine_full (1585).jpg,3
Nine_full (1591).jpg,2
Nine_full (160).jpg,3
Nine_full (1604).jpg,5
Nine_full (1607).jpg,3
Nine_full (1609).jpg,5
Nine_full (161).jpg,3
Nine_full (1617).jpg,3
Nine_full (162).jpg,3
Nine_full (1624).jpg,5
Nine_full (163).jpg,3
Nine_full (1631).jpg,5
Nine_full (1635).jpg,9
Nine_full (1636).jpg,5
Nine_full (1638).jpg,5
Nine_full (1639).jpg,5
Nine_full (164).jpg,3
Nine_full (1640).jpg,7
Nine_full (1641).jpg,8
Nine_full (1643).jpg,5
Nine_full (1644).jpg,8
Nine_full (1647).jpg,3
Nine_full (1648).jpg,3
Nine_full (1653).jpg,5
Nine_full (1656).jpg,3
Nine_full (1658).jpg,5
Nine_full (166).jpg,3
Nine_full (1663).jpg,3
Nine_full (1664).jpg,3
Nine_full (1665).jpg,3
Nine_full (1666).jpg,5
Nine_full (1667).jpg,9
Nine_full (1669).jpg,5
Nine_full (167).jpg,5
Nine_full (1671).jpg,9
Nine_full (1672).jpg,3
Nine_full (1675).jpg,3
Nine_full (1676).jpg,3
Nine_full (1677).jpg,9
Nine_full (1679).jpg,3
Nine_full (1680).jpg,3
Nine_full (1681).jpg,2
Nine_full (1683).jpg,0
Nine_full (1684).jpg,5
Nine_full (1685).jpg,1
Nine_full (1686).jpg,3
Nine_full (1687).jpg,3
Nine_full (1688).jpg,2
Nine_full (1689).jpg,9
Nine_full (1691).jpg,9
Nine_full (1693).jpg,9
Nine_full (1694).jpg,9
Nine_full (1695).jpg,3
Nine_full (1697).jpg,3
Nine_full (1698).jpg,4
Nine_full (17).jpg,7
Nine_full (170).jpg,3
Nine_full (1700).jpg,4
Nine_full (1701).jpg,9
Nine_full (1704).jpg,1
Nine_full (1706).jpg,5
Nine_full (1707).jpg,5
Nine_full (171).jpg,3
Nine_full (1716).jpg,3
Nine_full (1718).jpg,5
Nine_full (1719).jpg,3
Nine_full (172).jpg,5
Nine_full (1721).jpg,3
Nine_full (1725).jpg,3
Nine_full (1730).jpg,3
Nine_full (1731).jpg,3
Nine_full (1732).jpg,3
Nine_full (1734).jpg,3
Nine_full (1735).jpg,3
Nine_full (1736).jpg,3
Nine_full (1739).jpg,3
Nine_full (174).jpg,5
Nine_full (1743).jpg,3
Nine_full (1747).jpg,3
Nine_full (1748).jpg,3
Nine_full (175).jpg,5
Nine_full (1751).jpg,3
Nine_full (1754).jpg,4
Nine_full (1756).jpg,4
Nine_full (1758).jpg,5
Nine_full (1759).jpg,4
Nine_full (176).jpg,3
Nine_full (1762).jpg,5
Nine_full (1767).jpg,4
Nine_full (1768).jpg,4
Nine_full (1772).jpg,2
Nine_full (1774).jpg,5
Nine_full (1777).jpg,4
Nine_full (1780).jpg,4
Nine_full (1781).jpg,5
Nine_full (1782).jpg,4
Nine_full (1783).jpg,5
Nine_full (1789).jpg,1
Nine_full (179).jpg,1
Nine_full (1790).jpg,3
Nine_full (1795).jpg,9
Nine_full (180).jpg,4
Nine_full (1808).jpg,4
Nine_full (1809).jpg,5
Nine_full (1811).jpg,9
Nine_full (1812).jpg,3
Nine_full (1813).jpg,3
Nine_full (1814).jpg,3
Nine_full (1815).jpg,3
Nine_full (1816).jpg,5
Nine_full (1817).jpg,3
Nine_full (1818).jpg,6
Nine_full (1819).jpg,5
Nine_full (1820).jpg,3
Nine_full (1822).jpg,3
Nine_full (1825).jpg,3
Nine_full (1826).jpg,9
Nine_full (1827).jpg,9
Nine_full (1829).jpg,7
Nine_full (1831).jpg,5
Nine_full (1833).jpg,6
Nine_full (1834).jpg,5
Nine_full (1835).jpg,9
Nine_full (1836).jpg,9
Nine_full (1837).jpg,3
Nine_full (1838).jpg,4
Nine_full (1839).jpg,9
Nine_full (1842).jpg,5
Nine_full (1843).jpg,5
Nine_full (1844).jpg,5
Nine_full (1845).jpg,6
Nine_full (1846).jpg,6
Nine_full (1852).jpg,3
Nine_full (1856).jpg,3
Nine_full (1859).jpg,5
Nine_full (1862).jpg,3
Nine_full (1870).jpg,3
Nine_full (1871).jpg,9
Nine_full (1872).jpg,5
Nine_full (1873).jpg,3
Nine_full (1877).jpg,5
Nine_full (1884).jpg,5
Nine_full (1885).jpg,5
Nine_full (1886).jpg,3
Nine_full (1887).jpg,3
Nine_full (1888).jpg,3
Nine_full (1890).jpg,8
Nine_full (1891).jpg,1
Nine_full (1892).jpg,5
Nine_full (1895).jpg,3
Nine_full (1912).jpg,9
Nine_full (1913).jpg,8
Nine_full (1917).jpg,5
Nine_full (1918).jpg,1
Nine_full (1919).jpg,6
Nine_full (1921).jpg,1
Nine_full (1924).jpg,1
Nine_full (1926).jpg,1
Nine_full (1927).jpg,3
Nine_full (1928).jpg,3
Nine_full (1929).jpg,3
Nine_full (1930).jpg,3
Nine_full (1932).jpg,5
Nine_full (1940).jpg,3
Nine_full (1943).jpg,3
Nine_full (1946).jpg,3
Nine_full (1948).jpg,5
Nine_full (1949).jpg,5
Nine_full (1953).jpg,3
Nine_full (1954).jpg,1
Nine_full (1955).jpg,5
Nine_full (1956).jpg,3
Nine_full (1958).jpg,3
Nine_full (1961).jpg,3
Nine_full (1963).jpg,3
Nine_full (1964).jpg,5
Nine_full (1966).jpg,3
Nine_full (1973).jpg,7
Nine_full (1974).jpg,9
Nine_full (1975).jpg,7
Nine_full (1977).jpg,6
Nine_full (1979).jpg,3
Nine_full (1980).jpg,5
Nine_full (1981).jpg,4
Nine_full (1982).jpg,9
Nine_full (1983).jpg,9
Nine_full (1984).jpg,9
Nine_full (1986).jpg,9
Nine_full (1989).jpg,3
Nine_full (1991).jpg,3
Nine_full (1996).jpg,3
Nine_full (1997).jpg,3
Nine_full (20).jpg,8
Nine_full (200).jpg,3
Nine_full (2001).jpg,3
Nine_full (2003).jpg,4
Nine_full (2004).jpg,4
Nine_full (203).jpg,3
Nine_full (204).jpg,5
Nine_full (206).jpg,5
Nine_full (208).jpg,5
Nine_full (21).jpg,9
Nine_full (210).jpg,3
Nine_full (211).jpg,5
Nine_full (212).jpg,5
Nine_full (213).jpg,6
Nine_full (218).jpg,3
Nine_full (23).jpg,8
Nine_full (25).jpg,3
Nine_full (26).jpg,3
Nine_full (28).jpg,7
Nine_full (282).jpg,5
Nine_full (286).jpg,9
Nine_full (289).jpg,3
Nine_full (290).jpg,3
Nine_full (291).jpg,3
Nine_full (292).jpg,3
Nine_full (293).jpg,3
Nine_full (294).jpg,5
Nine_full (295).jpg,5
Nine_full (296).jpg,3
Nine_full (297).jpg,1
Nine_full (298).jpg,4
Nine_full (299).jpg,5
Nine_full (30).jpg,3
Nine_full (300).jpg,3
Nine_full (301).jpg,3
Nine_full (302).jpg,8
Nine_full (303).jpg,3
Nine_full (318).jpg,3
Nine_full (319).jpg,9
Nine_full (320).jpg,9
Nine_full (321).jpg,9
Nine_full (323).jpg,3
Nine_full (324).jpg,6
Nine_full (325).jpg,9
Nine_full (326).jpg,9
Nine_full (327).jpg,6
Nine_full (328).jpg,4
Nine_full (329).jpg,9
Nine_full (330).jpg,3
Nine_full (331).jpg,6
Nine_full (332).jpg,3
Nine_full (333).jpg,3
Nine_full (335).jpg,3
Nine_full (337).jpg,5
Nine_full (339).jpg,5
Nine_full (340).jpg,5
Nine_full (342).jpg,1
Nine_full (344).jpg,5
Nine_full (345).jpg,5
Nine_full (346).jpg,1
Nine_full (36).jpg,5
Nine_full (362).jpg,5
Nine_full (365).jpg,3
Nine_full (366).jpg,3
Nine_full (367).jpg,9
Nine_full (371).jpg,4
Nine_full (377).jpg,4
Nine_full (379).jpg,5
Nine_full (38).jpg,8
Nine_full (42).jpg,9
Nine_full (421).jpg,3
Nine_full (43).jpg,3
Nine_full (44).jpg,9
Nine_full (45).jpg,3
Nine_full (460).jpg,5
Nine_full (461).jpg,5
Nine_full (462).jpg,5
Nine_full (463).jpg,9
Nine_full (465).jpg,3
Nine_full (469).jpg,5
Nine_full (474).jpg,5
Nine_full (476).jpg,1
Nine_full (477).jpg,8
Nine_full (479).jpg,3
Nine_full (480).jpg,3
Nine_full (481).jpg,3
Nine_full (485).jpg,5
Nine_full (486).jpg,3
Nine_full (488).jpg,3
Nine_full (489).jpg,5
Nine_full (490).jpg,5
Nine_full (491).jpg,3
Nine_full (493).jpg,9
Nine_full (494).jpg,9
Nine_full (495).jpg,7
Nine_full (497).jpg,6
Nine_full (498).jpg,9
Nine_full (499).jpg,9
Nine_full (503).jpg,7
Nine_full (506).jpg,3
Nine_full (507).jpg,4
Nine_full (510).jpg,5
Nine_full (512).jpg,5
Nine_full (513).jpg,6
Nine_full (515).jpg,5
Nine_full (520).jpg,5
Nine_full (522).jpg,5
Nine_full (529).jpg,5
Nine_full (531).jpg,3
Nine_full (532).jpg,5
Nine_full (534).jpg,5
Nine_full (536).jpg,3
Nine_full (546).jpg,9
Nine_full (547).jpg,3
Nine_full (548).jpg,3
Nine_full (549).jpg,9
Nine_full (550).jpg,5
Nine_full (553).jpg,5
Nine_full (554).jpg,1
Nine_full (556).jpg,1
Nine_full (557).jpg,5
Nine_full (564).jpg,4
Nine_full (573).jpg,3
Nine_full (581).jpg,5
Nine_full (582).jpg,3
Nine_full (584).jpg,9
Nine_full (585).jpg,3
Nine_full (586).jpg,1
Nine_full (588).jpg,3
Nine_full (590).jpg,8
Nine_full (593).jpg,4
Nine_full (616).jpg,5
Nine_full (617).jpg,5
Nine_full (618).jpg,3
Nine_full (619).jpg,3
Nine_full (62).jpg,3
Nine_full (623).jpg,5
Nine_full (626).jpg,2
Nine_full (627).jpg,2
Nine_full (628).jpg,9
Nine_full (629).jpg,9
Nine_full (630).jpg,9
Nine_full (631).jpg,5
Nine_full (632).jpg,2
Nine_full (634).jpg,2
Nine_full (637).jpg,3
Nine_full (638).jpg,2
Nine_full (639).jpg,2
Nine_full (64).jpg,3
Nine_full (640).jpg,3
Nine_full (641).jpg,1
Nine_full (642).jpg,3
Nine_full (643).jpg,3
Nine_full (644).jpg,3
Nine_full (645).jpg,3
Nine_full (646).jpg,5
Nine_full (647).jpg,5
Nine_full (648).jpg,3
Nine_full (649).jpg,5
Nine_full (650).jpg,3
Nine_full (651).jpg,9
Nine_full (652).jpg,3
Nine_full (653).jpg,1
Nine_full (654).jpg,3
Nine_full (655).jpg,3
Nine_full (659).jpg,3
Nine_full (66).jpg,7
Nine_full (661).jpg,3
Nine_full (662).jpg,1
Nine_full (663).jpg,5
Nine_full (664).jpg,3
Nine_full (665).jpg,5
Nine_full (667).jpg,5
Nine_full (668).jpg,5
Nine_full (669).jpg,5
Nine_full (671).jpg,3
Nine_full (673).jpg,3
Nine_full (674).jpg,3
Nine_full (678).jpg,5
Nine_full (679).jpg,3
Nine_full (682).jpg,9
Nine_full (684).jpg,3
Nine_full (685).jpg,5
Nine_full (69).jpg,5
Nine_full (690).jpg,6
Nine_full (699).jpg,9
Nine_full (70).jpg,9
Nine_full (700).jpg,3
Nine_full (701).jpg,3
Nine_full (705).jpg,3
Nine_full (707).jpg,5
Nine_full (71).jpg,3
Nine_full (713).jpg,5
Nine_full (716).jpg,3
Nine_full (717).jpg,3
Nine_full (718).jpg,3
Nine_full (719).jpg,3
Nine_full (72).jpg,1
Nine_full (720).jpg,3
Nine_full (721).jpg,3
Nine_full (722).jpg,0
Nine_full (723).jpg,5
Nine_full (726).jpg,0
Nine_full (728).jpg,3
Nine_full (729).jpg,3
Nine_full (73).jpg,7
Nine_full (735).jpg,5
Nine_full (738).jpg,5
Nine_full (74).jpg,3
Nine_full (742).jpg,1
Nine_full (744).jpg,1
Nine_full (747).jpg,3
Nine_full (748).jpg,1
Nine_full (749).jpg,4
Nine_full (75).jpg,3
Nine_full (755).jpg,5
Nine_full (756).jpg,3
Nine_full (757).jpg,1
Nine_full (767).jpg,3
Nine_full (769).jpg,3
Nine_full (773).jpg,3
Nine_full (774).jpg,3
Nine_full (778).jpg,1
Nine_full (780).jpg,3
Nine_full (792).jpg,2
Nine_full (794).jpg,3
Nine_full (796).jpg,3
Nine_full (799).jpg,5
Nine_full (80).jpg,7
Nine_full (806).jpg,5
Nine_full (807).jpg,2
Nine_full (81).jpg,5
Nine_full (815).jpg,5
Nine_full (82).jpg,9
Nine_full (823).jpg,3
Nine_full (83).jpg,5
Nine_full (836).jpg,5
Nine_full (837).jpg,5
Nine_full (838).jpg,3
Nine_full (839).jpg,5
Nine_full (840).jpg,1
Nine_full (841).jpg,1
Nine_full (843).jpg,3
Nine_full (848).jpg,3
Nine_full (849).jpg,2
Nine_full (85).jpg,7
Nine_full (850).jpg,3
Nine_full (851).jpg,5
Nine_full (852).jpg,5
Nine_full (853).jpg,2
Nine_full (859).jpg,5
Nine_full (86).jpg,1
Nine_full (871).jpg,4
Nine_full (873).jpg,4
Nine_full (89).jpg,7
Nine_full (910).jpg,2
Nine_full (916).jpg,3
Nine_full (917).jpg,3
Nine_full (918).jpg,3
Nine_full (921).jpg,3
Nine_full (922).jpg,5
Nine_full (927).jpg,3
Nine_full (929).jpg,3
Nine_full (930).jpg,5
Nine_full (931).jpg,3
Nine_full (932).jpg,3
Nine_full (933).jpg,3
Nine_full (934).jpg,5
Nine_full (935).jpg,5
Nine_full (936).jpg,3
Nine_full (938).jpg,1
Nine_full (940).jpg,3
Nine_full (942).jpg,5
Nine_full (943).jpg,3
Nine_full (944).jpg,3
Nine_full (949).jpg,3
Nine_full (975).jpg,5
Nine_full (977).jpg,3
Nine_full (978).jpg,3
Nine_full (979).jpg,5
Nine_full (980).jpg,5
Nine_full (981).jpg,5
Nine_full (983).jpg,5
Nine_full (984).jpg,3
Nine_full (985).jpg,5
Nine_full (986).jpg,3
Nine_full (99).jpg,5
Nine_full (992).jpg,4
102.jpg,4
103.jpg,4
126.jpg,7
128.jpg,7
130.jpg,7
131.jpg,7
132.jpg,4
136.jpg,4
144.jpg,4
145.jpg,4
147.jpg,4
148.jpg,4
152.jpg,4
156.jpg,4
159.jpg,7
16.jpg,4
161.jpg,4
162.jpg,4
163.jpg,4
165.jpg,4
166.jpg,4
168.jpg,4
17.jpg,4
170.jpg,4
18.jpg,4
182.jpg,4
19.jpg,4
193.jpg,4
2.jpg,4
20.jpg,4
213.jpg,4
214.jpg,4
215.jpg,4
218.jpg,4
221.jpg,4
222.jpg,4
224.jpg,4
226.jpg,4
232.jpg,4
281.jpg,7
286.jpg,7
289.jpg,5
292.jpg,4
295.jpg,7
298.jpg,7
299.jpg,7
300.jpg,7
303.jpg,4
304.jpg,4
305.jpg,4
308.jpg,4
314.jpg,4
316.jpg,4
319.jpg,4
337.jpg,4
361.jpg,4
364.jpg,7
366.jpg,4
368.jpg,7
369.jpg,7
376.jpg,4
38.jpg,4
391.jpg,4
393.jpg,4
398.jpg,4
400.jpg,4
403.jpg,4
404.jpg,4
409.jpg,4
414.jpg,4
415.jpg,4
419.jpg,4
426.jpg,4
440.jpg,4
446.jpg,4
458.jpg,4
462.jpg,4
477.jpg,4
479.jpg,4
495.jpg,4
497.jpg,4
500.jpg,4
503.jpg,4
504.jpg,4
51.jpg,4
54.jpg,4
62.jpg,4
77.jpg,4
81.jpg,4
85.jpg,2
87.jpg,4
90.jpg,7
103.jpg,4
104.jpg,4
105.jpg,4
110.jpg,4
125.jpg,7
126.jpg,4
127.jpg,7
128.jpg,7
130.jpg,7
131.jpg,4
132.jpg,4
133.jpg,7
135.jpg,4
14.jpg,4
145.jpg,4
147.jpg,4
148.jpg,4
149.jpg,4
15.jpg,4
150.jpg,4
151.jpg,4
152.jpg,4
154.jpg,4
156.jpg,4
159.jpg,7
16.jpg,4
161.jpg,4
162.jpg,4
163.jpg,5
164.jpg,5
165.jpg,4
167.jpg,4
17.jpg,4
170.jpg,4
171.jpg,4
172.jpg,4
173.jpg,4
175.jpg,4
18.jpg,4
181.jpg,4
182.jpg,4
193.jpg,4
194.jpg,4
20.jpg,4
205.jpg,7
206.jpg,4
207.jpg,4
209.jpg,4
210.jpg,4
212.jpg,4
213.jpg,4
214.jpg,4
215.jpg,4
222.jpg,4
224.jpg,4
226.jpg,4
227.jpg,4
228.jpg,4
229.jpg,4
23.jpg,7
230.jpg,4
233.jpg,4
236.jpg,4
238.jpg,4
239.jpg,4
24.jpg,7
240.jpg,5
25.jpg,4
26.jpg,4
279.jpg,7
281.jpg,4
282.jpg,4
283.jpg,4
286.jpg,5
290.jpg,7
291.jpg,7
295.jpg,7
296.jpg,7
297.jpg,7
298.jpg,7
299.jpg,5
3.jpg,2
301.jpg,4
307.jpg,4
314.jpg,4
315.jpg,4
316.jpg,4
319.jpg,4
321.jpg,4
325.jpg,7
326.jpg,4
327.jpg,4
331.jpg,4
332.jpg,4
346.jpg,4
351.jpg,4
355.jpg,5
362.jpg,4
364.jpg,7
365.jpg,4
366.jpg,4
368.jpg,7
376.jpg,4
385.jpg,4
387.jpg,4
388.jpg,4
389.jpg,4
390.jpg,4
392.jpg,4
393.jpg,4
397.jpg,4
4.jpg,4
40.jpg,4
401.jpg,4
402.jpg,4
406.jpg,4
407.jpg,4
411.jpg,4
412.jpg,4
414.jpg,4
415.jpg,4
416.jpg,4
417.jpg,4
42.jpg,4
420.jpg,4
425.jpg,4
44.jpg,4
446.jpg,4
447.jpg,4
458.jpg,4
464.jpg,4
470.jpg,4
471.jpg,4
473.jpg,4
477.jpg,4
478.jpg,4
494.jpg,4
495.jpg,4
496.jpg,7
498.jpg,5
5.jpg,4
50.jpg,4
501.jpg,4
502.jpg,4
503.jpg,4
504.jpg,5
508.jpg,7
509.jpg,7
510.jpg,7
512.jpg,7
52.jpg,4
522.jpg,7
54.jpg,4
55.jpg,4
56.jpg,4
61.jpg,4
62.jpg,4
63.jpg,4
64.jpg,4
73.jpg,4
74.jpg,4
76.jpg,4
77.jpg,7
78.jpg,4
81.jpg,4
82.jpg,4
83.jpg,4
84.jpg,4
85.jpg,2
87.jpg,4
88.jpg,4
90.jpg,7
109.jpg,4
125.jpg,7
128.jpg,7
132.jpg,7
134.jpg,7
145.jpg,4
146.jpg,4
152.jpg,4
153.jpg,4
157.jpg,4
158.jpg,7
160.jpg,7
161.jpg,7
167.jpg,7
168.jpg,5
169.jpg,4
185.jpg,2
19.jpg,4
199.jpg,4
2.jpg,2
20.jpg,4
204.jpg,4
205.jpg,7
207.jpg,4
208.jpg,4
22.jpg,4
221.jpg,4
224.jpg,4
230.jpg,4
231.jpg,4
234.jpg,4
237.jpg,4
238.jpg,4
250.jpg,7
280.jpg,4
283.jpg,4
290.jpg,7
291.jpg,4
292.jpg,4
294.jpg,4
295.jpg,4
3.jpg,4
301.jpg,4
303.jpg,4
307.jpg,4
308.jpg,4
309.jpg,4
315.jpg,4
316.jpg,4
320.jpg,4
326.jpg,2
329.jpg,2
364.jpg,4
367.jpg,4
370.jpg,7
371.jpg,4
374.jpg,4
388.jpg,4
389.jpg,2
39.jpg,2
397.jpg,4
401.jpg,4
403.jpg,4
409.jpg,4
41.jpg,2
410.jpg,4
415.jpg,4
417.jpg,4
42.jpg,2
433.jpg,4
457.jpg,4
463.jpg,4
465.jpg,4
472.jpg,4
479.jpg,4
480.jpg,4
494.jpg,2
50.jpg,4
500.jpg,4
512.jpg,7
523.jpg,7
63.jpg,2
73.jpg,4
75.jpg,4
85.jpg,2
86.jpg,2
97.jpg,4
99.jpg,4
1.jpg,2
122.jpg,7
123.jpg,4
124.jpg,5
126.jpg,7
14.jpg,4
145.jpg,4
148.jpg,4
15.jpg,4
151.jpg,4
152.jpg,2
154.jpg,4
155.jpg,4
156.jpg,4
157.jpg,4
159.jpg,7
16.jpg,4
167.jpg,4
181.jpg,4
182.jpg,4
19.jpg,4
191.jpg,4
195.jpg,4
196.jpg,4
198.jpg,4
223.jpg,4
227.jpg,4
228.jpg,4
240.jpg,4
269.jpg,7
277.jpg,4
282.jpg,4
286.jpg,7
295.jpg,4
301.jpg,4
303.jpg,4
304.jpg,2
305.jpg,2
320.jpg,4
325.jpg,4
332.jpg,4
337.jpg,4
352.jpg,4
367.jpg,4
374.jpg,4
385.jpg,4
39.jpg,2
40.jpg,2
401.jpg,4
404.jpg,4
415.jpg,4
417.jpg,4
419.jpg,4
42.jpg,2
432.jpg,4
46.jpg,4
496.jpg,4
499.jpg,2
505.jpg,4
518.jpg,7
74.jpg,2
75.jpg,4
86.jpg,2
1.jpg,4
103.jpg,4
104.jpg,4
105.jpg,4
122.jpg,5
123.jpg,5
125.jpg,4
126.jpg,7
127.jpg,7
128.jpg,7
131.jpg,4
132.jpg,5
136.jpg,4
14.jpg,4
145.jpg,4
146.jpg,4
148.jpg,4
149.jpg,4
150.jpg,4
151.jpg,4
155.jpg,4
162.jpg,5
163.jpg,5
164.jpg,5
166.jpg,5
170.jpg,4
172.jpg,4
175.jpg,4
182.jpg,4
184.jpg,4
192.jpg,4
194.jpg,4
196.jpg,4
197.jpg,4
20.jpg,4
204.jpg,4
205.jpg,4
206.jpg,4
21.jpg,4
210.jpg,4
218.jpg,4
219.jpg,4
22.jpg,4
221.jpg,4
222.jpg,4
224.jpg,4
225.jpg,4
226.jpg,4
228.jpg,5
229.jpg,7
231.jpg,4
232.jpg,4
236.jpg,4
238.jpg,5
239.jpg,2
24.jpg,5
240.jpg,4
256.jpg,7
266.jpg,7
268.jpg,7
270.jpg,7
277.jpg,7
278.jpg,7
279.jpg,5
280.jpg,4
281.jpg,1
289.jpg,4
290.jpg,7
293.jpg,9
294.jpg,4
295.jpg,7
296.jpg,7
297.jpg,2
298.jpg,5
299.jpg,5
304.jpg,4
305.jpg,4
308.jpg,4
311.jpg,4
312.jpg,5
313.jpg,4
315.jpg,4
316.jpg,4
325.jpg,7
328.jpg,4
329.jpg,4
333.jpg,4
338.jpg,4
346.jpg,4
352.jpg,4
353.jpg,4
361.jpg,5
363.jpg,4
364.jpg,5
368.jpg,7
369.jpg,5
374.jpg,4
38.jpg,4
384.jpg,4
385.jpg,4
387.jpg,4
388.jpg,4
389.jpg,4
393.jpg,4
399.jpg,4
400.jpg,4
402.jpg,4
403.jpg,4
408.jpg,4
413.jpg,4
416.jpg,4
418.jpg,4
42.jpg,4
420.jpg,4
424.jpg,4
43.jpg,4
44.jpg,4
445.jpg,4
45.jpg,4
458.jpg,5
464.jpg,4
471.jpg,4
475.jpg,4
476.jpg,4
477.jpg,4
480.jpg,5
494.jpg,4
496.jpg,7
497.jpg,4
498.jpg,4
499.jpg,4
5.jpg,4
500.jpg,4
502.jpg,5
503.jpg,4
504.jpg,4
51.jpg,4
52.jpg,4
520.jpg,7
54.jpg,4
56.jpg,4
57.jpg,4
62.jpg,7
65.jpg,4
73.jpg,4
75.jpg,4
77.jpg,4
80.jpg,4
82.jpg,4
85.jpg,4
97.jpg,4
98.jpg,4
1.jpg,4
102.jpg,4
103.jpg,4
106.jpg,4
128.jpg,7
130.jpg,7
131.jpg,7
132.jpg,7
145.jpg,4
148.jpg,2
152.jpg,4
159.jpg,7
160.jpg,7
168.jpg,4
170.jpg,4
175.jpg,2
181.jpg,4
192.jpg,4
193.jpg,2
195.jpg,4
197.jpg,4
203.jpg,2
204.jpg,2
208.jpg,4
212.jpg,4
221.jpg,4
224.jpg,4
227.jpg,4
228.jpg,7
232.jpg,4
233.jpg,4
234.jpg,4
238.jpg,4
240.jpg,4
248.jpg,7
257.jpg,7
277.jpg,4
278.jpg,7
279.jpg,7
283.jpg,4
284.jpg,7
291.jpg,7
298.jpg,7
3.jpg,2
301.jpg,4
302.jpg,2
308.jpg,4
312.jpg,4
316.jpg,2
329.jpg,2
330.jpg,2
332.jpg,4
352.jpg,4
356.jpg,4
370.jpg,7
374.jpg,2
387.jpg,4
390.jpg,2
401.jpg,4
405.jpg,4
415.jpg,4
419.jpg,4
420.jpg,2
45.jpg,2
458.jpg,4
464.jpg,4
469.jpg,4
474.jpg,4
497.jpg,4
501.jpg,4
507.jpg,7
73.jpg,2
8.jpg,2
88.jpg,2
90.jpg,7
98.jpg,4
1.jpg,2
101.jpg,4
106.jpg,4
108.jpg,4
109.jpg,4
111.jpg,4
112.jpg,4
123.jpg,7
126.jpg,4
127.jpg,4
128.jpg,7
13.jpg,4
130.jpg,7
133.jpg,7
145.jpg,2
146.jpg,2
148.jpg,4
151.jpg,2
152.jpg,4
154.jpg,2
157.jpg,4
158.jpg,7
159.jpg,4
16.jpg,4
162.jpg,4
163.jpg,4
164.jpg,4
165.jpg,4
166.jpg,4
168.jpg,4
169.jpg,4
17.jpg,4
182.jpg,4
188.jpg,2
193.jpg,4
197.jpg,4
2.jpg,4
20.jpg,4
202.jpg,4
208.jpg,4
210.jpg,4
214.jpg,4
215.jpg,4
216.jpg,4
22.jpg,4
220.jpg,4
221.jpg,4
223.jpg,4
225.jpg,4
226.jpg,4
229.jpg,7
23.jpg,7
232.jpg,4
233.jpg,4
234.jpg,4
235.jpg,4
238.jpg,4
24.jpg,7
240.jpg,4
248.jpg,7
255.jpg,7
277.jpg,7
278.jpg,7
282.jpg,4
284.jpg,4
291.jpg,4
294.jpg,4
295.jpg,4
297.jpg,7
298.jpg,7
301.jpg,4
303.jpg,4
306.jpg,4
309.jpg,4
310.jpg,4
313.jpg,7
314.jpg,4
316.jpg,4
317.jpg,4
326.jpg,4
339.jpg,4
340.jpg,4
345.jpg,4
364.jpg,7
366.jpg,7
367.jpg,4
368.jpg,7
369.jpg,7
372.jpg,4
373.jpg,4
378.jpg,4
380.jpg,4
382.jpg,4
386.jpg,4
389.jpg,4
390.jpg,4
391.jpg,4
392.jpg,4
397.jpg,4
398.jpg,4
4.jpg,4
40.jpg,4
403.jpg,4
406.jpg,4
416.jpg,4
421.jpg,4
425.jpg,2
429.jpg,4
43.jpg,4
433.jpg,4
434.jpg,2
44.jpg,4
447.jpg,4
457.jpg,4
47.jpg,4
470.jpg,4
472.jpg,4
473.jpg,4
474.jpg,4
477.jpg,4
478.jpg,4
480.jpg,2
495.jpg,4
498.jpg,4
50.jpg,4
503.jpg,4
51.jpg,4
522.jpg,7
53.jpg,4
61.jpg,4
78.jpg,4
79.jpg,4
8.jpg,4
83.jpg,4
85.jpg,2
90.jpg,4
1.jpg,4
102.jpg,4
103.jpg,4
104.jpg,4
107.jpg,2
109.jpg,4
121.jpg,7
122.jpg,4
123.jpg,4
124.jpg,5
125.jpg,5
126.jpg,5
127.jpg,5
129.jpg,5
13.jpg,4
130.jpg,7
132.jpg,5
133.jpg,7
136.jpg,4
137.jpg,4
139.jpg,4
142.jpg,4
146.jpg,2
147.jpg,2
148.jpg,2
15.jpg,4
150.jpg,2
151.jpg,2
152.jpg,4
153.jpg,2
155.jpg,4
156.jpg,2
157.jpg,5
159.jpg,5
160.jpg,5
162.jpg,5
163.jpg,5
165.jpg,5
168.jpg,5
169.jpg,4
173.jpg,4
174.jpg,2
176.jpg,4
18.jpg,4
180.jpg,2
181.jpg,4
182.jpg,4
193.jpg,4
194.jpg,4
198.jpg,4
199.jpg,4
2.jpg,4
201.jpg,4
204.jpg,4
207.jpg,4
208.jpg,4
209.jpg,4
212.jpg,4
213.jpg,2
214.jpg,2
215.jpg,4
216.jpg,4
218.jpg,4
22.jpg,4
220.jpg,4
222.jpg,5
223.jpg,4
225.jpg,4
227.jpg,2
229.jpg,4
231.jpg,4
232.jpg,4
233.jpg,4
236.jpg,4
238.jpg,4
239.jpg,2
240.jpg,5
243.jpg,7
252.jpg,7
255.jpg,9
256.jpg,7
257.jpg,7
277.jpg,7
278.jpg,7
283.jpg,4
284.jpg,4
285.jpg,7
289.jpg,4
292.jpg,4
295.jpg,7
297.jpg,7
3.jpg,4
303.jpg,4
304.jpg,4
308.jpg,5
309.jpg,2
311.jpg,4
313.jpg,7
315.jpg,4
316.jpg,4
317.jpg,4
32.jpg,4
325.jpg,7
328.jpg,4
329.jpg,4
33.jpg,4
330.jpg,4
337.jpg,4
338.jpg,4
339.jpg,4
34.jpg,4
340.jpg,4
341.jpg,4
344.jpg,4
346.jpg,4
349.jpg,4
352.jpg,4
355.jpg,5
361.jpg,4
362.jpg,7
363.jpg,4
364.jpg,4
365.jpg,4
366.jpg,7
367.jpg,4
368.jpg,5
369.jpg,5
37.jpg,4
371.jpg,5
372.jpg,5
374.jpg,4
376.jpg,5
377.jpg,4
385.jpg,4
386.jpg,4
387.jpg,4
388.jpg,4
39.jpg,4
390.jpg,4
395.jpg,2
396.jpg,4
397.jpg,4
399.jpg,4
40.jpg,4
403.jpg,4
404.jpg,4
405.jpg,4
41.jpg,4
410.jpg,4
413.jpg,4
415.jpg,5
417.jpg,4
418.jpg,4
419.jpg,4
421.jpg,4
426.jpg,4
427.jpg,4
428.jpg,4
429.jpg,5
43.jpg,4
430.jpg,4
433.jpg,4
434.jpg,4
435.jpg,4
439.jpg,4
44.jpg,4
440.jpg,4
442.jpg,4
443.jpg,4
444.jpg,4
446.jpg,4
447.jpg,2
457.jpg,4
458.jpg,4
459.jpg,4
46.jpg,4
460.jpg,4
461.jpg,4
463.jpg,5
464.jpg,4
471.jpg,4
472.jpg,4
473.jpg,4
49.jpg,4
493.jpg,7
494.jpg,4
495.jpg,4
496.jpg,5
498.jpg,2
499.jpg,5
50.jpg,4
501.jpg,5
503.jpg,4
508.jpg,7
51.jpg,4
518.jpg,7
522.jpg,5
523.jpg,7
524.jpg,7
55.jpg,4
56.jpg,4
57.jpg,2
61.jpg,4
63.jpg,4
64.jpg,4
67.jpg,4
69.jpg,2
7.jpg,2
73.jpg,4
74.jpg,4
75.jpg,4
76.jpg,4
79.jpg,4
8.jpg,4
80.jpg,4
81.jpg,2
82.jpg,4
84.jpg,4
88.jpg,4
90.jpg,4
97.jpg,4
99.jpg,4
1.jpg,2
101.jpg,4
102.jpg,4
107.jpg,4
11.jpg,4
122.jpg,7
123.jpg,7
124.jpg,7
125.jpg,7
126.jpg,4
127.jpg,7
128.jpg,7
129.jpg,4
13.jpg,4
143.jpg,4
146.jpg,4
148.jpg,2
157.jpg,4
159.jpg,7
161.jpg,4
162.jpg,5
163.jpg,4
164.jpg,5
165.jpg,5
166.jpg,5
167.jpg,5
168.jpg,5
170.jpg,4
173.jpg,4
174.jpg,4
182.jpg,4
184.jpg,4
188.jpg,2
194.jpg,4
199.jpg,4
20.jpg,4
202.jpg,4
204.jpg,4
207.jpg,4
21.jpg,4
210.jpg,4
211.jpg,4
214.jpg,4
215.jpg,4
217.jpg,4
218.jpg,4
220.jpg,2
222.jpg,4
229.jpg,7
23.jpg,7
230.jpg,4
231.jpg,4
232.jpg,4
237.jpg,4
24.jpg,5
258.jpg,7
27.jpg,2
277.jpg,7
279.jpg,7
281.jpg,7
282.jpg,4
283.jpg,7
284.jpg,4
289.jpg,7
291.jpg,7
292.jpg,7
293.jpg,7
294.jpg,4
30.jpg,2
303.jpg,4
305.jpg,4
309.jpg,4
310.jpg,4
312.jpg,4
313.jpg,4
325.jpg,7
329.jpg,4
332.jpg,4
339.jpg,4
346.jpg,4
351.jpg,4
352.jpg,4
353.jpg,2
358.jpg,4
361.jpg,4
362.jpg,4
363.jpg,7
366.jpg,7
371.jpg,4
373.jpg,4
377.jpg,4
381.jpg,4
383.jpg,4
385.jpg,4
386.jpg,4
398.jpg,2
400.jpg,4
402.jpg,4
407.jpg,4
410.jpg,4
411.jpg,4
414.jpg,4
418.jpg,4
42.jpg,4
421.jpg,4
426.jpg,4
430.jpg,4
436.jpg,4
437.jpg,4
440.jpg,4
442.jpg,4
458.jpg,4
461.jpg,4
464.jpg,4
470.jpg,4
471.jpg,4
474.jpg,4
475.jpg,4
476.jpg,4
480.jpg,4
488.jpg,4
493.jpg,7
494.jpg,4
495.jpg,4
499.jpg,4
5.jpg,2
500.jpg,4
501.jpg,4
512.jpg,7
520.jpg,7
522.jpg,7
63.jpg,4
64.jpg,4
65.jpg,4
68.jpg,4
77.jpg,4
79.jpg,4
8.jpg,4
82.jpg,4
84.jpg,4
87.jpg,4
90.jpg,7
1.jpg,4
101.jpg,4
103.jpg,2
107.jpg,4
109.jpg,4
121.jpg,7
122.jpg,7
124.jpg,5
126.jpg,4
128.jpg,7
138.jpg,4
14.jpg,4
15.jpg,4
156.jpg,4
157.jpg,4
159.jpg,7
161.jpg,4
162.jpg,4
166.jpg,4
168.jpg,4
176.jpg,4
18.jpg,4
181.jpg,4
183.jpg,4
184.jpg,4
185.jpg,2
195.jpg,4
199.jpg,4
2.jpg,2
20.jpg,4
202.jpg,4
203.jpg,2
21.jpg,4
210.jpg,2
219.jpg,4
223.jpg,4
224.jpg,4
23.jpg,4
230.jpg,4
232.jpg,4
236.jpg,4
246.jpg,7
247.jpg,7
277.jpg,7
279.jpg,7
282.jpg,7
289.jpg,7
29.jpg,4
291.jpg,7
293.jpg,4
296.jpg,4
30.jpg,2
303.jpg,4
309.jpg,4
313.jpg,4
329.jpg,4
331.jpg,4
341.jpg,4
344.jpg,4
350.jpg,4
362.jpg,7
369.jpg,7
371.jpg,4
372.jpg,7
377.jpg,4
378.jpg,2
38.jpg,2
381.jpg,4
405.jpg,4
409.jpg,2
41.jpg,4
415.jpg,4
417.jpg,4
42.jpg,2
420.jpg,4
442.jpg,4
445.jpg,4
446.jpg,4
462.jpg,4
469.jpg,4
470.jpg,4
481.jpg,4
487.jpg,4
494.jpg,4
496.jpg,4
498.jpg,4
499.jpg,4
507.jpg,7
53.jpg,4
54.jpg,4
64.jpg,4
69.jpg,4
7.jpg,2
98.jpg,4
1.jpg,4
102.jpg,4
103.jpg,4
108.jpg,5
109.jpg,4
111.jpg,5
112.jpg,4
121.jpg,7
122.jpg,4
123.jpg,4
124.jpg,9
125.jpg,5
126.jpg,5
127.jpg,5
128.jpg,5
129.jpg,5
13.jpg,4
132.jpg,5
133.jpg,4
136.jpg,4
137.jpg,4
138.jpg,5
14.jpg,4
146.jpg,2
147.jpg,2
148.jpg,2
151.jpg,2
154.jpg,4
155.jpg,4
157.jpg,5
158.jpg,5
159.jpg,4
16.jpg,4
160.jpg,5
161.jpg,5
163.jpg,5
164.jpg,5
166.jpg,5
167.jpg,5
168.jpg,4
17.jpg,4
171.jpg,4
172.jpg,4
173.jpg,4
174.jpg,4
175.jpg,4
176.jpg,4
177.jpg,4
178.jpg,4
180.jpg,6
181.jpg,4
182.jpg,4
184.jpg,4
185.jpg,4
189.jpg,5
19.jpg,4
192.jpg,2
195.jpg,4
196.jpg,4
198.jpg,4
2.jpg,4
20.jpg,4
202.jpg,4
203.jpg,4
204.jpg,4
21.jpg,4
217.jpg,4
218.jpg,4
219.jpg,4
22.jpg,4
220.jpg,4
222.jpg,4
225.jpg,4
228.jpg,4
229.jpg,4
23.jpg,4
231.jpg,4
234.jpg,4
236.jpg,4
24.jpg,5
243.jpg,7
244.jpg,7
247.jpg,7
257.jpg,7
271.jpg,5
277.jpg,5
278.jpg,5
280.jpg,7
282.jpg,5
283.jpg,5
284.jpg,5
289.jpg,4
29.jpg,4
290.jpg,7
292.jpg,7
294.jpg,7
296.jpg,7
299.jpg,5
3.jpg,4
30.jpg,4
300.jpg,5
302.jpg,4
303.jpg,4
304.jpg,4
307.jpg,4
309.jpg,4
310.jpg,4
311.jpg,4
313.jpg,7
314.jpg,4
317.jpg,4
319.jpg,4
320.jpg,4
325.jpg,4
326.jpg,4
328.jpg,4
329.jpg,4
337.jpg,4
341.jpg,4
346.jpg,4
349.jpg,4
351.jpg,4
352.jpg,4
356.jpg,4
36.jpg,2
361.jpg,4
363.jpg,4
364.jpg,5
365.jpg,5
366.jpg,7
367.jpg,4
370.jpg,4
371.jpg,5
372.jpg,4
373.jpg,4
374.jpg,4
375.jpg,4
379.jpg,5
38.jpg,4
382.jpg,4
383.jpg,4
385.jpg,4
386.jpg,4
388.jpg,4
39.jpg,4
392.jpg,4
393.jpg,4
396.jpg,4
397.jpg,4
398.jpg,4
399.jpg,4
40.jpg,4
400.jpg,5
401.jpg,4
404.jpg,4
406.jpg,5
407.jpg,4
408.jpg,4
409.jpg,4
41.jpg,4
412.jpg,4
413.jpg,4
416.jpg,4
418.jpg,4
42.jpg,4
422.jpg,4
423.jpg,4
424.jpg,4
425.jpg,4
426.jpg,4
427.jpg,5
429.jpg,4
431.jpg,4
432.jpg,4
439.jpg,4
441.jpg,4
442.jpg,4
443.jpg,4
444.jpg,4
446.jpg,4
45.jpg,4
458.jpg,5
459.jpg,4
460.jpg,5
462.jpg,5
464.jpg,5
465.jpg,5
469.jpg,4
471.jpg,4
472.jpg,4
474.jpg,4
478.jpg,5
479.jpg,4
480.jpg,2
481.jpg,4
494.jpg,4
495.jpg,4
497.jpg,4
5.jpg,4
500.jpg,5
502.jpg,5
509.jpg,7
51.jpg,4
512.jpg,2
55.jpg,4
56.jpg,4
57.jpg,5
61.jpg,4
66.jpg,4
67.jpg,4
75.jpg,4
76.jpg,4
78.jpg,4
79.jpg,4
8.jpg,4
83.jpg,4
85.jpg,4
9.jpg,4
97.jpg,4
100.jpg,2
102.jpg,4
103.jpg,2
106.jpg,4
112.jpg,4
123.jpg,4
126.jpg,4
127.jpg,7
132.jpg,4
133.jpg,4
142.jpg,4
144.jpg,4
147.jpg,2
150.jpg,2
158.jpg,7
159.jpg,7
161.jpg,4
163.jpg,4
164.jpg,4
168.jpg,4
172.jpg,4
175.jpg,2
18.jpg,4
185.jpg,4
189.jpg,4
19.jpg,2
20.jpg,4
202.jpg,2
21.jpg,2
212.jpg,4
217.jpg,4
218.jpg,4
221.jpg,4
224.jpg,4
225.jpg,4
227.jpg,4
229.jpg,7
234.jpg,4
239.jpg,2
240.jpg,4
246.jpg,7
273.jpg,7
277.jpg,7
284.jpg,7
294.jpg,4
307.jpg,4
308.jpg,4
319.jpg,4
321.jpg,4
327.jpg,4
328.jpg,4
330.jpg,2
338.jpg,2
340.jpg,4
342.jpg,4
363.jpg,7
364.jpg,7
365.jpg,7
372.jpg,4
375.jpg,4
38.jpg,2
386.jpg,4
390.jpg,2
391.jpg,4
393.jpg,4
395.jpg,4
400.jpg,4
403.jpg,4
408.jpg,2
424.jpg,4
425.jpg,4
435.jpg,4
443.jpg,2
446.jpg,2
465.jpg,4
469.jpg,4
492.jpg,2
493.jpg,7
496.jpg,4
5.jpg,4
501.jpg,4
508.jpg,7
524.jpg,7
62.jpg,4
77.jpg,4
78.jpg,2
82.jpg,2
86.jpg,4
87.jpg,7
90.jpg,7
98.jpg,4
