filename,text,category,length
images/letters/letters_000001.png,ZIXYYOA,letters,7
images/letters/letters_000002.png,VTKJMGLE,letters,8
images/letters/letters_000003.png,UWMZWI,letters,6
images/letters/letters_000004.png,TJNEDO,letters,6
images/letters/letters_000005.png,JAQJ,letters,4
images/letters/letters_000006.png,USOYUQNG,letters,8
images/letters/letters_000007.png,QVAY,letters,4
images/letters/letters_000008.png,ZOXA,letters,4
images/letters/letters_000009.png,DIXZZKKM,letters,8
images/letters/letters_000010.png,BBW,letters,3
images/letters/letters_000011.png,RHPQJPSZ,letters,8
images/letters/letters_000012.png,YTNC,letters,4
images/letters/letters_000013.png,PGYQNT,letters,6
images/letters/letters_000014.png,ZTFSYY,letters,6
images/letters/letters_000015.png,NZR,letters,3
images/letters/letters_000016.png,QMPTFG,letters,6
images/letters/letters_000017.png,ZFYSB,letters,5
images/letters/letters_000018.png,JROC,letters,4
images/letters/letters_000019.png,JXA,letters,3
images/letters/letters_000020.png,USPUPGUJ,letters,8
images/letters/letters_000021.png,FCSI,letters,4
images/letters/letters_000022.png,ULI,letters,3
images/letters/letters_000023.png,NWNR,letters,4
images/letters/letters_000024.png,ABBLSI,letters,6
images/letters/letters_000025.png,NJUFGQYL,letters,8
images/letters/letters_000026.png,VWBOONVH,letters,8
images/letters/letters_000027.png,JFXXAZQG,letters,8
images/letters/letters_000028.png,TXIYIJEJ,letters,8
images/letters/letters_000029.png,VOIEFVE,letters,7
images/letters/letters_000030.png,PTYBIOQ,letters,7
images/letters/letters_000031.png,NOZVAAUF,letters,8
images/letters/letters_000032.png,CARUX,letters,5
images/letters/letters_000033.png,HHSZZ,letters,5
images/letters/letters_000034.png,EYVN,letters,4
images/letters/letters_000035.png,EWPW,letters,4
images/letters/letters_000036.png,BSPT,letters,4
images/letters/letters_000037.png,NBESHJCW,letters,8
images/letters/letters_000038.png,QRMIPCA,letters,7
images/letters/letters_000039.png,NPR,letters,3
images/letters/letters_000040.png,UGNVNEDK,letters,8
images/letters/letters_000041.png,FUORU,letters,5
images/letters/letters_000042.png,OQJWNWVC,letters,8
images/letters/letters_000043.png,ZQJCYHQ,letters,7
images/letters/letters_000044.png,QEFXKX,letters,6
images/letters/letters_000045.png,KMPASCUA,letters,8
images/letters/letters_000046.png,MBQ,letters,3
images/letters/letters_000047.png,LJHLJWH,letters,7
images/letters/letters_000048.png,DBHJDKF,letters,7
images/letters/letters_000049.png,YSOHEJEU,letters,8
images/letters/letters_000050.png,WRSYSUI,letters,7
images/letters/letters_000051.png,EKCBKZ,letters,6
images/letters/letters_000052.png,WOLB,letters,4
images/letters/letters_000053.png,YWHQZVB,letters,7
images/letters/letters_000054.png,FVTW,letters,4
images/letters/letters_000055.png,YUTOK,letters,5
images/letters/letters_000056.png,RMXOIB,letters,6
images/letters/letters_000057.png,RGTA,letters,4
images/letters/letters_000058.png,TXJCZUC,letters,7
images/letters/letters_000059.png,NSPTFR,letters,6
images/letters/letters_000060.png,MURT,letters,4
images/letters/letters_000061.png,TILRGPD,letters,7
images/letters/letters_000062.png,CKMGUSMT,letters,8
images/letters/letters_000063.png,BGGFNSX,letters,7
images/letters/letters_000064.png,DNVY,letters,4
images/letters/letters_000065.png,LCGZ,letters,4
images/letters/letters_000066.png,TLJAQ,letters,5
images/letters/letters_000067.png,NLSAFWS,letters,7
images/letters/letters_000068.png,QDJLG,letters,5
images/letters/letters_000069.png,JRTGPB,letters,6
images/letters/letters_000070.png,QNCOX,letters,5
images/letters/letters_000071.png,IZB,letters,3
images/letters/letters_000072.png,XFFDKETN,letters,8
images/letters/letters_000073.png,QWAREDV,letters,7
images/letters/letters_000074.png,RGDY,letters,4
images/letters/letters_000075.png,GGF,letters,3
images/letters/letters_000076.png,JLN,letters,3
images/letters/letters_000077.png,JGHJJPN,letters,7
images/letters/letters_000078.png,RLGBHTG,letters,7
images/letters/letters_000079.png,FQFHF,letters,5
images/letters/letters_000080.png,CYNCMR,letters,6
images/letters/letters_000081.png,TDHKKZR,letters,7
images/letters/letters_000082.png,QTBDJX,letters,6
images/letters/letters_000083.png,RVNDUW,letters,6
images/letters/letters_000084.png,ZGFN,letters,4
images/letters/letters_000085.png,YWFB,letters,4
images/letters/letters_000086.png,OMIJVAPW,letters,8
images/letters/letters_000087.png,MMHHFTE,letters,7
images/letters/letters_000088.png,SAE,letters,3
images/letters/letters_000089.png,SFPHTHVL,letters,8
images/letters/letters_000090.png,HZTCPMQA,letters,8
images/letters/letters_000091.png,WAMMOI,letters,6
images/letters/letters_000092.png,BHBW,letters,4
images/letters/letters_000093.png,FYDUPCE,letters,7
images/letters/letters_000094.png,CYBWJB,letters,6
images/letters/letters_000095.png,SISYYFV,letters,7
images/letters/letters_000096.png,WPR,letters,3
images/letters/letters_000097.png,TIN,letters,3
images/letters/letters_000098.png,XGRP,letters,4
images/letters/letters_000099.png,MBJNKXC,letters,7
images/letters/letters_000100.png,IIPEJDS,letters,7
images/letters/letters_000101.png,UEHQHAA,letters,7
images/letters/letters_000102.png,CDAI,letters,4
images/letters/letters_000103.png,WBD,letters,3
images/letters/letters_000104.png,TZDDEL,letters,6
images/letters/letters_000105.png,FOWCELQE,letters,8
images/letters/letters_000106.png,CLWU,letters,4
images/letters/letters_000107.png,IHKQEG,letters,6
images/letters/letters_000108.png,GTWN,letters,4
images/letters/letters_000109.png,KXW,letters,3
images/letters/letters_000110.png,ZBUOO,letters,5
images/letters/letters_000111.png,VGPGNLE,letters,7
images/letters/letters_000112.png,SEFLIM,letters,6
images/letters/letters_000113.png,WTWIPSSG,letters,8
images/letters/letters_000114.png,KNXO,letters,4
images/letters/letters_000115.png,ADACOE,letters,6
images/letters/letters_000116.png,LZVDCZ,letters,6
images/letters/letters_000117.png,MLHTDD,letters,6
images/letters/letters_000118.png,JBASECY,letters,7
images/letters/letters_000119.png,XFI,letters,3
images/letters/letters_000120.png,OVBSLKW,letters,7
images/letters/letters_000121.png,IMLNHWO,letters,7
images/letters/letters_000122.png,CFDDHOB,letters,7
images/letters/letters_000123.png,SHMCVZD,letters,7
images/letters/letters_000124.png,DMCU,letters,4
images/letters/letters_000125.png,CWUVIVTL,letters,8
images/letters/letters_000126.png,JQC,letters,3
images/letters/letters_000127.png,MZOQK,letters,5
images/letters/letters_000128.png,RNN,letters,3
images/letters/letters_000129.png,SWPTFCC,letters,7
images/letters/letters_000130.png,PDWPOTW,letters,7
images/letters/letters_000131.png,KZQPE,letters,5
images/letters/letters_000132.png,ODJWEL,letters,6
images/letters/letters_000133.png,LZTALJBD,letters,8
images/letters/letters_000134.png,QITLTYP,letters,7
images/letters/letters_000135.png,OSBB,letters,4
images/letters/letters_000136.png,CII,letters,3
images/letters/letters_000137.png,GEEYMG,letters,6
images/letters/letters_000138.png,LEDFFZLF,letters,8
images/letters/letters_000139.png,DVTD,letters,4
images/letters/letters_000140.png,KUYXVY,letters,6
images/letters/letters_000141.png,EPXM,letters,4
images/letters/letters_000142.png,VBPUF,letters,5
images/letters/letters_000143.png,WYF,letters,3
images/letters/letters_000144.png,OHDEMOM,letters,7
images/letters/letters_000145.png,YOKOFM,letters,6
images/letters/letters_000146.png,FRMZGL,letters,6
images/letters/letters_000147.png,WSL,letters,3
images/letters/letters_000148.png,JXIIUUO,letters,7
images/letters/letters_000149.png,QPRFH,letters,5
images/letters/letters_000150.png,XVFR,letters,4
images/letters/letters_000151.png,WMUUP,letters,5
images/letters/letters_000152.png,WIAG,letters,4
images/letters/letters_000153.png,TLXXWL,letters,6
images/letters/letters_000154.png,BNNPQKP,letters,7
images/letters/letters_000155.png,GTRRIJJQ,letters,8
images/letters/letters_000156.png,FWS,letters,3
images/letters/letters_000157.png,BSEEFTRV,letters,8
images/letters/letters_000158.png,GPX,letters,3
images/letters/letters_000159.png,NFHRD,letters,5
images/letters/letters_000160.png,GAIBFQU,letters,7
images/letters/letters_000161.png,JZIG,letters,4
images/letters/letters_000162.png,BGC,letters,3
images/letters/letters_000163.png,PXOZULP,letters,7
images/letters/letters_000164.png,HCEGEME,letters,7
images/letters/letters_000165.png,YJHY,letters,4
images/letters/letters_000166.png,ZZAY,letters,4
images/letters/letters_000167.png,VBWCTO,letters,6
images/letters/letters_000168.png,BBQSOY,letters,6
images/letters/letters_000169.png,MZO,letters,3
images/letters/letters_000170.png,DUDQKFT,letters,7
images/letters/letters_000171.png,DVYOREO,letters,7
images/letters/letters_000172.png,TFENCTPS,letters,8
images/letters/letters_000173.png,PKUUTVDR,letters,8
images/letters/letters_000174.png,GXY,letters,3
images/letters/letters_000175.png,WEBTY,letters,5
images/letters/letters_000176.png,QPRO,letters,4
images/letters/letters_000177.png,FBYA,letters,4
images/letters/letters_000178.png,FXWZAUXL,letters,8
images/letters/letters_000179.png,MHRW,letters,4
images/letters/letters_000180.png,BTNXECL,letters,7
images/letters/letters_000181.png,TPDKQX,letters,6
images/letters/letters_000182.png,KZP,letters,3
images/letters/letters_000183.png,DUNYD,letters,5
images/letters/letters_000184.png,OLE,letters,3
images/letters/letters_000185.png,DHUAJVDN,letters,8
images/letters/letters_000186.png,SCADK,letters,5
images/letters/letters_000187.png,WUNZDKAW,letters,8
images/letters/letters_000188.png,DPKSARX,letters,7
images/letters/letters_000189.png,XINJBVQ,letters,7
images/letters/letters_000190.png,SSON,letters,4
images/letters/letters_000191.png,RID,letters,3
images/letters/letters_000192.png,AEBC,letters,4
images/letters/letters_000193.png,NZJDKF,letters,6
images/letters/letters_000194.png,RPVOZC,letters,6
images/letters/letters_000195.png,HZK,letters,3
images/letters/letters_000196.png,TNLUI,letters,5
images/letters/letters_000197.png,ZSDC,letters,4
images/letters/letters_000198.png,PFVONAQE,letters,8
images/letters/letters_000199.png,ULYH,letters,4
images/letters/letters_000200.png,FJYRHDMI,letters,8
images/letters/letters_000201.png,HNYMJ,letters,5
images/letters/letters_000202.png,BPALE,letters,5
images/letters/letters_000203.png,DPYFMWJF,letters,8
images/letters/letters_000204.png,HUDMW,letters,5
images/letters/letters_000205.png,EIUQLOT,letters,7
images/letters/letters_000206.png,EJRVK,letters,5
images/letters/letters_000207.png,CGRBTQYO,letters,8
images/letters/letters_000208.png,WAIL,letters,4
images/letters/letters_000209.png,CZQPU,letters,5
images/letters/letters_000210.png,WWFDQ,letters,5
images/letters/letters_000211.png,SJOBIXMO,letters,8
images/letters/letters_000212.png,BDJALLTM,letters,8
images/letters/letters_000213.png,WBMWAG,letters,6
images/letters/letters_000214.png,CJQRLWHP,letters,8
images/letters/letters_000215.png,TKICFKAA,letters,8
images/letters/letters_000216.png,ZJW,letters,3
images/letters/letters_000217.png,OLTFT,letters,5
images/letters/letters_000218.png,CWQK,letters,4
images/letters/letters_000219.png,ROTDTY,letters,6
images/letters/letters_000220.png,UXCQ,letters,4
images/letters/letters_000221.png,HENCHG,letters,6
images/letters/letters_000222.png,QEKNGFDB,letters,8
images/letters/letters_000223.png,VFRR,letters,4
images/letters/letters_000224.png,ZMMVB,letters,5
images/letters/letters_000225.png,WSOTNIA,letters,7
images/letters/letters_000226.png,KREHFTAA,letters,8
images/letters/letters_000227.png,KFRJWTYF,letters,8
images/letters/letters_000228.png,QVPUNW,letters,6
images/letters/letters_000229.png,ATA,letters,3
images/letters/letters_000230.png,BNUTWHY,letters,7
images/letters/letters_000231.png,SHXEUM,letters,6
images/letters/letters_000232.png,HEA,letters,3
images/letters/letters_000233.png,NARYPA,letters,6
images/letters/letters_000234.png,SBAX,letters,4
images/letters/letters_000235.png,GNWBHZJ,letters,7
images/letters/letters_000236.png,CCFCU,letters,5
images/letters/letters_000237.png,GNYMIQYF,letters,8
images/letters/letters_000238.png,LHXNINB,letters,7
images/letters/letters_000239.png,SHKOE,letters,5
images/letters/letters_000240.png,MFAFKPYA,letters,8
images/letters/letters_000241.png,ZFRCATWM,letters,8
images/letters/letters_000242.png,HZP,letters,3
images/letters/letters_000243.png,MPXQNALR,letters,8
images/letters/letters_000244.png,XUPTGRDV,letters,8
images/letters/letters_000245.png,EWUR,letters,4
images/letters/letters_000246.png,WTIDZM,letters,6
images/letters/letters_000247.png,FIXH,letters,4
images/letters/letters_000248.png,QTHZM,letters,5
images/letters/letters_000249.png,JOV,letters,3
images/letters/letters_000250.png,CWKR,letters,4
images/letters/letters_000251.png,PVHVSZBC,letters,8
images/letters/letters_000252.png,HDYKPPOQ,letters,8
images/letters/letters_000253.png,MTPBV,letters,5
images/letters/letters_000254.png,JTAJ,letters,4
images/letters/letters_000255.png,QIPYXOJ,letters,7
images/letters/letters_000256.png,WUOS,letters,4
images/letters/letters_000257.png,DEZ,letters,3
images/letters/letters_000258.png,SHDT,letters,4
images/letters/letters_000259.png,AKCMODTQ,letters,8
images/letters/letters_000260.png,SKVF,letters,4
images/letters/letters_000261.png,TUIX,letters,4
images/letters/letters_000262.png,YMIDVEU,letters,7
images/letters/letters_000263.png,NHXZI,letters,5
images/letters/letters_000264.png,XZUNCWV,letters,7
images/letters/letters_000265.png,NUKMYIT,letters,7
images/letters/letters_000266.png,JAL,letters,3
images/letters/letters_000267.png,CGVOJ,letters,5
images/letters/letters_000268.png,VQZZDZ,letters,6
images/letters/letters_000269.png,PFKJMQ,letters,6
images/letters/letters_000270.png,FMNUE,letters,5
images/letters/letters_000271.png,CQYKQEYP,letters,8
images/letters/letters_000272.png,HTRKRMJP,letters,8
images/letters/letters_000273.png,GHITNQ,letters,6
images/letters/letters_000274.png,NTCNTVVU,letters,8
images/letters/letters_000275.png,NDHXTKIY,letters,8
images/letters/letters_000276.png,WUURTXGD,letters,8
images/letters/letters_000277.png,WOY,letters,3
images/letters/letters_000278.png,BAGRHV,letters,6
images/letters/letters_000279.png,YTMY,letters,4
images/letters/letters_000280.png,CKM,letters,3
images/letters/letters_000281.png,XBPFQ,letters,5
images/letters/letters_000282.png,CXHUITD,letters,7
images/letters/letters_000283.png,DMZYHVK,letters,7
images/letters/letters_000284.png,CUAHHIZG,letters,8
images/letters/letters_000285.png,SVCWLXPU,letters,8
images/letters/letters_000286.png,NCFTSG,letters,6
images/letters/letters_000287.png,SNUGZF,letters,6
images/letters/letters_000288.png,NQICKKUU,letters,8
images/letters/letters_000289.png,CPAO,letters,4
images/letters/letters_000290.png,DLWXUO,letters,6
images/letters/letters_000291.png,DIPQYIE,letters,7
images/letters/letters_000292.png,MGLLWCMW,letters,8
images/letters/letters_000293.png,YQX,letters,3
images/letters/letters_000294.png,MDLZECA,letters,7
images/letters/letters_000295.png,XWIQYQ,letters,6
images/letters/letters_000296.png,TNPCYAWJ,letters,8
images/letters/letters_000297.png,NJK,letters,3
images/letters/letters_000298.png,CRNNOF,letters,6
images/letters/letters_000299.png,ZFZAMT,letters,6
images/letters/letters_000300.png,JULRHBP,letters,7
images/letters/letters_000301.png,DAOYZ,letters,5
images/letters/letters_000302.png,QOBL,letters,4
images/letters/letters_000303.png,VUA,letters,3
images/letters/letters_000304.png,KNJPKVCL,letters,8
images/letters/letters_000305.png,XGVDO,letters,5
images/letters/letters_000306.png,HGWKVTD,letters,7
images/letters/letters_000307.png,TLODBPMA,letters,8
images/letters/letters_000308.png,DDYST,letters,5
images/letters/letters_000309.png,EAVD,letters,4
images/letters/letters_000310.png,QDIV,letters,4
images/letters/letters_000311.png,CAXLR,letters,5
images/letters/letters_000312.png,RLD,letters,3
images/letters/letters_000313.png,EWDKNHY,letters,7
images/letters/letters_000314.png,OCDFUYAN,letters,8
images/letters/letters_000315.png,TCZMFMSE,letters,8
images/letters/letters_000316.png,NIOTYZ,letters,6
images/letters/letters_000317.png,QQZZ,letters,4
images/letters/letters_000318.png,UED,letters,3
images/letters/letters_000319.png,YPNKNVG,letters,7
images/letters/letters_000320.png,VIRSL,letters,5
images/letters/letters_000321.png,VHUOLGI,letters,7
images/letters/letters_000322.png,CNL,letters,3
images/letters/letters_000323.png,WRLW,letters,4
images/letters/letters_000324.png,CRXFY,letters,5
images/letters/letters_000325.png,ZALEO,letters,5
images/letters/letters_000326.png,UAXC,letters,4
images/letters/letters_000327.png,PMYJGV,letters,6
images/letters/letters_000328.png,NLETGTYB,letters,8
images/letters/letters_000329.png,GVORW,letters,5
images/letters/letters_000330.png,QYNZ,letters,4
images/letters/letters_000331.png,HQUEW,letters,5
images/letters/letters_000332.png,DTJ,letters,3
images/letters/letters_000333.png,CPCSCPSO,letters,8
images/letters/letters_000334.png,JJNZVPM,letters,7
images/letters/letters_000335.png,MCY,letters,3
images/letters/letters_000336.png,OEIBX,letters,5
images/letters/letters_000337.png,ZFM,letters,3
images/letters/letters_000338.png,WAC,letters,3
images/letters/letters_000339.png,QIQJCCC,letters,7
images/letters/letters_000340.png,ZIT,letters,3
images/letters/letters_000341.png,IGKXCRX,letters,7
images/letters/letters_000342.png,QTGEG,letters,5
images/letters/letters_000343.png,XARRT,letters,5
images/letters/letters_000344.png,HOHRQ,letters,5
images/letters/letters_000345.png,BWDPNCUW,letters,8
images/letters/letters_000346.png,ZWYUZ,letters,5
images/letters/letters_000347.png,TWHMU,letters,5
images/letters/letters_000348.png,YUKA,letters,4
images/letters/letters_000349.png,AIS,letters,3
images/letters/letters_000350.png,RPEC,letters,4
images/letters/letters_000351.png,FTEJ,letters,4
images/letters/letters_000352.png,UONE,letters,4
images/letters/letters_000353.png,AYMX,letters,4
images/letters/letters_000354.png,XBHOYIRN,letters,8
images/letters/letters_000355.png,JSM,letters,3
images/letters/letters_000356.png,HHW,letters,3
images/letters/letters_000357.png,YFII,letters,4
images/letters/letters_000358.png,UVGQH,letters,5
images/letters/letters_000359.png,HTBNLC,letters,6
images/letters/letters_000360.png,MEVUDGY,letters,7
images/letters/letters_000361.png,FIFP,letters,4
images/letters/letters_000362.png,LSHFO,letters,5
images/letters/letters_000363.png,DCJFKLPV,letters,8
images/letters/letters_000364.png,MFTKQY,letters,6
images/letters/letters_000365.png,IMK,letters,3
images/letters/letters_000366.png,PFH,letters,3
images/letters/letters_000367.png,FVXUNOF,letters,7
images/letters/letters_000368.png,ZQMRKCOP,letters,8
images/letters/letters_000369.png,GTKAYB,letters,6
images/letters/letters_000370.png,TWFVZK,letters,6
images/letters/letters_000371.png,PWXGS,letters,5
images/letters/letters_000372.png,KZBRHR,letters,6
images/letters/letters_000373.png,NIJ,letters,3
images/letters/letters_000374.png,QVTK,letters,4
images/letters/letters_000375.png,ETDAR,letters,5
images/letters/letters_000376.png,VSINSJK,letters,7
images/letters/letters_000377.png,SEZDPZFU,letters,8
images/letters/letters_000378.png,CAFFKXVP,letters,8
images/letters/letters_000379.png,SOS,letters,3
images/letters/letters_000380.png,JJHWEFLR,letters,8
images/letters/letters_000381.png,BOXGTMBK,letters,8
images/letters/letters_000382.png,RLSEHU,letters,6
images/letters/letters_000383.png,IIZ,letters,3
images/letters/letters_000384.png,IDV,letters,3
images/letters/letters_000385.png,GCLA,letters,4
images/letters/letters_000386.png,MBVRXIIB,letters,8
images/letters/letters_000387.png,SSA,letters,3
images/letters/letters_000388.png,PKOUUWQF,letters,8
images/letters/letters_000389.png,PKDCW,letters,5
images/letters/letters_000390.png,MZRZHT,letters,6
images/letters/letters_000391.png,NKLG,letters,4
images/letters/letters_000392.png,YMUZ,letters,4
images/letters/letters_000393.png,CBEIFZPO,letters,8
images/letters/letters_000394.png,KFWCPUVY,letters,8
images/letters/letters_000395.png,LWRW,letters,4
images/letters/letters_000396.png,NYZIAV,letters,6
images/letters/letters_000397.png,SFJDQ,letters,5
images/letters/letters_000398.png,GSWGI,letters,5
images/letters/letters_000399.png,KUIPKIR,letters,7
images/letters/letters_000400.png,IPVHPO,letters,6
images/letters/letters_000401.png,JHPO,letters,4
images/letters/letters_000402.png,HILMU,letters,5
images/letters/letters_000403.png,VQNFZ,letters,5
images/letters/letters_000404.png,AFTVLPSH,letters,8
images/letters/letters_000405.png,XLROAP,letters,6
images/letters/letters_000406.png,YKVR,letters,4
images/letters/letters_000407.png,HRQVAAF,letters,7
images/letters/letters_000408.png,JMLNF,letters,5
images/letters/letters_000409.png,IIT,letters,3
images/letters/letters_000410.png,MDQG,letters,4
images/letters/letters_000411.png,BKCJYFHB,letters,8
images/letters/letters_000412.png,FAAJUQI,letters,7
images/letters/letters_000413.png,FEOYAHB,letters,7
images/letters/letters_000414.png,MUN,letters,3
images/letters/letters_000415.png,RHFBUG,letters,6
images/letters/letters_000416.png,XHMSFIDQ,letters,8
images/letters/letters_000417.png,BQL,letters,3
images/letters/letters_000418.png,LAQ,letters,3
images/letters/letters_000419.png,WPWHORR,letters,7
images/letters/letters_000420.png,EBXVKQLM,letters,8
images/letters/letters_000421.png,PAOFB,letters,5
images/letters/letters_000422.png,ZIBZ,letters,4
images/letters/letters_000423.png,OJXVHUE,letters,7
images/letters/letters_000424.png,JRLIIHGW,letters,8
images/letters/letters_000425.png,CCEPOE,letters,6
images/letters/letters_000426.png,MYJSJO,letters,6
images/letters/letters_000427.png,IAKXDX,letters,6
images/letters/letters_000428.png,JSB,letters,3
images/letters/letters_000429.png,UEBZE,letters,5
images/letters/letters_000430.png,PIKOU,letters,5
images/letters/letters_000431.png,EISOF,letters,5
images/letters/letters_000432.png,GFWDOFS,letters,7
images/letters/letters_000433.png,OOL,letters,3
images/letters/letters_000434.png,CCG,letters,3
images/letters/letters_000435.png,FTZFG,letters,5
images/letters/letters_000436.png,PVGQUY,letters,6
images/letters/letters_000437.png,IQXSRDTS,letters,8
images/letters/letters_000438.png,UBTIJQX,letters,7
images/letters/letters_000439.png,JVATK,letters,5
images/letters/letters_000440.png,RNJ,letters,3
images/letters/letters_000441.png,PVPFOD,letters,6
images/letters/letters_000442.png,ZZFKTHNU,letters,8
images/letters/letters_000443.png,MQVRBEG,letters,7
images/letters/letters_000444.png,XBKYL,letters,5
images/letters/letters_000445.png,QEMZ,letters,4
images/letters/letters_000446.png,TNYNMXZ,letters,7
images/letters/letters_000447.png,ICRS,letters,4
images/letters/letters_000448.png,UWTEGMJ,letters,7
images/letters/letters_000449.png,FVRDOC,letters,6
images/letters/letters_000450.png,QXPIMTZL,letters,8
images/letters/letters_000451.png,KHYNHSPC,letters,8
images/letters/letters_000452.png,ACBWBZ,letters,6
images/letters/letters_000453.png,YRR,letters,3
images/letters/letters_000454.png,WAFTPVR,letters,7
images/letters/letters_000455.png,IRYZZ,letters,5
images/letters/letters_000456.png,LBXOJ,letters,5
images/letters/letters_000457.png,OQXLZED,letters,7
images/letters/letters_000458.png,DCGZRCW,letters,7
images/letters/letters_000459.png,MSL,letters,3
images/letters/letters_000460.png,OHTHV,letters,5
images/letters/letters_000461.png,GHI,letters,3
images/letters/letters_000462.png,FMVHBEI,letters,7
images/letters/letters_000463.png,OYQQI,letters,5
images/letters/letters_000464.png,DDLVSP,letters,6
images/letters/letters_000465.png,VKOXK,letters,5
images/letters/letters_000466.png,SCN,letters,3
images/letters/letters_000467.png,GQOXZG,letters,6
images/letters/letters_000468.png,RHYJSCDX,letters,8
images/letters/letters_000469.png,EWIKYQI,letters,7
images/letters/letters_000470.png,JFKMIYTP,letters,8
images/letters/letters_000471.png,FDAO,letters,4
images/letters/letters_000472.png,LLGZC,letters,5
images/letters/letters_000473.png,QNFZYL,letters,6
images/letters/letters_000474.png,UIB,letters,3
images/letters/letters_000475.png,WJMTUAK,letters,7
images/letters/letters_000476.png,FMINSV,letters,6
images/letters/letters_000477.png,DYPWX,letters,5
images/letters/letters_000478.png,PDSC,letters,4
images/letters/letters_000479.png,FICO,letters,4
images/letters/letters_000480.png,ZXNARAE,letters,7
images/letters/letters_000481.png,INUJYPYD,letters,8
images/letters/letters_000482.png,AFRFD,letters,5
images/letters/letters_000483.png,ZHFOWD,letters,6
images/letters/letters_000484.png,LSUNE,letters,5
images/letters/letters_000485.png,ZTDR,letters,4
images/letters/letters_000486.png,PBQ,letters,3
images/letters/letters_000487.png,DDLS,letters,4
images/letters/letters_000488.png,TLDFLF,letters,6
images/letters/letters_000489.png,ZHPCNC,letters,6
images/letters/letters_000490.png,IYOBYE,letters,6
images/letters/letters_000491.png,SQSBAD,letters,6
images/letters/letters_000492.png,QMTNJRLZ,letters,8
images/letters/letters_000493.png,QDH,letters,3
images/letters/letters_000494.png,YSMYTAF,letters,7
images/letters/letters_000495.png,EQSCGKB,letters,7
images/letters/letters_000496.png,AHYIDZLT,letters,8
images/letters/letters_000497.png,VLCFQKEW,letters,8
images/letters/letters_000498.png,FZOHSLL,letters,7
images/letters/letters_000499.png,JXPRIZRM,letters,8
images/letters/letters_000500.png,JIUWZ,letters,5
images/letters/letters_000501.png,FWTH,letters,4
images/letters/letters_000502.png,EUH,letters,3
images/letters/letters_000503.png,FLCFBU,letters,6
images/letters/letters_000504.png,QCIWO,letters,5
images/letters/letters_000505.png,QPV,letters,3
images/letters/letters_000506.png,BRD,letters,3
images/letters/letters_000507.png,JJBR,letters,4
images/letters/letters_000508.png,QTQ,letters,3
images/letters/letters_000509.png,VZTX,letters,4
images/letters/letters_000510.png,RWHLS,letters,5
images/letters/letters_000511.png,YEKFHB,letters,6
images/letters/letters_000512.png,OENE,letters,4
images/letters/letters_000513.png,AXNTWSSD,letters,8
images/letters/letters_000514.png,GZCOOA,letters,6
images/letters/letters_000515.png,UXDDRLAT,letters,8
images/letters/letters_000516.png,TNEZCYD,letters,7
images/letters/letters_000517.png,PCURZND,letters,7
images/letters/letters_000518.png,XBQQXX,letters,6
images/letters/letters_000519.png,TBL,letters,3
images/letters/letters_000520.png,XKJZ,letters,4
images/letters/letters_000521.png,PNHI,letters,4
images/letters/letters_000522.png,XBVDXYU,letters,7
images/letters/letters_000523.png,YCZX,letters,4
images/letters/letters_000524.png,YLDLDID,letters,7
images/letters/letters_000525.png,XJXCYQ,letters,6
images/letters/letters_000526.png,LDVJ,letters,4
images/letters/letters_000527.png,LAV,letters,3
images/letters/letters_000528.png,IOY,letters,3
images/letters/letters_000529.png,EGC,letters,3
images/letters/letters_000530.png,RJRWDMP,letters,7
images/letters/letters_000531.png,SYNDN,letters,5
images/letters/letters_000532.png,NIRXHKH,letters,7
images/letters/letters_000533.png,KQUIBK,letters,6
images/letters/letters_000534.png,JFFFEQBR,letters,8
images/letters/letters_000535.png,NYC,letters,3
images/letters/letters_000536.png,MZR,letters,3
images/letters/letters_000537.png,DWMS,letters,4
images/letters/letters_000538.png,QZLY,letters,4
images/letters/letters_000539.png,TKST,letters,4
images/letters/letters_000540.png,HRY,letters,3
images/letters/letters_000541.png,GRG,letters,3
images/letters/letters_000542.png,VLYAUJ,letters,6
images/letters/letters_000543.png,XFW,letters,3
images/letters/letters_000544.png,QDGLZL,letters,6
images/letters/letters_000545.png,UPJC,letters,4
images/letters/letters_000546.png,GBPJJ,letters,5
images/letters/letters_000547.png,HUBUEQZ,letters,7
images/letters/letters_000548.png,BGBWYQ,letters,6
images/letters/letters_000549.png,TLE,letters,3
images/letters/letters_000550.png,MUXURGH,letters,7
images/letters/letters_000551.png,RLUIYF,letters,6
images/letters/letters_000552.png,HXRA,letters,4
images/letters/letters_000553.png,FDU,letters,3
images/letters/letters_000554.png,JENVVF,letters,6
images/letters/letters_000555.png,BMKHH,letters,5
images/letters/letters_000556.png,CRVWKEMV,letters,8
images/letters/letters_000557.png,PDQBZVWP,letters,8
images/letters/letters_000558.png,RVVQL,letters,5
images/letters/letters_000559.png,FWSHBQCF,letters,8
images/letters/letters_000560.png,BIXIWXM,letters,7
images/letters/letters_000561.png,WSM,letters,3
images/letters/letters_000562.png,XAFWXXEQ,letters,8
images/letters/letters_000563.png,FURNWEFQ,letters,8
images/letters/letters_000564.png,SVEITXIO,letters,8
images/letters/letters_000565.png,QSMMCVDK,letters,8
images/letters/letters_000566.png,FIKWUZWK,letters,8
images/letters/letters_000567.png,HFQ,letters,3
images/letters/letters_000568.png,LOOJFEJ,letters,7
images/letters/letters_000569.png,QUCNTLI,letters,7
images/letters/letters_000570.png,ARYXWP,letters,6
images/letters/letters_000571.png,TIHNTZXX,letters,8
images/letters/letters_000572.png,QDATEPU,letters,7
images/letters/letters_000573.png,LIGCYCV,letters,7
images/letters/letters_000574.png,ZOUZ,letters,4
images/letters/letters_000575.png,PIAS,letters,4
images/letters/letters_000576.png,HACGT,letters,5
images/letters/letters_000577.png,VHJIOR,letters,6
images/letters/letters_000578.png,QOPXPQL,letters,7
images/letters/letters_000579.png,HBEMUZBK,letters,8
images/letters/letters_000580.png,PVLCFLYI,letters,8
images/letters/letters_000581.png,RFILM,letters,5
images/letters/letters_000582.png,WCTL,letters,4
images/letters/letters_000583.png,ACMD,letters,4
images/letters/letters_000584.png,PPSFR,letters,5
images/letters/letters_000585.png,BWOLMHUN,letters,8
images/letters/letters_000586.png,IVFJEAV,letters,7
images/letters/letters_000587.png,MUEKBG,letters,6
images/letters/letters_000588.png,SOPVQYGC,letters,8
images/letters/letters_000589.png,UJGNMK,letters,6
images/letters/letters_000590.png,ZJIXFZTD,letters,8
images/letters/letters_000591.png,MFVGWY,letters,6
images/letters/letters_000592.png,BCK,letters,3
images/letters/letters_000593.png,FJYZHKB,letters,7
images/letters/letters_000594.png,NBEOALNH,letters,8
images/letters/letters_000595.png,HNH,letters,3
images/letters/letters_000596.png,PNGSJIGR,letters,8
images/letters/letters_000597.png,DDLCZI,letters,6
images/letters/letters_000598.png,ZEONN,letters,5
images/letters/letters_000599.png,ZRRRMLKL,letters,8
images/letters/letters_000600.png,DBIQ,letters,4
images/letters/letters_000601.png,ZADSYVWD,letters,8
images/letters/letters_000602.png,MAGSZQZ,letters,7
images/letters/letters_000603.png,QLP,letters,3
images/letters/letters_000604.png,JTWOCU,letters,6
images/letters/letters_000605.png,ZOUVTXDU,letters,8
images/letters/letters_000606.png,PXTHRUUR,letters,8
images/letters/letters_000607.png,ITH,letters,3
images/letters/letters_000608.png,FUMDJAB,letters,7
images/letters/letters_000609.png,TWFGSGBB,letters,8
images/letters/letters_000610.png,HXDHLN,letters,6
images/letters/letters_000611.png,XXVTBYW,letters,7
images/letters/letters_000612.png,YDMFJHTK,letters,8
images/letters/letters_000613.png,TKMESU,letters,6
images/letters/letters_000614.png,PYDX,letters,4
images/letters/letters_000615.png,KJEVWUYF,letters,8
images/letters/letters_000616.png,SQMLJ,letters,5
images/letters/letters_000617.png,OIEEXMN,letters,7
images/letters/letters_000618.png,WOS,letters,3
images/letters/letters_000619.png,IWJO,letters,4
images/letters/letters_000620.png,CCF,letters,3
images/letters/letters_000621.png,HEZ,letters,3
images/letters/letters_000622.png,DNAOCB,letters,6
images/letters/letters_000623.png,LTZWA,letters,5
images/letters/letters_000624.png,BNSPVBF,letters,7
images/letters/letters_000625.png,WCYBK,letters,5
images/letters/letters_000626.png,LLCXHA,letters,6
images/letters/letters_000627.png,GLONSR,letters,6
images/letters/letters_000628.png,SBKGE,letters,5
images/letters/letters_000629.png,FSN,letters,3
images/letters/letters_000630.png,GSL,letters,3
images/letters/letters_000631.png,RYLUONQ,letters,7
images/letters/letters_000632.png,ETQEZD,letters,6
images/letters/letters_000633.png,YASYWWJW,letters,8
images/letters/letters_000634.png,DGK,letters,3
images/letters/letters_000635.png,PVRQVNYB,letters,8
images/letters/letters_000636.png,KUNC,letters,4
images/letters/letters_000637.png,JEOIIW,letters,6
images/letters/letters_000638.png,WPKSM,letters,5
images/letters/letters_000639.png,EHHNJLF,letters,7
images/letters/letters_000640.png,YBYVI,letters,5
images/letters/letters_000641.png,FJVQ,letters,4
images/letters/letters_000642.png,RBUSML,letters,6
images/letters/letters_000643.png,YYPTQIA,letters,7
images/letters/letters_000644.png,UJPENVVM,letters,8
images/letters/letters_000645.png,TVFATQCE,letters,8
images/letters/letters_000646.png,MIUUCTOD,letters,8
images/letters/letters_000647.png,YUKKKV,letters,6
images/letters/letters_000648.png,QXNUZGR,letters,7
images/letters/letters_000649.png,ZXITK,letters,5
images/letters/letters_000650.png,MQOYCWHE,letters,8
images/letters/letters_000651.png,ANZ,letters,3
images/letters/letters_000652.png,ERSYSM,letters,6
images/letters/letters_000653.png,MCXJL,letters,5
images/letters/letters_000654.png,AOHCAL,letters,6
images/letters/letters_000655.png,BVU,letters,3
images/letters/letters_000656.png,BOV,letters,3
images/letters/letters_000657.png,ZPZQHIX,letters,7
images/letters/letters_000658.png,KQGATX,letters,6
images/letters/letters_000659.png,EYAEQFBW,letters,8
images/letters/letters_000660.png,ENA,letters,3
images/letters/letters_000661.png,OGFZG,letters,5
images/letters/letters_000662.png,PATO,letters,4
images/letters/letters_000663.png,DNMTHG,letters,6
images/letters/letters_000664.png,DLVEJ,letters,5
images/letters/letters_000665.png,KXQKH,letters,5
images/letters/letters_000666.png,OXET,letters,4
images/letters/letters_000667.png,SLRDMR,letters,6
images/letters/letters_000668.png,QIIPSL,letters,6
images/letters/letters_000669.png,JAISPTSR,letters,8
images/letters/letters_000670.png,BECZ,letters,4
images/letters/letters_000671.png,LQA,letters,3
images/letters/letters_000672.png,MWKHR,letters,5
images/letters/letters_000673.png,DXQ,letters,3
images/letters/letters_000674.png,UBKGUD,letters,6
images/letters/letters_000675.png,JCZU,letters,4
images/letters/letters_000676.png,FBUFS,letters,5
images/letters/letters_000677.png,UDFBHEC,letters,7
images/letters/letters_000678.png,EBTS,letters,4
images/letters/letters_000679.png,AXSPVS,letters,6
images/letters/letters_000680.png,NHYPUR,letters,6
images/letters/letters_000681.png,YSY,letters,3
images/letters/letters_000682.png,CXLHHRMV,letters,8
images/letters/letters_000683.png,UFMNVA,letters,6
images/letters/letters_000684.png,BZMQK,letters,5
images/letters/letters_000685.png,NRHS,letters,4
images/letters/letters_000686.png,FRJXPC,letters,6
images/letters/letters_000687.png,WVM,letters,3
images/letters/letters_000688.png,JGBRJBQF,letters,8
images/letters/letters_000689.png,AZFCB,letters,5
images/letters/letters_000690.png,JZQDA,letters,5
images/letters/letters_000691.png,PDF,letters,3
images/letters/letters_000692.png,SWX,letters,3
images/letters/letters_000693.png,JQBZCE,letters,6
images/letters/letters_000694.png,TSP,letters,3
images/letters/letters_000695.png,VODDC,letters,5
images/letters/letters_000696.png,YIJYJM,letters,6
images/letters/letters_000697.png,LVTJNEEG,letters,8
images/letters/letters_000698.png,PUQOETI,letters,7
images/letters/letters_000699.png,IKKSXOYO,letters,8
images/letters/letters_000700.png,JRFE,letters,4
images/letters/letters_000701.png,RQKHWGTE,letters,8
images/letters/letters_000702.png,BEQVUNJB,letters,8
images/letters/letters_000703.png,GIP,letters,3
images/letters/letters_000704.png,FON,letters,3
images/letters/letters_000705.png,BUUAZ,letters,5
images/letters/letters_000706.png,ZTWW,letters,4
images/letters/letters_000707.png,OYBGHREC,letters,8
images/letters/letters_000708.png,NQME,letters,4
images/letters/letters_000709.png,LXSKUYVH,letters,8
images/letters/letters_000710.png,EWRN,letters,4
images/letters/letters_000711.png,CHRZ,letters,4
images/letters/letters_000712.png,BVLD,letters,4
images/letters/letters_000713.png,BQNJU,letters,5
images/letters/letters_000714.png,RVV,letters,3
images/letters/letters_000715.png,EYK,letters,3
images/letters/letters_000716.png,NTMBABM,letters,7
images/letters/letters_000717.png,QOPZMVA,letters,7
images/letters/letters_000718.png,UDES,letters,4
images/letters/letters_000719.png,GRRRN,letters,5
images/letters/letters_000720.png,HNOTV,letters,5
images/letters/letters_000721.png,WUXG,letters,4
images/letters/letters_000722.png,WGAXYKF,letters,7
images/letters/letters_000723.png,ZBTJUMB,letters,7
images/letters/letters_000724.png,RYPYMXAV,letters,8
images/letters/letters_000725.png,AWCIF,letters,5
images/letters/letters_000726.png,TRR,letters,3
images/letters/letters_000727.png,EPKMKT,letters,6
images/letters/letters_000728.png,HBTBJ,letters,5
images/letters/letters_000729.png,MKOUIF,letters,6
images/letters/letters_000730.png,UQCHWT,letters,6
images/letters/letters_000731.png,ZNRFR,letters,5
images/letters/letters_000732.png,XEUWQD,letters,6
images/letters/letters_000733.png,WGSI,letters,4
images/letters/letters_000734.png,XNK,letters,3
images/letters/letters_000735.png,TUASD,letters,5
images/letters/letters_000736.png,SHRYLS,letters,6
images/letters/letters_000737.png,JUQ,letters,3
images/letters/letters_000738.png,TPNKO,letters,5
images/letters/letters_000739.png,HIVEOQVS,letters,8
images/letters/letters_000740.png,GXNO,letters,4
images/letters/letters_000741.png,JFEPN,letters,5
images/letters/letters_000742.png,ZXXUJK,letters,6
images/letters/letters_000743.png,ILHFBAKX,letters,8
images/letters/letters_000744.png,ZELNPL,letters,6
images/letters/letters_000745.png,ZRG,letters,3
images/letters/letters_000746.png,ROOECIE,letters,7
images/letters/letters_000747.png,RKBNETP,letters,7
images/letters/letters_000748.png,KST,letters,3
images/letters/letters_000749.png,HTXEXMS,letters,7
images/letters/letters_000750.png,KIWOC,letters,5
images/letters/letters_000751.png,TDJBNPZ,letters,7
images/letters/letters_000752.png,TCVMED,letters,6
images/letters/letters_000753.png,YBOEEH,letters,6
images/letters/letters_000754.png,TKLEWT,letters,6
images/letters/letters_000755.png,FFIZA,letters,5
images/letters/letters_000756.png,MKST,letters,4
images/letters/letters_000757.png,IINCVO,letters,6
images/letters/letters_000758.png,JYB,letters,3
images/letters/letters_000759.png,LZBJWOY,letters,7
images/letters/letters_000760.png,ZUKOHG,letters,6
images/letters/letters_000761.png,DYZXZVZF,letters,8
images/letters/letters_000762.png,VIIZFL,letters,6
images/letters/letters_000763.png,YTQWOV,letters,6
images/letters/letters_000764.png,BIPRW,letters,5
images/letters/letters_000765.png,JLWFSE,letters,6
images/letters/letters_000766.png,HJBUZN,letters,6
images/letters/letters_000767.png,GYSM,letters,4
images/letters/letters_000768.png,ZUHRZ,letters,5
images/letters/letters_000769.png,COSNSX,letters,6
images/letters/letters_000770.png,UVEKAY,letters,6
images/letters/letters_000771.png,PXFFLZ,letters,6
images/letters/letters_000772.png,FUS,letters,3
images/letters/letters_000773.png,HLXQFMWN,letters,8
images/letters/letters_000774.png,LEIXLPQM,letters,8
images/letters/letters_000775.png,YLQLTC,letters,6
images/letters/letters_000776.png,EAN,letters,3
images/letters/letters_000777.png,OYHNVMLK,letters,8
images/letters/letters_000778.png,FOXMMOY,letters,7
images/letters/letters_000779.png,TVJPVV,letters,6
images/letters/letters_000780.png,YCJC,letters,4
images/letters/letters_000781.png,VIIRZGM,letters,7
images/letters/letters_000782.png,WUOPEH,letters,6
images/letters/letters_000783.png,UQIYHJBK,letters,8
images/letters/letters_000784.png,YOGTZH,letters,6
images/letters/letters_000785.png,RRKVN,letters,5
images/letters/letters_000786.png,FJVGGYDG,letters,8
images/letters/letters_000787.png,OZTFQC,letters,6
images/letters/letters_000788.png,YCVVIQQX,letters,8
images/letters/letters_000789.png,ULFGUSGX,letters,8
images/letters/letters_000790.png,HEN,letters,3
images/letters/letters_000791.png,RSTFLL,letters,6
images/letters/letters_000792.png,KEGL,letters,4
images/letters/letters_000793.png,FMFXY,letters,5
images/letters/letters_000794.png,GDUMPE,letters,6
images/letters/letters_000795.png,ZJASN,letters,5
images/letters/letters_000796.png,CXIYD,letters,5
images/letters/letters_000797.png,UOWRQHXY,letters,8
images/letters/letters_000798.png,KIN,letters,3
images/letters/letters_000799.png,TAV,letters,3
images/letters/letters_000800.png,QLGVIY,letters,6
images/letters/letters_000801.png,TAVQBLEB,letters,8
images/letters/letters_000802.png,CQF,letters,3
images/letters/letters_000803.png,WPFHPJ,letters,6
images/letters/letters_000804.png,XVVQCCMX,letters,8
images/letters/letters_000805.png,GCMWJGZ,letters,7
images/letters/letters_000806.png,MWZFTDNF,letters,8
images/letters/letters_000807.png,GNHWHMJ,letters,7
images/letters/letters_000808.png,WUGDNHX,letters,7
images/letters/letters_000809.png,RXHRLLYE,letters,8
images/letters/letters_000810.png,UIQD,letters,4
images/letters/letters_000811.png,XEQJ,letters,4
images/letters/letters_000812.png,IGQB,letters,4
images/letters/letters_000813.png,IDGGST,letters,6
images/letters/letters_000814.png,ODND,letters,4
images/letters/letters_000815.png,LWY,letters,3
images/letters/letters_000816.png,QIDKYQYN,letters,8
images/letters/letters_000817.png,DILMWW,letters,6
images/letters/letters_000818.png,WKAULRO,letters,7
images/letters/letters_000819.png,IOWJSR,letters,6
images/letters/letters_000820.png,ITIE,letters,4
images/letters/letters_000821.png,VDECEZ,letters,6
images/letters/letters_000822.png,QKGB,letters,4
images/letters/letters_000823.png,NPKC,letters,4
images/letters/letters_000824.png,HNWH,letters,4
images/letters/letters_000825.png,SUOJLWE,letters,7
images/letters/letters_000826.png,SMR,letters,3
images/letters/letters_000827.png,RKJ,letters,3
images/letters/letters_000828.png,NLX,letters,3
images/letters/letters_000829.png,SFHBCXRJ,letters,8
images/letters/letters_000830.png,IXEHSNKI,letters,8
images/letters/letters_000831.png,GXRFYJ,letters,6
images/letters/letters_000832.png,EYPVH,letters,5
images/letters/letters_000833.png,QBRH,letters,4
images/letters/letters_000834.png,SEC,letters,3
images/letters/letters_000835.png,IZK,letters,3
images/letters/letters_000836.png,GTQPLR,letters,6
images/letters/letters_000837.png,KZKJ,letters,4
images/letters/letters_000838.png,UQGPQFWW,letters,8
images/letters/letters_000839.png,UHDD,letters,4
images/letters/letters_000840.png,ONOST,letters,5
images/letters/letters_000841.png,OUXNTFB,letters,7
images/letters/letters_000842.png,IKX,letters,3
images/letters/letters_000843.png,YKJPKQVX,letters,8
images/letters/letters_000844.png,MEIZG,letters,5
images/letters/letters_000845.png,GEOZLCAK,letters,8
images/letters/letters_000846.png,HBS,letters,3
images/letters/letters_000847.png,UCYKJDZ,letters,7
images/letters/letters_000848.png,ZSGDZ,letters,5
images/letters/letters_000849.png,TBJNDS,letters,6
images/letters/letters_000850.png,SNTTMRW,letters,7
images/letters/letters_000851.png,MYEXJA,letters,6
images/letters/letters_000852.png,QHEVOU,letters,6
images/letters/letters_000853.png,YMYIQDXB,letters,8
images/letters/letters_000854.png,SDMECU,letters,6
images/letters/letters_000855.png,YMMKQK,letters,6
images/letters/letters_000856.png,CYFR,letters,4
images/letters/letters_000857.png,NXIF,letters,4
images/letters/letters_000858.png,QMTRXXS,letters,7
images/letters/letters_000859.png,FBCRYI,letters,6
images/letters/letters_000860.png,MVBML,letters,5
images/letters/letters_000861.png,LKW,letters,3
images/letters/letters_000862.png,QPYHQ,letters,5
images/letters/letters_000863.png,AECGYJG,letters,7
images/letters/letters_000864.png,QSVETPWQ,letters,8
images/letters/letters_000865.png,BAWW,letters,4
images/letters/letters_000866.png,FGTCQRUQ,letters,8
images/letters/letters_000867.png,MQKLT,letters,5
images/letters/letters_000868.png,TSPLW,letters,5
images/letters/letters_000869.png,OZXTCD,letters,6
images/letters/letters_000870.png,IRB,letters,3
images/letters/letters_000871.png,DYMEGJTY,letters,8
images/letters/letters_000872.png,YMAMHA,letters,6
images/letters/letters_000873.png,OYJ,letters,3
images/letters/letters_000874.png,YOFQGPPA,letters,8
images/letters/letters_000875.png,SNZWAY,letters,6
images/letters/letters_000876.png,WMSY,letters,4
images/letters/letters_000877.png,CHAPCYZ,letters,7
images/letters/letters_000878.png,FGZ,letters,3
images/letters/letters_000879.png,MGPBY,letters,5
images/letters/letters_000880.png,VPHOZVA,letters,7
images/letters/letters_000881.png,PHX,letters,3
images/letters/letters_000882.png,JCPKMATG,letters,8
images/letters/letters_000883.png,WXXJMOZ,letters,7
images/letters/letters_000884.png,SBLS,letters,4
images/letters/letters_000885.png,TWXG,letters,4
images/letters/letters_000886.png,FCFVXQR,letters,7
images/letters/letters_000887.png,QYQHBOL,letters,7
images/letters/letters_000888.png,PRPPKX,letters,6
images/letters/letters_000889.png,VFQY,letters,4
images/letters/letters_000890.png,OOWHMKOF,letters,8
images/letters/letters_000891.png,SVVDOVSV,letters,8
images/letters/letters_000892.png,CARGT,letters,5
images/letters/letters_000893.png,AFDAUUJ,letters,7
images/letters/letters_000894.png,VEAERX,letters,6
images/letters/letters_000895.png,RWJ,letters,3
images/letters/letters_000896.png,PGFFIBYK,letters,8
images/letters/letters_000897.png,NKNBA,letters,5
images/letters/letters_000898.png,LSRRPXL,letters,7
images/letters/letters_000899.png,DWOBFLIE,letters,8
images/letters/letters_000900.png,SORF,letters,4
images/letters/letters_000901.png,GRPJN,letters,5
images/letters/letters_000902.png,BPWLUVM,letters,7
images/letters/letters_000903.png,QHS,letters,3
images/letters/letters_000904.png,IBU,letters,3
images/letters/letters_000905.png,ESD,letters,3
images/letters/letters_000906.png,PHEDI,letters,5
images/letters/letters_000907.png,VPXGGFH,letters,7
images/letters/letters_000908.png,BUXU,letters,4
images/letters/letters_000909.png,DSM,letters,3
images/letters/letters_000910.png,QCVORS,letters,6
images/letters/letters_000911.png,YYZGAOY,letters,7
images/letters/letters_000912.png,GTYT,letters,4
images/letters/letters_000913.png,QEDA,letters,4
images/letters/letters_000914.png,QVXYRTUR,letters,8
images/letters/letters_000915.png,LVPX,letters,4
images/letters/letters_000916.png,UYBP,letters,4
images/letters/letters_000917.png,TDIUVXW,letters,7
images/letters/letters_000918.png,HFWJY,letters,5
images/letters/letters_000919.png,KXHNEON,letters,7
images/letters/letters_000920.png,DBXR,letters,4
images/letters/letters_000921.png,QNJDMNBR,letters,8
images/letters/letters_000922.png,YXNQK,letters,5
images/letters/letters_000923.png,QYIU,letters,4
images/letters/letters_000924.png,WQBBP,letters,5
images/letters/letters_000925.png,ZWXU,letters,4
images/letters/letters_000926.png,YPR,letters,3
images/letters/letters_000927.png,KESHA,letters,5
images/letters/letters_000928.png,FOD,letters,3
images/letters/letters_000929.png,QFF,letters,3
images/letters/letters_000930.png,DZTIFGI,letters,7
images/letters/letters_000931.png,TQHHJOTZ,letters,8
images/letters/letters_000932.png,GUUEFOI,letters,7
images/letters/letters_000933.png,IMMZV,letters,5
images/letters/letters_000934.png,QNP,letters,3
images/letters/letters_000935.png,DVPXYE,letters,6
images/letters/letters_000936.png,DBAO,letters,4
images/letters/letters_000937.png,ORYYU,letters,5
images/letters/letters_000938.png,QADY,letters,4
images/letters/letters_000939.png,OCUPZ,letters,5
images/letters/letters_000940.png,TVJLSA,letters,6
images/letters/letters_000941.png,ULJ,letters,3
images/letters/letters_000942.png,CRVI,letters,4
images/letters/letters_000943.png,QIZ,letters,3
images/letters/letters_000944.png,GGLJEYGA,letters,8
images/letters/letters_000945.png,XJJP,letters,4
images/letters/letters_000946.png,GEOORGS,letters,7
images/letters/letters_000947.png,ROGKQXZ,letters,7
images/letters/letters_000948.png,EHEPV,letters,5
images/letters/letters_000949.png,PGO,letters,3
images/letters/letters_000950.png,TZY,letters,3
images/letters/letters_000951.png,AEYKC,letters,5
images/letters/letters_000952.png,JOXH,letters,4
images/letters/letters_000953.png,AKTBLYGY,letters,8
images/letters/letters_000954.png,PYMFHPCB,letters,8
images/letters/letters_000955.png,XTFNRVXL,letters,8
images/letters/letters_000956.png,TWSM,letters,4
images/letters/letters_000957.png,YUZMIDWS,letters,8
images/letters/letters_000958.png,XDAB,letters,4
images/letters/letters_000959.png,GYOTYA,letters,6
images/letters/letters_000960.png,INAZ,letters,4
images/letters/letters_000961.png,ORRY,letters,4
images/letters/letters_000962.png,BWPX,letters,4
images/letters/letters_000963.png,FDLGRB,letters,6
images/letters/letters_000964.png,CMAOHA,letters,6
images/letters/letters_000965.png,JGGF,letters,4
images/letters/letters_000966.png,JCJZ,letters,4
images/letters/letters_000967.png,WJYTAIE,letters,7
images/letters/letters_000968.png,AYUBRG,letters,6
images/letters/letters_000969.png,KUOGUIU,letters,7
images/letters/letters_000970.png,IVS,letters,3
images/letters/letters_000971.png,BBRWM,letters,5
images/letters/letters_000972.png,GBXH,letters,4
images/letters/letters_000973.png,RDC,letters,3
images/letters/letters_000974.png,IFHRU,letters,5
images/letters/letters_000975.png,CMFKLLD,letters,7
images/letters/letters_000976.png,OGTTHB,letters,6
images/letters/letters_000977.png,RMITP,letters,5
images/letters/letters_000978.png,ROJ,letters,3
images/letters/letters_000979.png,NRIZD,letters,5
images/letters/letters_000980.png,NJA,letters,3
images/letters/letters_000981.png,EFV,letters,3
images/letters/letters_000982.png,BRVCPA,letters,6
images/letters/letters_000983.png,OIU,letters,3
images/letters/letters_000984.png,GHTHFHN,letters,7
images/letters/letters_000985.png,EOQTGH,letters,6
images/letters/letters_000986.png,UCWIT,letters,5
images/letters/letters_000987.png,DHKMS,letters,5
images/letters/letters_000988.png,YRI,letters,3
images/letters/letters_000989.png,VTKQ,letters,4
images/letters/letters_000990.png,CWC,letters,3
images/letters/letters_000991.png,FFR,letters,3
images/letters/letters_000992.png,ZUSUYUN,letters,7
images/letters/letters_000993.png,RPXQADG,letters,7
images/letters/letters_000994.png,ITUOE,letters,5
images/letters/letters_000995.png,EUELNLJN,letters,8
images/letters/letters_000996.png,WGZRAVSM,letters,8
images/letters/letters_000997.png,CUUUAR,letters,6
images/letters/letters_000998.png,HTFLQKEP,letters,8
images/letters/letters_000999.png,TBHFPC,letters,6
images/letters/letters_001000.png,SPG,letters,3
images/letters/letters_001001.png,GHCWXKPB,letters,8
images/letters/letters_001002.png,ITRJ,letters,4
images/letters/letters_001003.png,YZL,letters,3
images/letters/letters_001004.png,FDOJ,letters,4
images/letters/letters_001005.png,UNUOV,letters,5
images/letters/letters_001006.png,KKHBDSEX,letters,8
images/letters/letters_001007.png,QISDUXMV,letters,8
images/letters/letters_001008.png,ERYEVTO,letters,7
images/letters/letters_001009.png,PZHOSFSH,letters,8
images/letters/letters_001010.png,WOCDRPX,letters,7
images/letters/letters_001011.png,BWRDC,letters,5
images/letters/letters_001012.png,FSFTJD,letters,6
images/letters/letters_001013.png,FQYU,letters,4
images/letters/letters_001014.png,STJISYG,letters,7
images/letters/letters_001015.png,NLONKNI,letters,7
images/letters/letters_001016.png,JYZMZW,letters,6
images/letters/letters_001017.png,UKSY,letters,4
images/letters/letters_001018.png,JIYR,letters,4
images/letters/letters_001019.png,KPHKB,letters,5
images/letters/letters_001020.png,VGXVEC,letters,6
images/letters/letters_001021.png,LYUYAZZ,letters,7
images/letters/letters_001022.png,MDASIZ,letters,6
images/letters/letters_001023.png,BGTDLLDL,letters,8
images/letters/letters_001024.png,KZS,letters,3
images/letters/letters_001025.png,TGRAT,letters,5
images/letters/letters_001026.png,VUDNTPJL,letters,8
images/letters/letters_001027.png,JHH,letters,3
images/letters/letters_001028.png,DEY,letters,3
images/letters/letters_001029.png,IAMBL,letters,5
images/letters/letters_001030.png,GQKHAM,letters,6
images/letters/letters_001031.png,PVAIY,letters,5
images/letters/letters_001032.png,FUIQSLE,letters,7
images/letters/letters_001033.png,VIL,letters,3
images/letters/letters_001034.png,DXMZBMA,letters,7
images/letters/letters_001035.png,BMPJWRHV,letters,8
images/letters/letters_001036.png,RTYFD,letters,5
images/letters/letters_001037.png,QFJALFG,letters,7
images/letters/letters_001038.png,MMJUNYBV,letters,8
images/letters/letters_001039.png,UGOELTV,letters,7
images/letters/letters_001040.png,GSDHQ,letters,5
images/letters/letters_001041.png,OHPYDN,letters,6
images/letters/letters_001042.png,UKSKCVXJ,letters,8
images/letters/letters_001043.png,IMYD,letters,4
images/letters/letters_001044.png,DTHL,letters,4
images/letters/letters_001045.png,TNM,letters,3
images/letters/letters_001046.png,RICVFP,letters,6
images/letters/letters_001047.png,YQOG,letters,4
images/letters/letters_001048.png,PPZZG,letters,5
images/letters/letters_001049.png,YXWKALED,letters,8
images/letters/letters_001050.png,TPCPO,letters,5
images/letters/letters_001051.png,EVQW,letters,4
images/letters/letters_001052.png,GCTW,letters,4
images/letters/letters_001053.png,SQCA,letters,4
images/letters/letters_001054.png,SIP,letters,3
images/letters/letters_001055.png,LSPZM,letters,5
images/letters/letters_001056.png,UZCFONVJ,letters,8
images/letters/letters_001057.png,XWWAP,letters,5
images/letters/letters_001058.png,MUNWWL,letters,6
images/letters/letters_001059.png,AXRCENFW,letters,8
images/letters/letters_001060.png,HQELLH,letters,6
images/letters/letters_001061.png,TXS,letters,3
images/letters/letters_001062.png,XZWV,letters,4
images/letters/letters_001063.png,LBC,letters,3
images/letters/letters_001064.png,MRDVAZ,letters,6
images/letters/letters_001065.png,BMDA,letters,4
images/letters/letters_001066.png,JBPEU,letters,5
images/letters/letters_001067.png,INXCDDEA,letters,8
images/letters/letters_001068.png,QFDKKKV,letters,7
images/letters/letters_001069.png,PIUHFBK,letters,7
images/letters/letters_001070.png,TSWNZZM,letters,7
images/letters/letters_001071.png,OHGVGY,letters,6
images/letters/letters_001072.png,DQRB,letters,4
images/letters/letters_001073.png,MMUSHC,letters,6
images/letters/letters_001074.png,OBWF,letters,4
images/letters/letters_001075.png,LWELZDF,letters,7
images/letters/letters_001076.png,WCDFZJB,letters,7
images/letters/letters_001077.png,RWLFMGH,letters,7
images/letters/letters_001078.png,WNOIFOO,letters,7
images/letters/letters_001079.png,WXYHE,letters,5
images/letters/letters_001080.png,OIWM,letters,4
images/letters/letters_001081.png,RUE,letters,3
images/letters/letters_001082.png,DPCPW,letters,5
images/letters/letters_001083.png,YGUYF,letters,5
images/letters/letters_001084.png,MZPIAEY,letters,7
images/letters/letters_001085.png,TLJVWU,letters,6
images/letters/letters_001086.png,DDEPVFHS,letters,8
images/letters/letters_001087.png,DCGZRU,letters,6
images/letters/letters_001088.png,HLJXCQ,letters,6
images/letters/letters_001089.png,FOVZLMB,letters,7
images/letters/letters_001090.png,ZJP,letters,3
images/letters/letters_001091.png,VFZWKVLD,letters,8
images/letters/letters_001092.png,BGH,letters,3
images/letters/letters_001093.png,KRRNRRW,letters,7
images/letters/letters_001094.png,AOO,letters,3
images/letters/letters_001095.png,OLAIQJ,letters,6
images/letters/letters_001096.png,RYU,letters,3
images/letters/letters_001097.png,NANW,letters,4
images/letters/letters_001098.png,PSYJDXWY,letters,8
images/letters/letters_001099.png,HFWLR,letters,5
images/letters/letters_001100.png,ZFRTMAL,letters,7
images/letters/letters_001101.png,SVUH,letters,4
images/letters/letters_001102.png,FJNCX,letters,5
images/letters/letters_001103.png,ZOKDRD,letters,6
images/letters/letters_001104.png,DAFBBJH,letters,7
images/letters/letters_001105.png,WQFJYNEC,letters,8
images/letters/letters_001106.png,DOMCWE,letters,6
images/letters/letters_001107.png,BKQ,letters,3
images/letters/letters_001108.png,UOV,letters,3
images/letters/letters_001109.png,UOZLO,letters,5
images/letters/letters_001110.png,AXQLMQN,letters,7
images/letters/letters_001111.png,UEGNLP,letters,6
images/letters/letters_001112.png,SOLCSUV,letters,7
images/letters/letters_001113.png,JICCFYQ,letters,7
images/letters/letters_001114.png,ITHISQRD,letters,8
images/letters/letters_001115.png,BFFUVGXK,letters,8
images/letters/letters_001116.png,AIYRYJZ,letters,7
images/letters/letters_001117.png,WLLVVZP,letters,7
images/letters/letters_001118.png,EDQKFQZG,letters,8
images/letters/letters_001119.png,WZP,letters,3
images/letters/letters_001120.png,PXXRHFRI,letters,8
images/letters/letters_001121.png,OFUM,letters,4
images/letters/letters_001122.png,CPUS,letters,4
images/letters/letters_001123.png,TNXSPO,letters,6
images/letters/letters_001124.png,KAHBK,letters,5
images/letters/letters_001125.png,XKCNILD,letters,7
images/letters/letters_001126.png,KYVOVW,letters,6
images/letters/letters_001127.png,VYJTXIM,letters,7
images/letters/letters_001128.png,HLPKRAM,letters,7
images/letters/letters_001129.png,RYAVVF,letters,6
images/letters/letters_001130.png,LFFHCT,letters,6
images/letters/letters_001131.png,TNOVMZW,letters,7
images/letters/letters_001132.png,MQIDSPM,letters,7
images/letters/letters_001133.png,XTZQJIO,letters,7
images/letters/letters_001134.png,PZLD,letters,4
images/letters/letters_001135.png,KTP,letters,3
images/letters/letters_001136.png,SKHC,letters,4
images/letters/letters_001137.png,EDRV,letters,4
images/letters/letters_001138.png,EJHOP,letters,5
images/letters/letters_001139.png,PWX,letters,3
images/letters/letters_001140.png,FYSWZZ,letters,6
images/letters/letters_001141.png,AMIVMT,letters,6
images/letters/letters_001142.png,WUSGZ,letters,5
images/letters/letters_001143.png,RMZIMQR,letters,7
images/letters/letters_001144.png,KMVDE,letters,5
images/letters/letters_001145.png,HHAJDQAF,letters,8
images/letters/letters_001146.png,QCEAKCNA,letters,8
images/letters/letters_001147.png,ADS,letters,3
images/letters/letters_001148.png,QHF,letters,3
images/letters/letters_001149.png,OTPJNACU,letters,8
images/letters/letters_001150.png,HPFYIWE,letters,7
images/letters/letters_001151.png,XOALK,letters,5
images/letters/letters_001152.png,TJWUM,letters,5
images/letters/letters_001153.png,LYQPO,letters,5
images/letters/letters_001154.png,JHS,letters,3
images/letters/letters_001155.png,FHAJMGD,letters,7
images/letters/letters_001156.png,ILQWCYE,letters,7
images/letters/letters_001157.png,XFAUFQBJ,letters,8
images/letters/letters_001158.png,URQY,letters,4
images/letters/letters_001159.png,VRNIJDY,letters,7
images/letters/letters_001160.png,WWC,letters,3
images/letters/letters_001161.png,GSFA,letters,4
images/letters/letters_001162.png,HSBUJX,letters,6
images/letters/letters_001163.png,CUYQFYEC,letters,8
images/letters/letters_001164.png,VVXV,letters,4
images/letters/letters_001165.png,XMGAZ,letters,5
images/letters/letters_001166.png,ODG,letters,3
images/letters/letters_001167.png,NLHBQZ,letters,6
images/letters/letters_001168.png,POTMJAWA,letters,8
images/letters/letters_001169.png,VDKW,letters,4
images/letters/letters_001170.png,QWOWUMPE,letters,8
images/letters/letters_001171.png,MAFCJ,letters,5
images/letters/letters_001172.png,XWDGTDL,letters,7
images/letters/letters_001173.png,APLO,letters,4
images/letters/letters_001174.png,ZXO,letters,3
images/letters/letters_001175.png,RIIRPTNF,letters,8
images/letters/letters_001176.png,BTS,letters,3
images/letters/letters_001177.png,LSA,letters,3
images/letters/letters_001178.png,IOZZIN,letters,6
images/letters/letters_001179.png,PSO,letters,3
images/letters/letters_001180.png,LQJHGOWP,letters,8
images/letters/letters_001181.png,UGBO,letters,4
images/letters/letters_001182.png,SQXHIRF,letters,7
images/letters/letters_001183.png,WPLM,letters,4
images/letters/letters_001184.png,ZSLEX,letters,5
images/letters/letters_001185.png,SSN,letters,3
images/letters/letters_001186.png,IBJJYQV,letters,7
images/letters/letters_001187.png,UZDTM,letters,5
images/letters/letters_001188.png,UNUXFBU,letters,7
images/letters/letters_001189.png,DMT,letters,3
images/letters/letters_001190.png,WKD,letters,3
images/letters/letters_001191.png,RIVFXMH,letters,7
images/letters/letters_001192.png,ORZSS,letters,5
images/letters/letters_001193.png,LGWQONC,letters,7
images/letters/letters_001194.png,NIMSPVZB,letters,8
images/letters/letters_001195.png,SLVGHV,letters,6
images/letters/letters_001196.png,OKVZFF,letters,6
images/letters/letters_001197.png,HAMZSTTP,letters,8
images/letters/letters_001198.png,YKIGAZE,letters,7
images/letters/letters_001199.png,MYJUMZ,letters,6
images/letters/letters_001200.png,UHVGKAZV,letters,8
images/letters/letters_001201.png,QXAALX,letters,6
images/letters/letters_001202.png,TJY,letters,3
images/letters/letters_001203.png,ZQDCS,letters,5
images/letters/letters_001204.png,WBPRW,letters,5
images/letters/letters_001205.png,ENTHG,letters,5
images/letters/letters_001206.png,GPHVPUON,letters,8
images/letters/letters_001207.png,RUVLJW,letters,6
images/letters/letters_001208.png,OAER,letters,4
images/letters/letters_001209.png,BBRDVMCO,letters,8
images/letters/letters_001210.png,DXYKOQH,letters,7
images/letters/letters_001211.png,HOUERQU,letters,7
images/letters/letters_001212.png,SMX,letters,3
images/letters/letters_001213.png,BVCVZVT,letters,7
images/letters/letters_001214.png,RFTOD,letters,5
images/letters/letters_001215.png,MGVL,letters,4
images/letters/letters_001216.png,DCYZWBW,letters,7
images/letters/letters_001217.png,JHTQPC,letters,6
images/letters/letters_001218.png,LZBOJH,letters,6
images/letters/letters_001219.png,CBJIZKR,letters,7
images/letters/letters_001220.png,VTE,letters,3
images/letters/letters_001221.png,KXF,letters,3
images/letters/letters_001222.png,KYGGM,letters,5
images/letters/letters_001223.png,LTSQNKCG,letters,8
images/letters/letters_001224.png,TETT,letters,4
images/letters/letters_001225.png,NRLV,letters,4
images/letters/letters_001226.png,JNOYFQWW,letters,8
images/letters/letters_001227.png,YWYXUU,letters,6
images/letters/letters_001228.png,RGTUAS,letters,6
images/letters/letters_001229.png,GHACY,letters,5
images/letters/letters_001230.png,RGS,letters,3
images/letters/letters_001231.png,NICWIYX,letters,7
images/letters/letters_001232.png,LBF,letters,3
images/letters/letters_001233.png,DGMXCD,letters,6
images/letters/letters_001234.png,XDQ,letters,3
images/letters/letters_001235.png,CWR,letters,3
images/letters/letters_001236.png,NIWBI,letters,5
images/letters/letters_001237.png,VDT,letters,3
images/letters/letters_001238.png,WVYQNQA,letters,7
images/letters/letters_001239.png,UEVA,letters,4
images/letters/letters_001240.png,LJF,letters,3
images/letters/letters_001241.png,CFHE,letters,4
images/letters/letters_001242.png,ZOTUWMOV,letters,8
images/letters/letters_001243.png,IBAZIY,letters,6
images/letters/letters_001244.png,TFJUVVL,letters,7
images/letters/letters_001245.png,XHDBPA,letters,6
images/letters/letters_001246.png,CDLQPU,letters,6
images/letters/letters_001247.png,OBWE,letters,4
images/letters/letters_001248.png,JMPTQ,letters,5
images/letters/letters_001249.png,LXYOOI,letters,6
images/letters/letters_001250.png,BSLU,letters,4
images/letters/letters_001251.png,BXI,letters,3
images/letters/letters_001252.png,MJFYEI,letters,6
images/letters/letters_001253.png,TVXIN,letters,5
images/letters/letters_001254.png,AOWWVGID,letters,8
images/letters/letters_001255.png,KOHQAGR,letters,7
images/letters/letters_001256.png,PWJYPELF,letters,8
images/letters/letters_001257.png,DANGV,letters,5
images/letters/letters_001258.png,KRBLUTK,letters,7
images/letters/letters_001259.png,NISNO,letters,5
images/letters/letters_001260.png,BOPM,letters,4
images/letters/letters_001261.png,AMT,letters,3
images/letters/letters_001262.png,CZGLIWAY,letters,8
images/letters/letters_001263.png,WFR,letters,3
images/letters/letters_001264.png,VMSEMW,letters,6
images/letters/letters_001265.png,CESEOK,letters,6
images/letters/letters_001266.png,VCWXF,letters,5
images/letters/letters_001267.png,UVIKXSI,letters,7
images/letters/letters_001268.png,TMA,letters,3
images/letters/letters_001269.png,XQNLJE,letters,6
images/letters/letters_001270.png,FZOXLJT,letters,7
images/letters/letters_001271.png,WSJ,letters,3
images/letters/letters_001272.png,XBXANQ,letters,6
images/letters/letters_001273.png,MNCGEF,letters,6
images/letters/letters_001274.png,FXXYJ,letters,5
images/letters/letters_001275.png,EXFMP,letters,5
images/letters/letters_001276.png,LKIT,letters,4
images/letters/letters_001277.png,ANFIV,letters,5
images/letters/letters_001278.png,YIF,letters,3
images/letters/letters_001279.png,LFAVAY,letters,6
images/letters/letters_001280.png,WVS,letters,3
images/letters/letters_001281.png,WNIRXN,letters,6
images/letters/letters_001282.png,BTADBMLT,letters,8
images/letters/letters_001283.png,RTISMHU,letters,7
images/letters/letters_001284.png,QFZZAMT,letters,7
images/letters/letters_001285.png,KRYRA,letters,5
images/letters/letters_001286.png,RWZUAYK,letters,7
images/letters/letters_001287.png,JEHNLRR,letters,7
images/letters/letters_001288.png,RYJDG,letters,5
images/letters/letters_001289.png,HZLBCWOR,letters,8
images/letters/letters_001290.png,PFCWHJQM,letters,8
images/letters/letters_001291.png,XEQOZB,letters,6
images/letters/letters_001292.png,IGDWPHKN,letters,8
images/letters/letters_001293.png,NSXGSN,letters,6
images/letters/letters_001294.png,TUHLKIIU,letters,8
images/letters/letters_001295.png,YDVWFCJY,letters,8
images/letters/letters_001296.png,SPTENA,letters,6
images/letters/letters_001297.png,DTZPNCG,letters,7
images/letters/letters_001298.png,PTFNO,letters,5
images/letters/letters_001299.png,GUXTBKQ,letters,7
images/letters/letters_001300.png,MEXZEFVN,letters,8
images/letters/letters_001301.png,TPONX,letters,5
images/letters/letters_001302.png,FNRM,letters,4
images/letters/letters_001303.png,QDNM,letters,4
images/letters/letters_001304.png,FIHY,letters,4
images/letters/letters_001305.png,HQB,letters,3
images/letters/letters_001306.png,FGRBHJET,letters,8
images/letters/letters_001307.png,JBBTAYLY,letters,8
images/letters/letters_001308.png,ZEK,letters,3
images/letters/letters_001309.png,UOMWTIM,letters,7
images/letters/letters_001310.png,HOHORJBI,letters,8
images/letters/letters_001311.png,NKQBNZKS,letters,8
images/letters/letters_001312.png,FLBJH,letters,5
images/letters/letters_001313.png,QWBNPI,letters,6
images/letters/letters_001314.png,FFQNF,letters,5
images/letters/letters_001315.png,SJYXKTBV,letters,8
images/letters/letters_001316.png,RFBC,letters,4
images/letters/letters_001317.png,FEF,letters,3
images/letters/letters_001318.png,WXRNQ,letters,5
images/letters/letters_001319.png,TIUS,letters,4
images/letters/letters_001320.png,WDIEJRS,letters,7
images/letters/letters_001321.png,ZAWRH,letters,5
images/letters/letters_001322.png,JDTQB,letters,5
images/letters/letters_001323.png,STHID,letters,5
images/letters/letters_001324.png,EKOPTAH,letters,7
images/letters/letters_001325.png,QMXDAIDR,letters,8
images/letters/letters_001326.png,RGBCK,letters,5
images/letters/letters_001327.png,ZPDGGNF,letters,7
images/letters/letters_001328.png,HQZD,letters,4
images/letters/letters_001329.png,HXNZ,letters,4
images/letters/letters_001330.png,PSQY,letters,4
images/letters/letters_001331.png,WUYVTENM,letters,8
images/letters/letters_001332.png,NGJ,letters,3
images/letters/letters_001333.png,UNY,letters,3
images/letters/letters_001334.png,JFZLTCY,letters,7
images/letters/letters_001335.png,AWOQ,letters,4
images/letters/letters_001336.png,PESU,letters,4
images/letters/letters_001337.png,YOP,letters,3
images/letters/letters_001338.png,BUBUFNP,letters,7
images/letters/letters_001339.png,TTGOH,letters,5
images/letters/letters_001340.png,DAXCE,letters,5
images/letters/letters_001341.png,KVKAI,letters,5
images/letters/letters_001342.png,HBBKD,letters,5
images/letters/letters_001343.png,VZZMB,letters,5
images/letters/letters_001344.png,XRCNMA,letters,6
images/letters/letters_001345.png,FCE,letters,3
images/letters/letters_001346.png,RRAMSHD,letters,7
images/letters/letters_001347.png,IKDV,letters,4
images/letters/letters_001348.png,DUCOEKL,letters,7
images/letters/letters_001349.png,KNFGVY,letters,6
images/letters/letters_001350.png,XIHEVEAN,letters,8
images/letters/letters_001351.png,RQQU,letters,4
images/letters/letters_001352.png,FHNHZ,letters,5
images/letters/letters_001353.png,PJDAG,letters,5
images/letters/letters_001354.png,TJPZ,letters,4
images/letters/letters_001355.png,IPJSRM,letters,6
images/letters/letters_001356.png,LBCLA,letters,5
images/letters/letters_001357.png,MRV,letters,3
images/letters/letters_001358.png,HQWNLQ,letters,6
images/letters/letters_001359.png,UNAEI,letters,5
images/letters/letters_001360.png,HVQWYAG,letters,7
images/letters/letters_001361.png,RVCS,letters,4
images/letters/letters_001362.png,JKA,letters,3
images/letters/letters_001363.png,DEIERK,letters,6
images/letters/letters_001364.png,GPYTWSK,letters,7
images/letters/letters_001365.png,NCEKNLAP,letters,8
images/letters/letters_001366.png,SKVKWGU,letters,7
images/letters/letters_001367.png,VRE,letters,3
images/letters/letters_001368.png,OMTI,letters,4
images/letters/letters_001369.png,AYSU,letters,4
images/letters/letters_001370.png,IPLQ,letters,4
images/letters/letters_001371.png,QIJWJL,letters,6
images/letters/letters_001372.png,UMFV,letters,4
images/letters/letters_001373.png,ISL,letters,3
images/letters/letters_001374.png,PEBMMKX,letters,7
images/letters/letters_001375.png,CNPSFQO,letters,7
images/letters/letters_001376.png,XHLLSSGR,letters,8
images/letters/letters_001377.png,GUG,letters,3
images/letters/letters_001378.png,NXHRVGZ,letters,7
images/letters/letters_001379.png,RPBN,letters,4
images/letters/letters_001380.png,WQNHZ,letters,5
images/letters/letters_001381.png,EPVR,letters,4
images/letters/letters_001382.png,GRLQ,letters,4
images/letters/letters_001383.png,MCRNEGHL,letters,8
images/letters/letters_001384.png,PAW,letters,3
images/letters/letters_001385.png,IYWSOM,letters,6
images/letters/letters_001386.png,TMIT,letters,4
images/letters/letters_001387.png,BPH,letters,3
images/letters/letters_001388.png,DZX,letters,3
images/letters/letters_001389.png,ICSAIFNQ,letters,8
images/letters/letters_001390.png,ANTSLXRX,letters,8
images/letters/letters_001391.png,KQNNWSU,letters,7
images/letters/letters_001392.png,HGEHXSGW,letters,8
images/letters/letters_001393.png,GHYRFGQ,letters,7
images/letters/letters_001394.png,JUMFZ,letters,5
images/letters/letters_001395.png,RZM,letters,3
images/letters/letters_001396.png,OQORWYBS,letters,8
images/letters/letters_001397.png,YFWDSSH,letters,7
images/letters/letters_001398.png,MZHNNY,letters,6
images/letters/letters_001399.png,NTXER,letters,5
images/letters/letters_001400.png,CHOHZSLW,letters,8
images/letters/letters_001401.png,MOBBW,letters,5
images/letters/letters_001402.png,MIQBE,letters,5
images/letters/letters_001403.png,JMLI,letters,4
images/letters/letters_001404.png,GUSOO,letters,5
images/letters/letters_001405.png,QFSVU,letters,5
images/letters/letters_001406.png,ELIQQJ,letters,6
images/letters/letters_001407.png,JMOVMBJC,letters,8
images/letters/letters_001408.png,HUEEVP,letters,6
images/letters/letters_001409.png,AKCFLUL,letters,7
images/letters/letters_001410.png,JSJAHISD,letters,8
images/letters/letters_001411.png,GALCZH,letters,6
images/letters/letters_001412.png,KGHF,letters,4
images/letters/letters_001413.png,XFOAHVKM,letters,8
images/letters/letters_001414.png,YNJHXRS,letters,7
images/letters/letters_001415.png,UFMQLW,letters,6
images/letters/letters_001416.png,KWPKB,letters,5
images/letters/letters_001417.png,GNL,letters,3
images/letters/letters_001418.png,NXLEYDHL,letters,8
images/letters/letters_001419.png,WJSV,letters,4
images/letters/letters_001420.png,MCG,letters,3
images/letters/letters_001421.png,HOC,letters,3
images/letters/letters_001422.png,HYAPMHWN,letters,8
images/letters/letters_001423.png,TQMOQZXP,letters,8
images/letters/letters_001424.png,RMR,letters,3
images/letters/letters_001425.png,BGOKQI,letters,6
images/letters/letters_001426.png,ZMCABLR,letters,7
images/letters/letters_001427.png,LTEI,letters,4
images/letters/letters_001428.png,NRK,letters,3
images/letters/letters_001429.png,KNZXM,letters,5
images/letters/letters_001430.png,EBRY,letters,4
images/letters/letters_001431.png,YXTK,letters,4
images/letters/letters_001432.png,ULOXOBG,letters,7
images/letters/letters_001433.png,FDAXGS,letters,6
images/letters/letters_001434.png,GDSL,letters,4
images/letters/letters_001435.png,IPJ,letters,3
images/letters/letters_001436.png,BEIAGD,letters,6
images/letters/letters_001437.png,PARI,letters,4
images/letters/letters_001438.png,DLKBULL,letters,7
images/letters/letters_001439.png,AFUCDUO,letters,7
images/letters/letters_001440.png,SUDZ,letters,4
images/letters/letters_001441.png,OHRMQ,letters,5
images/letters/letters_001442.png,YFYURBA,letters,7
images/letters/letters_001443.png,YVABXXJF,letters,8
images/letters/letters_001444.png,VSHTMEM,letters,7
images/letters/letters_001445.png,JJQNWOC,letters,7
images/letters/letters_001446.png,DYYN,letters,4
images/letters/letters_001447.png,KBRGVR,letters,6
images/letters/letters_001448.png,RBNY,letters,4
images/letters/letters_001449.png,GYTJQZUV,letters,8
images/letters/letters_001450.png,ORM,letters,3
images/letters/letters_001451.png,QCCMH,letters,5
images/letters/letters_001452.png,ZBEFDT,letters,6
images/letters/letters_001453.png,MOMJXRE,letters,7
images/letters/letters_001454.png,GTNHVL,letters,6
images/letters/letters_001455.png,BUDJ,letters,4
images/letters/letters_001456.png,TCKUYY,letters,6
images/letters/letters_001457.png,KUQXEK,letters,6
images/letters/letters_001458.png,IVDXC,letters,5
images/letters/letters_001459.png,TVCWI,letters,5
images/letters/letters_001460.png,BUGUTORO,letters,8
images/letters/letters_001461.png,NCMA,letters,4
images/letters/letters_001462.png,GYJJN,letters,5
images/letters/letters_001463.png,SEPTP,letters,5
images/letters/letters_001464.png,MEAC,letters,4
images/letters/letters_001465.png,TIVBQBN,letters,7
images/letters/letters_001466.png,EMHWPQHE,letters,8
images/letters/letters_001467.png,HFDQB,letters,5
images/letters/letters_001468.png,QDGEGSEZ,letters,8
images/letters/letters_001469.png,IJRWHI,letters,6
images/letters/letters_001470.png,VJKCZGQ,letters,7
images/letters/letters_001471.png,DFYW,letters,4
images/letters/letters_001472.png,LOSJCMP,letters,7
images/letters/letters_001473.png,HNSGBXHH,letters,8
images/letters/letters_001474.png,EXGKEHR,letters,7
images/letters/letters_001475.png,JBH,letters,3
images/letters/letters_001476.png,HFCRGQE,letters,7
images/letters/letters_001477.png,EGZZMLZI,letters,8
images/letters/letters_001478.png,OMCYQLK,letters,7
images/letters/letters_001479.png,SYOZQZW,letters,7
images/letters/letters_001480.png,HPLONQK,letters,7
images/letters/letters_001481.png,ZDA,letters,3
images/letters/letters_001482.png,BONBBFF,letters,7
images/letters/letters_001483.png,UIJBKLI,letters,7
images/letters/letters_001484.png,DOVIXCAL,letters,8
images/letters/letters_001485.png,UZKXZ,letters,5
images/letters/letters_001486.png,FMUW,letters,4
images/letters/letters_001487.png,KDRY,letters,4
images/letters/letters_001488.png,ERIHJB,letters,6
images/letters/letters_001489.png,HLDR,letters,4
images/letters/letters_001490.png,RLY,letters,3
images/letters/letters_001491.png,WQIIEJES,letters,8
images/letters/letters_001492.png,SZKD,letters,4
images/letters/letters_001493.png,FURGN,letters,5
images/letters/letters_001494.png,NTWB,letters,4
images/letters/letters_001495.png,SQWK,letters,4
images/letters/letters_001496.png,JPXE,letters,4
images/letters/letters_001497.png,EACSOPA,letters,7
images/letters/letters_001498.png,LMSTR,letters,5
images/letters/letters_001499.png,ZEDVPXQ,letters,7
images/letters/letters_001500.png,ORMM,letters,4
images/letters/letters_001501.png,SNKMBF,letters,6
images/letters/letters_001502.png,FUPYI,letters,5
images/letters/letters_001503.png,BYQIEV,letters,6
images/letters/letters_001504.png,KBRSCC,letters,6
images/letters/letters_001505.png,SOPWNY,letters,6
images/letters/letters_001506.png,TUVYAX,letters,6
images/letters/letters_001507.png,MVCGEO,letters,6
images/letters/letters_001508.png,LEVBF,letters,5
images/letters/letters_001509.png,CVQBDUIB,letters,8
images/letters/letters_001510.png,TTYDWEL,letters,7
images/letters/letters_001511.png,BBQR,letters,4
images/letters/letters_001512.png,GHDKGQU,letters,7
images/letters/letters_001513.png,FPJBTLP,letters,7
images/letters/letters_001514.png,NMAL,letters,4
images/letters/letters_001515.png,DOC,letters,3
images/letters/letters_001516.png,KZY,letters,3
images/letters/letters_001517.png,BMJF,letters,4
images/letters/letters_001518.png,CJLBQT,letters,6
images/letters/letters_001519.png,CLHUC,letters,5
images/letters/letters_001520.png,BHUOS,letters,5
images/letters/letters_001521.png,ZPQCROKB,letters,8
images/letters/letters_001522.png,XUIVTQC,letters,7
images/letters/letters_001523.png,VONSX,letters,5
images/letters/letters_001524.png,ODRZ,letters,4
images/letters/letters_001525.png,PTJ,letters,3
images/letters/letters_001526.png,KLF,letters,3
images/letters/letters_001527.png,SKKWIS,letters,6
images/letters/letters_001528.png,XAXB,letters,4
images/letters/letters_001529.png,SFSXGGBN,letters,8
images/letters/letters_001530.png,VPKNISYI,letters,8
images/letters/letters_001531.png,KONJAQMR,letters,8
images/letters/letters_001532.png,GNOWUM,letters,6
images/letters/letters_001533.png,JJRCIBA,letters,7
images/letters/letters_001534.png,KVVY,letters,4
images/letters/letters_001535.png,IXPH,letters,4
images/letters/letters_001536.png,PKGOEG,letters,6
images/letters/letters_001537.png,MHXTYVO,letters,7
images/letters/letters_001538.png,BAIRHRP,letters,7
images/letters/letters_001539.png,WDFJPW,letters,6
images/letters/letters_001540.png,NEKUQGOF,letters,8
images/letters/letters_001541.png,SCYNLRQ,letters,7
images/letters/letters_001542.png,QKQ,letters,3
images/letters/letters_001543.png,HFLCULQ,letters,7
images/letters/letters_001544.png,ABMVJHE,letters,7
images/letters/letters_001545.png,LZQEYV,letters,6
images/letters/letters_001546.png,KAB,letters,3
images/letters/letters_001547.png,MWHST,letters,5
images/letters/letters_001548.png,QAXAE,letters,5
images/letters/letters_001549.png,YNFRO,letters,5
images/letters/letters_001550.png,ZLQHMG,letters,6
images/letters/letters_001551.png,LHAH,letters,4
images/letters/letters_001552.png,XVGMLE,letters,6
images/letters/letters_001553.png,BVYXY,letters,5
images/letters/letters_001554.png,SXCZGG,letters,6
images/letters/letters_001555.png,XJSQO,letters,5
images/letters/letters_001556.png,HYWRZBH,letters,7
images/letters/letters_001557.png,BMTRCQ,letters,6
images/letters/letters_001558.png,GEYHRZYI,letters,8
images/letters/letters_001559.png,OUSIPGB,letters,7
images/letters/letters_001560.png,FAW,letters,3
images/letters/letters_001561.png,NFHLBRW,letters,7
images/letters/letters_001562.png,HKXETUMX,letters,8
images/letters/letters_001563.png,DKC,letters,3
images/letters/letters_001564.png,NKM,letters,3
images/letters/letters_001565.png,BUPFGB,letters,6
images/letters/letters_001566.png,MFELGEG,letters,7
images/letters/letters_001567.png,CHMIY,letters,5
images/letters/letters_001568.png,XGSTQOW,letters,7
images/letters/letters_001569.png,HWAEWJV,letters,7
images/letters/letters_001570.png,WBOUBRQ,letters,7
images/letters/letters_001571.png,OFQN,letters,4
images/letters/letters_001572.png,NVVQHKY,letters,7
images/letters/letters_001573.png,OHM,letters,3
images/letters/letters_001574.png,MWWXZM,letters,6
images/letters/letters_001575.png,RJUZURA,letters,7
images/letters/letters_001576.png,ILOXAVEO,letters,8
images/letters/letters_001577.png,ETWBLWS,letters,7
images/letters/letters_001578.png,BOTHMEJ,letters,7
images/letters/letters_001579.png,EBL,letters,3
images/letters/letters_001580.png,ZFQ,letters,3
images/letters/letters_001581.png,ZQGUHUS,letters,7
images/letters/letters_001582.png,GVKPYCU,letters,7
images/letters/letters_001583.png,BHFADIT,letters,7
images/letters/letters_001584.png,PWGZDFB,letters,7
images/letters/letters_001585.png,SCBYFJKN,letters,8
images/letters/letters_001586.png,HHUSYZSJ,letters,8
images/letters/letters_001587.png,QAQAC,letters,5
images/letters/letters_001588.png,ILQYSRNZ,letters,8
images/letters/letters_001589.png,SIZP,letters,4
images/letters/letters_001590.png,XMMQMP,letters,6
images/letters/letters_001591.png,ZOPYL,letters,5
images/letters/letters_001592.png,PNOO,letters,4
images/letters/letters_001593.png,BHJH,letters,4
images/letters/letters_001594.png,AOBRYWZC,letters,8
images/letters/letters_001595.png,VJUO,letters,4
images/letters/letters_001596.png,ZJOD,letters,4
images/letters/letters_001597.png,PCR,letters,3
images/letters/letters_001598.png,PBBYTKD,letters,7
images/letters/letters_001599.png,IHKO,letters,4
images/letters/letters_001600.png,PJDCN,letters,5
images/letters/letters_001601.png,AQZGQPK,letters,7
images/letters/letters_001602.png,HQITJPZ,letters,7
images/letters/letters_001603.png,GGEFPZ,letters,6
images/letters/letters_001604.png,WEC,letters,3
images/letters/letters_001605.png,NOAEPCP,letters,7
images/letters/letters_001606.png,SBVV,letters,4
images/letters/letters_001607.png,OQDP,letters,4
images/letters/letters_001608.png,AIAYCYNC,letters,8
images/letters/letters_001609.png,PRVYA,letters,5
images/letters/letters_001610.png,FYNDNAUO,letters,8
images/letters/letters_001611.png,XUPMFKG,letters,7
images/letters/letters_001612.png,RRGJZON,letters,7
images/letters/letters_001613.png,QJAH,letters,4
images/letters/letters_001614.png,BVJ,letters,3
images/letters/letters_001615.png,PMZC,letters,4
images/letters/letters_001616.png,OQXACZUY,letters,8
images/letters/letters_001617.png,KBTA,letters,4
images/letters/letters_001618.png,JPWDDV,letters,6
images/letters/letters_001619.png,IOHVROFB,letters,8
images/letters/letters_001620.png,XMR,letters,3
images/letters/letters_001621.png,HGVX,letters,4
images/letters/letters_001622.png,MTUK,letters,4
images/letters/letters_001623.png,TGHO,letters,4
images/letters/letters_001624.png,JWLRA,letters,5
images/letters/letters_001625.png,SRNOMJ,letters,6
images/letters/letters_001626.png,CYBZZHU,letters,7
images/letters/letters_001627.png,TPLA,letters,4
images/letters/letters_001628.png,PHLI,letters,4
images/letters/letters_001629.png,FCHFMKZS,letters,8
images/letters/letters_001630.png,JNYM,letters,4
images/letters/letters_001631.png,ZMVC,letters,4
images/letters/letters_001632.png,SDLGQCE,letters,7
images/letters/letters_001633.png,ACT,letters,3
images/letters/letters_001634.png,DYFCT,letters,5
images/letters/letters_001635.png,SPHRESL,letters,7
images/letters/letters_001636.png,OZLBBDQB,letters,8
images/letters/letters_001637.png,JWBHSLD,letters,7
images/letters/letters_001638.png,GTVTPJ,letters,6
images/letters/letters_001639.png,SWB,letters,3
images/letters/letters_001640.png,YXD,letters,3
images/letters/letters_001641.png,DEKL,letters,4
images/letters/letters_001642.png,LXXA,letters,4
images/letters/letters_001643.png,CQLHV,letters,5
images/letters/letters_001644.png,RQJ,letters,3
images/letters/letters_001645.png,IEEYEHUZ,letters,8
images/letters/letters_001646.png,CCZOMWL,letters,7
images/letters/letters_001647.png,CVSJZN,letters,6
images/letters/letters_001648.png,QAVKGVAD,letters,8
images/letters/letters_001649.png,PAMMQPXB,letters,8
images/letters/letters_001650.png,OCOSOFE,letters,7
images/letters/letters_001651.png,OLC,letters,3
images/letters/letters_001652.png,LSSUNB,letters,6
images/letters/letters_001653.png,YITV,letters,4
images/letters/letters_001654.png,RGZWX,letters,5
images/letters/letters_001655.png,DRV,letters,3
images/letters/letters_001656.png,UYC,letters,3
images/letters/letters_001657.png,MGCMQF,letters,6
images/letters/letters_001658.png,UCL,letters,3
images/letters/letters_001659.png,RSL,letters,3
images/letters/letters_001660.png,TDQTQ,letters,5
images/letters/letters_001661.png,FEADYJM,letters,7
images/letters/letters_001662.png,LCEQ,letters,4
images/letters/letters_001663.png,MNKRFFHN,letters,8
images/letters/letters_001664.png,RGOS,letters,4
images/letters/letters_001665.png,DPLHV,letters,5
images/letters/letters_001666.png,KNOPD,letters,5
images/letters/letters_001667.png,YSEXZXP,letters,7
images/letters/letters_001668.png,QUPNA,letters,5
images/letters/letters_001669.png,AQBRZ,letters,5
images/letters/letters_001670.png,DWQSJJSS,letters,8
images/letters/letters_001671.png,EHKUD,letters,5
images/letters/letters_001672.png,QDWKDW,letters,6
images/letters/letters_001673.png,DDDHCIEU,letters,8
images/letters/letters_001674.png,FEW,letters,3
images/letters/letters_001675.png,FLCL,letters,4
images/letters/letters_001676.png,FHLPM,letters,5
images/letters/letters_001677.png,UURIDMSW,letters,8
images/letters/letters_001678.png,UZRJILKC,letters,8
images/letters/letters_001679.png,KZQD,letters,4
images/letters/letters_001680.png,HNYUZAX,letters,7
images/letters/letters_001681.png,GGTWZXAI,letters,8
images/letters/letters_001682.png,LBE,letters,3
images/letters/letters_001683.png,OCE,letters,3
images/letters/letters_001684.png,YTH,letters,3
images/letters/letters_001685.png,WUNWKYS,letters,7
images/letters/letters_001686.png,PET,letters,3
images/letters/letters_001687.png,UPJGFHHN,letters,8
images/letters/letters_001688.png,DDQMCOI,letters,7
images/letters/letters_001689.png,UWBNMQI,letters,7
images/letters/letters_001690.png,ZHWTIEIC,letters,8
images/letters/letters_001691.png,DKCFZW,letters,6
images/letters/letters_001692.png,EYU,letters,3
images/letters/letters_001693.png,RKQAXVHO,letters,8
images/letters/letters_001694.png,GLVLZC,letters,6
images/letters/letters_001695.png,EEUDMFUA,letters,8
images/letters/letters_001696.png,BCR,letters,3
images/letters/letters_001697.png,VUPRGL,letters,6
images/letters/letters_001698.png,MHUWHMG,letters,7
images/letters/letters_001699.png,LDHYQHOB,letters,8
images/letters/letters_001700.png,DITNLN,letters,6
images/letters/letters_001701.png,HOYLFB,letters,6
images/letters/letters_001702.png,ZULDRFX,letters,7
images/letters/letters_001703.png,WNSOUM,letters,6
images/letters/letters_001704.png,YSPRDP,letters,6
images/letters/letters_001705.png,KKB,letters,3
images/letters/letters_001706.png,BDU,letters,3
images/letters/letters_001707.png,UYUMODLN,letters,8
images/letters/letters_001708.png,OEIRZ,letters,5
images/letters/letters_001709.png,XVXRDO,letters,6
images/letters/letters_001710.png,XTOS,letters,4
images/letters/letters_001711.png,BSO,letters,3
images/letters/letters_001712.png,TEFDML,letters,6
images/letters/letters_001713.png,RFM,letters,3
images/letters/letters_001714.png,INLJZY,letters,6
images/letters/letters_001715.png,MXBWD,letters,5
images/letters/letters_001716.png,CWPMIB,letters,6
images/letters/letters_001717.png,ZAQ,letters,3
images/letters/letters_001718.png,UJQ,letters,3
images/letters/letters_001719.png,WNUXZ,letters,5
images/letters/letters_001720.png,MNQHQB,letters,6
images/letters/letters_001721.png,ZGAAEY,letters,6
images/letters/letters_001722.png,QIODXWOT,letters,8
images/letters/letters_001723.png,NBQWWBX,letters,7
images/letters/letters_001724.png,MNUJJOF,letters,7
images/letters/letters_001725.png,LQCCQPI,letters,7
images/letters/letters_001726.png,DSX,letters,3
images/letters/letters_001727.png,TVQZYQ,letters,6
images/letters/letters_001728.png,GIPPAWO,letters,7
images/letters/letters_001729.png,MKSQIE,letters,6
images/letters/letters_001730.png,RKAEPGZ,letters,7
images/letters/letters_001731.png,HLO,letters,3
images/letters/letters_001732.png,VYDQQHCY,letters,8
images/letters/letters_001733.png,TWQ,letters,3
images/letters/letters_001734.png,PMVPHR,letters,6
images/letters/letters_001735.png,ZKLUKBUP,letters,8
images/letters/letters_001736.png,BRVXM,letters,5
images/letters/letters_001737.png,MMOPMA,letters,6
images/letters/letters_001738.png,VXYBZB,letters,6
images/letters/letters_001739.png,AAIUHCD,letters,7
images/letters/letters_001740.png,NGCW,letters,4
images/letters/letters_001741.png,SGBLO,letters,5
images/letters/letters_001742.png,KXEJ,letters,4
images/letters/letters_001743.png,WNOOWCEO,letters,8
images/letters/letters_001744.png,OFXFF,letters,5
images/letters/letters_001745.png,AKTB,letters,4
images/letters/letters_001746.png,TQOAUZV,letters,7
images/letters/letters_001747.png,OJV,letters,3
images/letters/letters_001748.png,YYVBW,letters,5
images/letters/letters_001749.png,VHLZWRX,letters,7
images/letters/letters_001750.png,KSLRD,letters,5
images/letters/letters_001751.png,VJHKYN,letters,6
images/letters/letters_001752.png,JZSFYL,letters,6
images/letters/letters_001753.png,WUEGKZEU,letters,8
images/letters/letters_001754.png,GDNCEI,letters,6
images/letters/letters_001755.png,GPZBX,letters,5
images/letters/letters_001756.png,FZSLONWF,letters,8
images/letters/letters_001757.png,GPWXGKXE,letters,8
images/letters/letters_001758.png,IURS,letters,4
images/letters/letters_001759.png,OBSOCUZ,letters,7
images/letters/letters_001760.png,JZTVWEC,letters,7
images/letters/letters_001761.png,JNOBX,letters,5
images/letters/letters_001762.png,OAIP,letters,4
images/letters/letters_001763.png,CBOA,letters,4
images/letters/letters_001764.png,RCIDSELW,letters,8
images/letters/letters_001765.png,NKSRHJCH,letters,8
images/letters/letters_001766.png,DLTUMZEJ,letters,8
images/letters/letters_001767.png,AEKTHOV,letters,7
images/letters/letters_001768.png,FEUYI,letters,5
images/letters/letters_001769.png,CQFQ,letters,4
images/letters/letters_001770.png,GIA,letters,3
images/letters/letters_001771.png,FLWF,letters,4
images/letters/letters_001772.png,RZZ,letters,3
images/letters/letters_001773.png,DPXTEO,letters,6
images/letters/letters_001774.png,PKFPKYP,letters,7
images/letters/letters_001775.png,QWM,letters,3
images/letters/letters_001776.png,FPUW,letters,4
images/letters/letters_001777.png,NLGWA,letters,5
images/letters/letters_001778.png,IDDTY,letters,5
images/letters/letters_001779.png,BFCPOJY,letters,7
images/letters/letters_001780.png,ZXP,letters,3
images/letters/letters_001781.png,HGVY,letters,4
images/letters/letters_001782.png,PAXLI,letters,5
images/letters/letters_001783.png,ORC,letters,3
images/letters/letters_001784.png,VHBJDH,letters,6
images/letters/letters_001785.png,RUQS,letters,4
images/letters/letters_001786.png,OOASL,letters,5
images/letters/letters_001787.png,DTTNK,letters,5
images/letters/letters_001788.png,KXBGV,letters,5
images/letters/letters_001789.png,IORDSGQB,letters,8
images/letters/letters_001790.png,DDGDWEK,letters,7
images/letters/letters_001791.png,OKG,letters,3
images/letters/letters_001792.png,KGDNXV,letters,6
images/letters/letters_001793.png,GCXV,letters,4
images/letters/letters_001794.png,UBIAICRX,letters,8
images/letters/letters_001795.png,HKEEII,letters,6
images/letters/letters_001796.png,MTYGXM,letters,6
images/letters/letters_001797.png,LDX,letters,3
images/letters/letters_001798.png,HWYO,letters,4
images/letters/letters_001799.png,SDONV,letters,5
images/letters/letters_001800.png,YZR,letters,3
images/letters/letters_001801.png,FKN,letters,3
images/letters/letters_001802.png,HKCZN,letters,5
images/letters/letters_001803.png,VGDCZGZC,letters,8
images/letters/letters_001804.png,LJJ,letters,3
images/letters/letters_001805.png,FXYBG,letters,5
images/letters/letters_001806.png,ROI,letters,3
images/letters/letters_001807.png,ULNKUEH,letters,7
images/letters/letters_001808.png,EDXMC,letters,5
images/letters/letters_001809.png,VKE,letters,3
images/letters/letters_001810.png,KVLM,letters,4
images/letters/letters_001811.png,JGNWGVM,letters,7
images/letters/letters_001812.png,FMURP,letters,5
images/letters/letters_001813.png,DYMUKPC,letters,7
images/letters/letters_001814.png,DWGLRJ,letters,6
images/letters/letters_001815.png,JKJEP,letters,5
images/letters/letters_001816.png,UXUCV,letters,5
images/letters/letters_001817.png,MWIJG,letters,5
images/letters/letters_001818.png,YQTR,letters,4
images/letters/letters_001819.png,JZOFY,letters,5
images/letters/letters_001820.png,LSNYL,letters,5
images/letters/letters_001821.png,XSCJV,letters,5
images/letters/letters_001822.png,WKUTR,letters,5
images/letters/letters_001823.png,NZYHZLB,letters,7
images/letters/letters_001824.png,UCMKZNT,letters,7
images/letters/letters_001825.png,HWDKCYMS,letters,8
images/letters/letters_001826.png,ETR,letters,3
images/letters/letters_001827.png,PIX,letters,3
images/letters/letters_001828.png,DDFZAD,letters,6
images/letters/letters_001829.png,MXNOS,letters,5
images/letters/letters_001830.png,RTMBTI,letters,6
images/letters/letters_001831.png,XMLEO,letters,5
images/letters/letters_001832.png,GYPNM,letters,5
images/letters/letters_001833.png,IEQADWG,letters,7
images/letters/letters_001834.png,ZLLOOC,letters,6
images/letters/letters_001835.png,SFDI,letters,4
images/letters/letters_001836.png,WQFNPDV,letters,7
images/letters/letters_001837.png,SMJAZRZM,letters,8
images/letters/letters_001838.png,UPROON,letters,6
images/letters/letters_001839.png,TXYD,letters,4
images/letters/letters_001840.png,YCEUXJMQ,letters,8
images/letters/letters_001841.png,GSX,letters,3
images/letters/letters_001842.png,SSBIWKF,letters,7
images/letters/letters_001843.png,IGT,letters,3
images/letters/letters_001844.png,JFX,letters,3
images/letters/letters_001845.png,WHKRGFPT,letters,8
images/letters/letters_001846.png,MGQXCEH,letters,7
images/letters/letters_001847.png,EMZZCFDG,letters,8
images/letters/letters_001848.png,TAL,letters,3
images/letters/letters_001849.png,VJWLQU,letters,6
images/letters/letters_001850.png,ENW,letters,3
images/letters/letters_001851.png,TJG,letters,3
images/letters/letters_001852.png,CKWBTST,letters,7
images/letters/letters_001853.png,XKY,letters,3
images/letters/letters_001854.png,PJQMRWHW,letters,8
images/letters/letters_001855.png,OTFOT,letters,5
images/letters/letters_001856.png,IGE,letters,3
images/letters/letters_001857.png,XCN,letters,3
images/letters/letters_001858.png,QKVSK,letters,5
images/letters/letters_001859.png,TDPWO,letters,5
images/letters/letters_001860.png,DVHK,letters,4
images/letters/letters_001861.png,GMYBLZLX,letters,8
images/letters/letters_001862.png,BASFGFM,letters,7
images/letters/letters_001863.png,TFNMS,letters,5
images/letters/letters_001864.png,TFBE,letters,4
images/letters/letters_001865.png,KYGQZ,letters,5
images/letters/letters_001866.png,VCXPCXN,letters,7
images/letters/letters_001867.png,HLGQSRAN,letters,8
images/letters/letters_001868.png,XRGHQ,letters,5
images/letters/letters_001869.png,HNTAGS,letters,6
images/letters/letters_001870.png,ENTQ,letters,4
images/letters/letters_001871.png,SERO,letters,4
images/letters/letters_001872.png,EJZEBCGX,letters,8
images/letters/letters_001873.png,ZHTTEXU,letters,7
images/letters/letters_001874.png,HBEQ,letters,4
images/letters/letters_001875.png,XOBUR,letters,5
images/letters/letters_001876.png,LWQM,letters,4
images/letters/letters_001877.png,AYRJG,letters,5
images/letters/letters_001878.png,LSWUQNVW,letters,8
images/letters/letters_001879.png,GCSBD,letters,5
images/letters/letters_001880.png,KMALUVD,letters,7
images/letters/letters_001881.png,ZSY,letters,3
images/letters/letters_001882.png,DQGKWD,letters,6
images/letters/letters_001883.png,TMMPUKM,letters,7
images/letters/letters_001884.png,AZXTMYD,letters,7
images/letters/letters_001885.png,HHA,letters,3
images/letters/letters_001886.png,KCHJEVG,letters,7
images/letters/letters_001887.png,VYOVPMQ,letters,7
images/letters/letters_001888.png,BZXBFCQG,letters,8
images/letters/letters_001889.png,VQUQFZ,letters,6
images/letters/letters_001890.png,EGIAPN,letters,6
images/letters/letters_001891.png,USFEBAOH,letters,8
images/letters/letters_001892.png,RGFBPOE,letters,7
images/letters/letters_001893.png,RYRSDYV,letters,7
images/letters/letters_001894.png,QJDHTDRA,letters,8
images/letters/letters_001895.png,JBJE,letters,4
images/letters/letters_001896.png,LABAWIO,letters,7
images/letters/letters_001897.png,CICNI,letters,5
images/letters/letters_001898.png,NHEHGON,letters,7
images/letters/letters_001899.png,BGKQEQTG,letters,8
images/letters/letters_001900.png,AONZY,letters,5
images/letters/letters_001901.png,IPI,letters,3
images/letters/letters_001902.png,DMIBDCAS,letters,8
images/letters/letters_001903.png,MOMUMYMV,letters,8
images/letters/letters_001904.png,KXZI,letters,4
images/letters/letters_001905.png,SKYNKNE,letters,7
images/letters/letters_001906.png,NLY,letters,3
images/letters/letters_001907.png,JHDIQQ,letters,6
images/letters/letters_001908.png,XLU,letters,3
images/letters/letters_001909.png,UXKOCLQ,letters,7
images/letters/letters_001910.png,UQBE,letters,4
images/letters/letters_001911.png,GBOKAW,letters,6
images/letters/letters_001912.png,LZETWIJ,letters,7
images/letters/letters_001913.png,FSMV,letters,4
images/letters/letters_001914.png,TJIGZI,letters,6
images/letters/letters_001915.png,ARMTFSJW,letters,8
images/letters/letters_001916.png,XZR,letters,3
images/letters/letters_001917.png,QYNLB,letters,5
images/letters/letters_001918.png,YOX,letters,3
images/letters/letters_001919.png,DDS,letters,3
images/letters/letters_001920.png,NXWYX,letters,5
images/letters/letters_001921.png,FUYEN,letters,5
images/letters/letters_001922.png,LDF,letters,3
images/letters/letters_001923.png,LXHETJ,letters,6
images/letters/letters_001924.png,YNFN,letters,4
images/letters/letters_001925.png,YHXHG,letters,5
images/letters/letters_001926.png,EKZFDMP,letters,7
images/letters/letters_001927.png,ARSKVX,letters,6
images/letters/letters_001928.png,RWJNSO,letters,6
images/letters/letters_001929.png,ECILGRU,letters,7
images/letters/letters_001930.png,YALXP,letters,5
images/letters/letters_001931.png,FCLNIJLT,letters,8
images/letters/letters_001932.png,EGAEPJGK,letters,8
images/letters/letters_001933.png,RPMYU,letters,5
images/letters/letters_001934.png,FKTBZ,letters,5
images/letters/letters_001935.png,TVCLQB,letters,6
images/letters/letters_001936.png,UBCJVSKT,letters,8
images/letters/letters_001937.png,LLULZERN,letters,8
images/letters/letters_001938.png,PLNKI,letters,5
images/letters/letters_001939.png,BCRQ,letters,4
images/letters/letters_001940.png,MBGWSW,letters,6
images/letters/letters_001941.png,TPIOERTJ,letters,8
images/letters/letters_001942.png,IGWDZETU,letters,8
images/letters/letters_001943.png,ZQPAWQPM,letters,8
images/letters/letters_001944.png,FUB,letters,3
images/letters/letters_001945.png,RIZPBET,letters,7
images/letters/letters_001946.png,HWKV,letters,4
images/letters/letters_001947.png,VQJ,letters,3
images/letters/letters_001948.png,VLEAMP,letters,6
images/letters/letters_001949.png,QDVFWMJI,letters,8
images/letters/letters_001950.png,YFVQKIR,letters,7
images/letters/letters_001951.png,ZJZQSQE,letters,7
images/letters/letters_001952.png,OSL,letters,3
images/letters/letters_001953.png,OWD,letters,3
images/letters/letters_001954.png,UASBGTLV,letters,8
images/letters/letters_001955.png,RFUFDNM,letters,7
images/letters/letters_001956.png,KOROYFNL,letters,8
images/letters/letters_001957.png,YXAWZ,letters,5
images/letters/letters_001958.png,ZAZXP,letters,5
images/letters/letters_001959.png,STW,letters,3
images/letters/letters_001960.png,MTFL,letters,4
images/letters/letters_001961.png,PQNESVB,letters,7
images/letters/letters_001962.png,TLN,letters,3
images/letters/letters_001963.png,GCBXMHUS,letters,8
images/letters/letters_001964.png,BRDG,letters,4
images/letters/letters_001965.png,ZHPEN,letters,5
images/letters/letters_001966.png,ZWVRKDJ,letters,7
images/letters/letters_001967.png,QQXJ,letters,4
images/letters/letters_001968.png,JIXSRYL,letters,7
images/letters/letters_001969.png,ZAEJXQ,letters,6
images/letters/letters_001970.png,AVLBX,letters,5
images/letters/letters_001971.png,ITRMV,letters,5
images/letters/letters_001972.png,LFS,letters,3
images/letters/letters_001973.png,FZR,letters,3
images/letters/letters_001974.png,TYVDH,letters,5
images/letters/letters_001975.png,AETUF,letters,5
images/letters/letters_001976.png,JRZWEE,letters,6
images/letters/letters_001977.png,JACTF,letters,5
images/letters/letters_001978.png,RTUOF,letters,5
images/letters/letters_001979.png,NYGC,letters,4
images/letters/letters_001980.png,ZBWBKHWA,letters,8
images/letters/letters_001981.png,DSKGZSK,letters,7
images/letters/letters_001982.png,UBQG,letters,4
images/letters/letters_001983.png,IOZQ,letters,4
images/letters/letters_001984.png,AOCL,letters,4
images/letters/letters_001985.png,NUC,letters,3
images/letters/letters_001986.png,AWUJGX,letters,6
images/letters/letters_001987.png,QRYSTJO,letters,7
images/letters/letters_001988.png,TZZUAJD,letters,7
images/letters/letters_001989.png,DROSCP,letters,6
images/letters/letters_001990.png,FEYKKICO,letters,8
images/letters/letters_001991.png,ZLPR,letters,4
images/letters/letters_001992.png,DVVL,letters,4
images/letters/letters_001993.png,BHWKRUV,letters,7
images/letters/letters_001994.png,XHMIW,letters,5
images/letters/letters_001995.png,IJE,letters,3
images/letters/letters_001996.png,IGTHT,letters,5
images/letters/letters_001997.png,ETMNS,letters,5
images/letters/letters_001998.png,ZCOFSUBF,letters,8
images/letters/letters_001999.png,FDIN,letters,4
images/letters/letters_002000.png,YIFW,letters,4
images/numbers/numbers_000001.png,32223324,numbers,8
images/numbers/numbers_000002.png,210,numbers,3
images/numbers/numbers_000003.png,56962,numbers,5
images/numbers/numbers_000004.png,60135407,numbers,8
images/numbers/numbers_000005.png,0222405,numbers,7
images/numbers/numbers_000006.png,36731097,numbers,8
images/numbers/numbers_000007.png,08114,numbers,5
images/numbers/numbers_000008.png,997,numbers,3
images/numbers/numbers_000009.png,184427,numbers,6
images/numbers/numbers_000010.png,97733,numbers,5
images/numbers/numbers_000011.png,1421040,numbers,7
images/numbers/numbers_000012.png,51855557,numbers,8
images/numbers/numbers_000013.png,677273,numbers,6
images/numbers/numbers_000014.png,854,numbers,3
images/numbers/numbers_000015.png,4662,numbers,4
images/numbers/numbers_000016.png,024,numbers,3
images/numbers/numbers_000017.png,43386,numbers,5
images/numbers/numbers_000018.png,371076,numbers,6
images/numbers/numbers_000019.png,577266,numbers,6
images/numbers/numbers_000020.png,9052932,numbers,7
images/numbers/numbers_000021.png,889980,numbers,6
images/numbers/numbers_000022.png,1709426,numbers,7
images/numbers/numbers_000023.png,5962602,numbers,7
images/numbers/numbers_000024.png,45388,numbers,5
images/numbers/numbers_000025.png,682,numbers,3
images/numbers/numbers_000026.png,82846,numbers,5
images/numbers/numbers_000027.png,15109,numbers,5
images/numbers/numbers_000028.png,02688582,numbers,8
images/numbers/numbers_000029.png,88564007,numbers,8
images/numbers/numbers_000030.png,657909,numbers,6
images/numbers/numbers_000031.png,135,numbers,3
images/numbers/numbers_000032.png,5979,numbers,4
images/numbers/numbers_000033.png,14169698,numbers,8
images/numbers/numbers_000034.png,296,numbers,3
images/numbers/numbers_000035.png,92551,numbers,5
images/numbers/numbers_000036.png,6676277,numbers,7
images/numbers/numbers_000037.png,7122828,numbers,7
images/numbers/numbers_000038.png,855,numbers,3
images/numbers/numbers_000039.png,78630,numbers,5
images/numbers/numbers_000040.png,184,numbers,3
images/numbers/numbers_000041.png,4720,numbers,4
images/numbers/numbers_000042.png,78155,numbers,5
images/numbers/numbers_000043.png,91116560,numbers,8
images/numbers/numbers_000044.png,380344,numbers,6
images/numbers/numbers_000045.png,90818070,numbers,8
images/numbers/numbers_000046.png,234,numbers,3
images/numbers/numbers_000047.png,1924,numbers,4
images/numbers/numbers_000048.png,2397923,numbers,7
images/numbers/numbers_000049.png,27196258,numbers,8
images/numbers/numbers_000050.png,1165,numbers,4
images/numbers/numbers_000051.png,6425,numbers,4
images/numbers/numbers_000052.png,86583,numbers,5
images/numbers/numbers_000053.png,1565,numbers,4
images/numbers/numbers_000054.png,2565,numbers,4
images/numbers/numbers_000055.png,0353032,numbers,7
images/numbers/numbers_000056.png,905,numbers,3
images/numbers/numbers_000057.png,27462,numbers,5
images/numbers/numbers_000058.png,3224619,numbers,7
images/numbers/numbers_000059.png,7686921,numbers,7
images/numbers/numbers_000060.png,03032811,numbers,8
images/numbers/numbers_000061.png,11140,numbers,5
images/numbers/numbers_000062.png,204,numbers,3
images/numbers/numbers_000063.png,319060,numbers,6
images/numbers/numbers_000064.png,262,numbers,3
images/numbers/numbers_000065.png,87724,numbers,5
images/numbers/numbers_000066.png,052329,numbers,6
images/numbers/numbers_000067.png,3171427,numbers,7
images/numbers/numbers_000068.png,016,numbers,3
images/numbers/numbers_000069.png,77105,numbers,5
images/numbers/numbers_000070.png,0362,numbers,4
images/numbers/numbers_000071.png,647,numbers,3
images/numbers/numbers_000072.png,022,numbers,3
images/numbers/numbers_000073.png,2248,numbers,4
images/numbers/numbers_000074.png,446292,numbers,6
images/numbers/numbers_000075.png,95458,numbers,5
images/numbers/numbers_000076.png,1080,numbers,4
images/numbers/numbers_000077.png,793207,numbers,6
images/numbers/numbers_000078.png,5376924,numbers,7
images/numbers/numbers_000079.png,086,numbers,3
images/numbers/numbers_000080.png,657,numbers,3
images/numbers/numbers_000081.png,7226,numbers,4
images/numbers/numbers_000082.png,529695,numbers,6
images/numbers/numbers_000083.png,172,numbers,3
images/numbers/numbers_000084.png,3600,numbers,4
images/numbers/numbers_000085.png,547250,numbers,6
images/numbers/numbers_000086.png,2154662,numbers,7
images/numbers/numbers_000087.png,0233966,numbers,7
images/numbers/numbers_000088.png,8050,numbers,4
images/numbers/numbers_000089.png,0952,numbers,4
images/numbers/numbers_000090.png,05480,numbers,5
images/numbers/numbers_000091.png,04456124,numbers,8
images/numbers/numbers_000092.png,4237548,numbers,7
images/numbers/numbers_000093.png,67374081,numbers,8
images/numbers/numbers_000094.png,510224,numbers,6
images/numbers/numbers_000095.png,63562055,numbers,8
images/numbers/numbers_000096.png,8960162,numbers,7
images/numbers/numbers_000097.png,801869,numbers,6
images/numbers/numbers_000098.png,9665726,numbers,7
images/numbers/numbers_000099.png,88656510,numbers,8
images/numbers/numbers_000100.png,977,numbers,3
images/numbers/numbers_000101.png,252,numbers,3
images/numbers/numbers_000102.png,13613598,numbers,8
images/numbers/numbers_000103.png,35345,numbers,5
images/numbers/numbers_000104.png,1159,numbers,4
images/numbers/numbers_000105.png,27983913,numbers,8
images/numbers/numbers_000106.png,290033,numbers,6
images/numbers/numbers_000107.png,188,numbers,3
images/numbers/numbers_000108.png,79649,numbers,5
images/numbers/numbers_000109.png,93054,numbers,5
images/numbers/numbers_000110.png,00422618,numbers,8
images/numbers/numbers_000111.png,4437,numbers,4
images/numbers/numbers_000112.png,49699051,numbers,8
images/numbers/numbers_000113.png,45916740,numbers,8
images/numbers/numbers_000114.png,088635,numbers,6
images/numbers/numbers_000115.png,418,numbers,3
images/numbers/numbers_000116.png,2280052,numbers,7
images/numbers/numbers_000117.png,589,numbers,3
images/numbers/numbers_000118.png,136315,numbers,6
images/numbers/numbers_000119.png,748968,numbers,6
images/numbers/numbers_000120.png,54403,numbers,5
images/numbers/numbers_000121.png,99466558,numbers,8
images/numbers/numbers_000122.png,05772,numbers,5
images/numbers/numbers_000123.png,5137779,numbers,7
images/numbers/numbers_000124.png,687,numbers,3
images/numbers/numbers_000125.png,61470044,numbers,8
images/numbers/numbers_000126.png,870,numbers,3
images/numbers/numbers_000127.png,404,numbers,3
images/numbers/numbers_000128.png,98840590,numbers,8
images/numbers/numbers_000129.png,435471,numbers,6
images/numbers/numbers_000130.png,541775,numbers,6
images/numbers/numbers_000131.png,29506,numbers,5
images/numbers/numbers_000132.png,65884493,numbers,8
images/numbers/numbers_000133.png,15887,numbers,5
images/numbers/numbers_000134.png,11298089,numbers,8
images/numbers/numbers_000135.png,722,numbers,3
images/numbers/numbers_000136.png,313513,numbers,6
images/numbers/numbers_000137.png,392,numbers,3
images/numbers/numbers_000138.png,054698,numbers,6
images/numbers/numbers_000139.png,65899503,numbers,8
images/numbers/numbers_000140.png,0021,numbers,4
images/numbers/numbers_000141.png,918,numbers,3
images/numbers/numbers_000142.png,5043287,numbers,7
images/numbers/numbers_000143.png,52674165,numbers,8
images/numbers/numbers_000144.png,40522,numbers,5
images/numbers/numbers_000145.png,50503,numbers,5
images/numbers/numbers_000146.png,451614,numbers,6
images/numbers/numbers_000147.png,59321,numbers,5
images/numbers/numbers_000148.png,366608,numbers,6
images/numbers/numbers_000149.png,86351511,numbers,8
images/numbers/numbers_000150.png,392828,numbers,6
images/numbers/numbers_000151.png,44875750,numbers,8
images/numbers/numbers_000152.png,98473,numbers,5
images/numbers/numbers_000153.png,34323855,numbers,8
images/numbers/numbers_000154.png,1529,numbers,4
images/numbers/numbers_000155.png,33987,numbers,5
images/numbers/numbers_000156.png,842,numbers,3
images/numbers/numbers_000157.png,26254104,numbers,8
images/numbers/numbers_000158.png,7722,numbers,4
images/numbers/numbers_000159.png,8361431,numbers,7
images/numbers/numbers_000160.png,197130,numbers,6
images/numbers/numbers_000161.png,73945526,numbers,8
images/numbers/numbers_000162.png,881619,numbers,6
images/numbers/numbers_000163.png,317024,numbers,6
images/numbers/numbers_000164.png,80243,numbers,5
images/numbers/numbers_000165.png,79288600,numbers,8
images/numbers/numbers_000166.png,8837551,numbers,7
images/numbers/numbers_000167.png,0707,numbers,4
images/numbers/numbers_000168.png,2268,numbers,4
images/numbers/numbers_000169.png,9107809,numbers,7
images/numbers/numbers_000170.png,3717436,numbers,7
images/numbers/numbers_000171.png,9814294,numbers,7
images/numbers/numbers_000172.png,69790,numbers,5
images/numbers/numbers_000173.png,7010,numbers,4
images/numbers/numbers_000174.png,64644750,numbers,8
images/numbers/numbers_000175.png,31769393,numbers,8
images/numbers/numbers_000176.png,787,numbers,3
images/numbers/numbers_000177.png,786,numbers,3
images/numbers/numbers_000178.png,49583255,numbers,8
images/numbers/numbers_000179.png,332613,numbers,6
images/numbers/numbers_000180.png,2318425,numbers,7
images/numbers/numbers_000181.png,389081,numbers,6
images/numbers/numbers_000182.png,93465,numbers,5
images/numbers/numbers_000183.png,8199,numbers,4
images/numbers/numbers_000184.png,7353,numbers,4
images/numbers/numbers_000185.png,861,numbers,3
images/numbers/numbers_000186.png,05983,numbers,5
images/numbers/numbers_000187.png,7635678,numbers,7
images/numbers/numbers_000188.png,870438,numbers,6
images/numbers/numbers_000189.png,44820,numbers,5
images/numbers/numbers_000190.png,115,numbers,3
images/numbers/numbers_000191.png,94695,numbers,5
images/numbers/numbers_000192.png,62563,numbers,5
images/numbers/numbers_000193.png,8728101,numbers,7
images/numbers/numbers_000194.png,0201,numbers,4
images/numbers/numbers_000195.png,320004,numbers,6
images/numbers/numbers_000196.png,73015,numbers,5
images/numbers/numbers_000197.png,039826,numbers,6
images/numbers/numbers_000198.png,6077,numbers,4
images/numbers/numbers_000199.png,0998,numbers,4
images/numbers/numbers_000200.png,8363,numbers,4
images/numbers/numbers_000201.png,4127382,numbers,7
images/numbers/numbers_000202.png,9119339,numbers,7
images/numbers/numbers_000203.png,921,numbers,3
images/numbers/numbers_000204.png,5864778,numbers,7
images/numbers/numbers_000205.png,27586384,numbers,8
images/numbers/numbers_000206.png,8798655,numbers,7
images/numbers/numbers_000207.png,405,numbers,3
images/numbers/numbers_000208.png,32481,numbers,5
images/numbers/numbers_000209.png,288709,numbers,6
images/numbers/numbers_000210.png,77015237,numbers,8
images/numbers/numbers_000211.png,7578986,numbers,7
images/numbers/numbers_000212.png,53583477,numbers,8
images/numbers/numbers_000213.png,5148,numbers,4
images/numbers/numbers_000214.png,2945581,numbers,7
images/numbers/numbers_000215.png,70368,numbers,5
images/numbers/numbers_000216.png,9812,numbers,4
images/numbers/numbers_000217.png,92867,numbers,5
images/numbers/numbers_000218.png,426892,numbers,6
images/numbers/numbers_000219.png,01520,numbers,5
images/numbers/numbers_000220.png,19744,numbers,5
images/numbers/numbers_000221.png,430805,numbers,6
images/numbers/numbers_000222.png,8380074,numbers,7
images/numbers/numbers_000223.png,140559,numbers,6
images/numbers/numbers_000224.png,35284,numbers,5
images/numbers/numbers_000225.png,0088528,numbers,7
images/numbers/numbers_000226.png,82750596,numbers,8
images/numbers/numbers_000227.png,777,numbers,3
images/numbers/numbers_000228.png,1548945,numbers,7
images/numbers/numbers_000229.png,026,numbers,3
images/numbers/numbers_000230.png,597853,numbers,6
images/numbers/numbers_000231.png,449922,numbers,6
images/numbers/numbers_000232.png,88993911,numbers,8
images/numbers/numbers_000233.png,506,numbers,3
images/numbers/numbers_000234.png,944462,numbers,6
images/numbers/numbers_000235.png,1821659,numbers,7
images/numbers/numbers_000236.png,3059,numbers,4
images/numbers/numbers_000237.png,5443,numbers,4
images/numbers/numbers_000238.png,30977,numbers,5
images/numbers/numbers_000239.png,2630720,numbers,7
images/numbers/numbers_000240.png,806,numbers,3
images/numbers/numbers_000241.png,0464,numbers,4
images/numbers/numbers_000242.png,4391,numbers,4
images/numbers/numbers_000243.png,46863382,numbers,8
images/numbers/numbers_000244.png,31418581,numbers,8
images/numbers/numbers_000245.png,329893,numbers,6
images/numbers/numbers_000246.png,9159550,numbers,7
images/numbers/numbers_000247.png,93283,numbers,5
images/numbers/numbers_000248.png,4913224,numbers,7
images/numbers/numbers_000249.png,976,numbers,3
images/numbers/numbers_000250.png,556847,numbers,6
images/numbers/numbers_000251.png,50882,numbers,5
images/numbers/numbers_000252.png,044,numbers,3
images/numbers/numbers_000253.png,2671,numbers,4
images/numbers/numbers_000254.png,200,numbers,3
images/numbers/numbers_000255.png,364886,numbers,6
images/numbers/numbers_000256.png,4771,numbers,4
images/numbers/numbers_000257.png,06827768,numbers,8
images/numbers/numbers_000258.png,9543,numbers,4
images/numbers/numbers_000259.png,952764,numbers,6
images/numbers/numbers_000260.png,198435,numbers,6
images/numbers/numbers_000261.png,8592,numbers,4
images/numbers/numbers_000262.png,60580,numbers,5
images/numbers/numbers_000263.png,83517,numbers,5
images/numbers/numbers_000264.png,037,numbers,3
images/numbers/numbers_000265.png,3851734,numbers,7
images/numbers/numbers_000266.png,22232,numbers,5
images/numbers/numbers_000267.png,83540770,numbers,8
images/numbers/numbers_000268.png,2074982,numbers,7
images/numbers/numbers_000269.png,766,numbers,3
images/numbers/numbers_000270.png,644,numbers,3
images/numbers/numbers_000271.png,368002,numbers,6
images/numbers/numbers_000272.png,39236332,numbers,8
images/numbers/numbers_000273.png,479237,numbers,6
images/numbers/numbers_000274.png,23251,numbers,5
images/numbers/numbers_000275.png,5168,numbers,4
images/numbers/numbers_000276.png,73207,numbers,5
images/numbers/numbers_000277.png,9806,numbers,4
images/numbers/numbers_000278.png,51032,numbers,5
images/numbers/numbers_000279.png,251040,numbers,6
images/numbers/numbers_000280.png,643,numbers,3
images/numbers/numbers_000281.png,7869951,numbers,7
images/numbers/numbers_000282.png,513,numbers,3
images/numbers/numbers_000283.png,22699,numbers,5
images/numbers/numbers_000284.png,33383207,numbers,8
images/numbers/numbers_000285.png,791,numbers,3
images/numbers/numbers_000286.png,9025868,numbers,7
images/numbers/numbers_000287.png,815696,numbers,6
images/numbers/numbers_000288.png,2030,numbers,4
images/numbers/numbers_000289.png,5473,numbers,4
images/numbers/numbers_000290.png,9504,numbers,4
images/numbers/numbers_000291.png,01325,numbers,5
images/numbers/numbers_000292.png,1563318,numbers,7
images/numbers/numbers_000293.png,2211598,numbers,7
images/numbers/numbers_000294.png,14958858,numbers,8
images/numbers/numbers_000295.png,680276,numbers,6
images/numbers/numbers_000296.png,6118240,numbers,7
images/numbers/numbers_000297.png,368,numbers,3
images/numbers/numbers_000298.png,327081,numbers,6
images/numbers/numbers_000299.png,31932841,numbers,8
images/numbers/numbers_000300.png,00869,numbers,5
images/numbers/numbers_000301.png,330434,numbers,6
images/numbers/numbers_000302.png,68425,numbers,5
images/numbers/numbers_000303.png,767573,numbers,6
images/numbers/numbers_000304.png,5416839,numbers,7
images/numbers/numbers_000305.png,5862,numbers,4
images/numbers/numbers_000306.png,86362564,numbers,8
images/numbers/numbers_000307.png,195,numbers,3
images/numbers/numbers_000308.png,136998,numbers,6
images/numbers/numbers_000309.png,41544326,numbers,8
images/numbers/numbers_000310.png,13134476,numbers,8
images/numbers/numbers_000311.png,99036317,numbers,8
images/numbers/numbers_000312.png,12862,numbers,5
images/numbers/numbers_000313.png,1255,numbers,4
images/numbers/numbers_000314.png,748930,numbers,6
images/numbers/numbers_000315.png,418683,numbers,6
images/numbers/numbers_000316.png,096668,numbers,6
images/numbers/numbers_000317.png,00704611,numbers,8
images/numbers/numbers_000318.png,4309,numbers,4
images/numbers/numbers_000319.png,79761,numbers,5
images/numbers/numbers_000320.png,331,numbers,3
images/numbers/numbers_000321.png,5233818,numbers,7
images/numbers/numbers_000322.png,0801,numbers,4
images/numbers/numbers_000323.png,81044777,numbers,8
images/numbers/numbers_000324.png,41786547,numbers,8
images/numbers/numbers_000325.png,74242,numbers,5
images/numbers/numbers_000326.png,73520,numbers,5
images/numbers/numbers_000327.png,414837,numbers,6
images/numbers/numbers_000328.png,6499287,numbers,7
images/numbers/numbers_000329.png,0497154,numbers,7
images/numbers/numbers_000330.png,02962,numbers,5
images/numbers/numbers_000331.png,8931,numbers,4
images/numbers/numbers_000332.png,63261966,numbers,8
images/numbers/numbers_000333.png,4990400,numbers,7
images/numbers/numbers_000334.png,22679642,numbers,8
images/numbers/numbers_000335.png,8792,numbers,4
images/numbers/numbers_000336.png,24625,numbers,5
images/numbers/numbers_000337.png,525399,numbers,6
images/numbers/numbers_000338.png,66712973,numbers,8
images/numbers/numbers_000339.png,55885802,numbers,8
images/numbers/numbers_000340.png,134997,numbers,6
images/numbers/numbers_000341.png,70226760,numbers,8
images/numbers/numbers_000342.png,5937,numbers,4
images/numbers/numbers_000343.png,11278,numbers,5
images/numbers/numbers_000344.png,14631930,numbers,8
images/numbers/numbers_000345.png,9671,numbers,4
images/numbers/numbers_000346.png,26772827,numbers,8
images/numbers/numbers_000347.png,71356170,numbers,8
images/numbers/numbers_000348.png,560266,numbers,6
images/numbers/numbers_000349.png,36830,numbers,5
images/numbers/numbers_000350.png,2225,numbers,4
images/numbers/numbers_000351.png,3275227,numbers,7
images/numbers/numbers_000352.png,411816,numbers,6
images/numbers/numbers_000353.png,73578365,numbers,8
images/numbers/numbers_000354.png,932363,numbers,6
images/numbers/numbers_000355.png,69717449,numbers,8
images/numbers/numbers_000356.png,1540,numbers,4
images/numbers/numbers_000357.png,2418,numbers,4
images/numbers/numbers_000358.png,014,numbers,3
images/numbers/numbers_000359.png,6759,numbers,4
images/numbers/numbers_000360.png,27605,numbers,5
images/numbers/numbers_000361.png,8915,numbers,4
images/numbers/numbers_000362.png,171,numbers,3
images/numbers/numbers_000363.png,800,numbers,3
images/numbers/numbers_000364.png,6675,numbers,4
images/numbers/numbers_000365.png,3338,numbers,4
images/numbers/numbers_000366.png,5231,numbers,4
images/numbers/numbers_000367.png,511,numbers,3
images/numbers/numbers_000368.png,3259917,numbers,7
images/numbers/numbers_000369.png,29128198,numbers,8
images/numbers/numbers_000370.png,2527739,numbers,7
images/numbers/numbers_000371.png,8749,numbers,4
images/numbers/numbers_000372.png,85553,numbers,5
images/numbers/numbers_000373.png,007,numbers,3
images/numbers/numbers_000374.png,38473,numbers,5
images/numbers/numbers_000375.png,38479915,numbers,8
images/numbers/numbers_000376.png,6863,numbers,4
images/numbers/numbers_000377.png,30303,numbers,5
images/numbers/numbers_000378.png,907,numbers,3
images/numbers/numbers_000379.png,796,numbers,3
images/numbers/numbers_000380.png,3370,numbers,4
images/numbers/numbers_000381.png,7001,numbers,4
images/numbers/numbers_000382.png,21270563,numbers,8
images/numbers/numbers_000383.png,407,numbers,3
images/numbers/numbers_000384.png,928,numbers,3
images/numbers/numbers_000385.png,7480,numbers,4
images/numbers/numbers_000386.png,06014,numbers,5
images/numbers/numbers_000387.png,6985565,numbers,7
images/numbers/numbers_000388.png,8249,numbers,4
images/numbers/numbers_000389.png,92140102,numbers,8
images/numbers/numbers_000390.png,39344,numbers,5
images/numbers/numbers_000391.png,134,numbers,3
images/numbers/numbers_000392.png,75707,numbers,5
images/numbers/numbers_000393.png,81929973,numbers,8
images/numbers/numbers_000394.png,004919,numbers,6
images/numbers/numbers_000395.png,991,numbers,3
images/numbers/numbers_000396.png,45905,numbers,5
images/numbers/numbers_000397.png,274,numbers,3
images/numbers/numbers_000398.png,3892,numbers,4
images/numbers/numbers_000399.png,256,numbers,3
images/numbers/numbers_000400.png,0961300,numbers,7
images/numbers/numbers_000401.png,40468,numbers,5
images/numbers/numbers_000402.png,707209,numbers,6
images/numbers/numbers_000403.png,94622,numbers,5
images/numbers/numbers_000404.png,85947224,numbers,8
images/numbers/numbers_000405.png,191804,numbers,6
images/numbers/numbers_000406.png,069,numbers,3
images/numbers/numbers_000407.png,46120706,numbers,8
images/numbers/numbers_000408.png,8681,numbers,4
images/numbers/numbers_000409.png,705327,numbers,6
images/numbers/numbers_000410.png,22503585,numbers,8
images/numbers/numbers_000411.png,19905,numbers,5
images/numbers/numbers_000412.png,050,numbers,3
images/numbers/numbers_000413.png,6187946,numbers,7
images/numbers/numbers_000414.png,30699,numbers,5
images/numbers/numbers_000415.png,1107,numbers,4
images/numbers/numbers_000416.png,2873813,numbers,7
images/numbers/numbers_000417.png,4726,numbers,4
images/numbers/numbers_000418.png,47607423,numbers,8
images/numbers/numbers_000419.png,5127,numbers,4
images/numbers/numbers_000420.png,4685116,numbers,7
images/numbers/numbers_000421.png,06653,numbers,5
images/numbers/numbers_000422.png,48814,numbers,5
images/numbers/numbers_000423.png,930020,numbers,6
images/numbers/numbers_000424.png,53562114,numbers,8
images/numbers/numbers_000425.png,9013482,numbers,7
images/numbers/numbers_000426.png,927998,numbers,6
images/numbers/numbers_000427.png,29017,numbers,5
images/numbers/numbers_000428.png,1421004,numbers,7
images/numbers/numbers_000429.png,590,numbers,3
images/numbers/numbers_000430.png,151,numbers,3
images/numbers/numbers_000431.png,55158,numbers,5
images/numbers/numbers_000432.png,3983387,numbers,7
images/numbers/numbers_000433.png,4944940,numbers,7
images/numbers/numbers_000434.png,493,numbers,3
images/numbers/numbers_000435.png,19425351,numbers,8
images/numbers/numbers_000436.png,31323060,numbers,8
images/numbers/numbers_000437.png,07506660,numbers,8
images/numbers/numbers_000438.png,1537031,numbers,7
images/numbers/numbers_000439.png,831,numbers,3
images/numbers/numbers_000440.png,544782,numbers,6
images/numbers/numbers_000441.png,50032,numbers,5
images/numbers/numbers_000442.png,10514776,numbers,8
images/numbers/numbers_000443.png,6127,numbers,4
images/numbers/numbers_000444.png,077,numbers,3
images/numbers/numbers_000445.png,6523943,numbers,7
images/numbers/numbers_000446.png,1280129,numbers,7
images/numbers/numbers_000447.png,96650,numbers,5
images/numbers/numbers_000448.png,863,numbers,3
images/numbers/numbers_000449.png,2056221,numbers,7
images/numbers/numbers_000450.png,564,numbers,3
images/numbers/numbers_000451.png,85101,numbers,5
images/numbers/numbers_000452.png,017,numbers,3
images/numbers/numbers_000453.png,0547,numbers,4
images/numbers/numbers_000454.png,19905747,numbers,8
images/numbers/numbers_000455.png,05247756,numbers,8
images/numbers/numbers_000456.png,469,numbers,3
images/numbers/numbers_000457.png,806230,numbers,6
images/numbers/numbers_000458.png,44049,numbers,5
images/numbers/numbers_000459.png,100740,numbers,6
images/numbers/numbers_000460.png,81976,numbers,5
images/numbers/numbers_000461.png,9306643,numbers,7
images/numbers/numbers_000462.png,118553,numbers,6
images/numbers/numbers_000463.png,31576004,numbers,8
images/numbers/numbers_000464.png,0489732,numbers,7
images/numbers/numbers_000465.png,77670798,numbers,8
images/numbers/numbers_000466.png,139,numbers,3
images/numbers/numbers_000467.png,96213709,numbers,8
images/numbers/numbers_000468.png,679734,numbers,6
images/numbers/numbers_000469.png,93372256,numbers,8
images/numbers/numbers_000470.png,761734,numbers,6
images/numbers/numbers_000471.png,41698623,numbers,8
images/numbers/numbers_000472.png,904,numbers,3
images/numbers/numbers_000473.png,167905,numbers,6
images/numbers/numbers_000474.png,373132,numbers,6
images/numbers/numbers_000475.png,6578,numbers,4
images/numbers/numbers_000476.png,2176411,numbers,7
images/numbers/numbers_000477.png,192561,numbers,6
images/numbers/numbers_000478.png,67095,numbers,5
images/numbers/numbers_000479.png,1466,numbers,4
images/numbers/numbers_000480.png,8614,numbers,4
images/numbers/numbers_000481.png,14427,numbers,5
images/numbers/numbers_000482.png,2487679,numbers,7
images/numbers/numbers_000483.png,63983832,numbers,8
images/numbers/numbers_000484.png,355,numbers,3
images/numbers/numbers_000485.png,18701685,numbers,8
images/numbers/numbers_000486.png,98589,numbers,5
images/numbers/numbers_000487.png,435781,numbers,6
images/numbers/numbers_000488.png,457205,numbers,6
images/numbers/numbers_000489.png,26524779,numbers,8
images/numbers/numbers_000490.png,616,numbers,3
images/numbers/numbers_000491.png,31794,numbers,5
images/numbers/numbers_000492.png,374,numbers,3
images/numbers/numbers_000493.png,00904018,numbers,8
images/numbers/numbers_000494.png,6173,numbers,4
images/numbers/numbers_000495.png,3741,numbers,4
images/numbers/numbers_000496.png,636745,numbers,6
images/numbers/numbers_000497.png,74831483,numbers,8
images/numbers/numbers_000498.png,73711,numbers,5
images/numbers/numbers_000499.png,99220887,numbers,8
images/numbers/numbers_000500.png,866288,numbers,6
images/numbers/numbers_000501.png,06670,numbers,5
images/numbers/numbers_000502.png,26829,numbers,5
images/numbers/numbers_000503.png,44900414,numbers,8
images/numbers/numbers_000504.png,917990,numbers,6
images/numbers/numbers_000505.png,40730022,numbers,8
images/numbers/numbers_000506.png,183796,numbers,6
images/numbers/numbers_000507.png,09459476,numbers,8
images/numbers/numbers_000508.png,02989,numbers,5
images/numbers/numbers_000509.png,90739148,numbers,8
images/numbers/numbers_000510.png,90269,numbers,5
images/numbers/numbers_000511.png,0877163,numbers,7
images/numbers/numbers_000512.png,309330,numbers,6
images/numbers/numbers_000513.png,13609,numbers,5
images/numbers/numbers_000514.png,478,numbers,3
images/numbers/numbers_000515.png,9226805,numbers,7
images/numbers/numbers_000516.png,18233,numbers,5
images/numbers/numbers_000517.png,47120995,numbers,8
images/numbers/numbers_000518.png,25856959,numbers,8
images/numbers/numbers_000519.png,283491,numbers,6
images/numbers/numbers_000520.png,74316,numbers,5
images/numbers/numbers_000521.png,681685,numbers,6
images/numbers/numbers_000522.png,310,numbers,3
images/numbers/numbers_000523.png,725847,numbers,6
images/numbers/numbers_000524.png,80260328,numbers,8
images/numbers/numbers_000525.png,781,numbers,3
images/numbers/numbers_000526.png,191892,numbers,6
images/numbers/numbers_000527.png,066910,numbers,6
images/numbers/numbers_000528.png,17763666,numbers,8
images/numbers/numbers_000529.png,45285,numbers,5
images/numbers/numbers_000530.png,22937,numbers,5
images/numbers/numbers_000531.png,3205,numbers,4
images/numbers/numbers_000532.png,1468,numbers,4
images/numbers/numbers_000533.png,32282098,numbers,8
images/numbers/numbers_000534.png,156807,numbers,6
images/numbers/numbers_000535.png,755,numbers,3
images/numbers/numbers_000536.png,1359,numbers,4
images/numbers/numbers_000537.png,0315939,numbers,7
images/numbers/numbers_000538.png,524,numbers,3
images/numbers/numbers_000539.png,3476,numbers,4
images/numbers/numbers_000540.png,68022,numbers,5
images/numbers/numbers_000541.png,57265,numbers,5
images/numbers/numbers_000542.png,496,numbers,3
images/numbers/numbers_000543.png,07180771,numbers,8
images/numbers/numbers_000544.png,04529134,numbers,8
images/numbers/numbers_000545.png,591004,numbers,6
images/numbers/numbers_000546.png,104377,numbers,6
images/numbers/numbers_000547.png,095,numbers,3
images/numbers/numbers_000548.png,1704,numbers,4
images/numbers/numbers_000549.png,5886973,numbers,7
images/numbers/numbers_000550.png,43851576,numbers,8
images/numbers/numbers_000551.png,138081,numbers,6
images/numbers/numbers_000552.png,11174898,numbers,8
images/numbers/numbers_000553.png,98073162,numbers,8
images/numbers/numbers_000554.png,90729302,numbers,8
images/numbers/numbers_000555.png,657109,numbers,6
images/numbers/numbers_000556.png,5224,numbers,4
images/numbers/numbers_000557.png,318612,numbers,6
images/numbers/numbers_000558.png,7594,numbers,4
images/numbers/numbers_000559.png,3319786,numbers,7
images/numbers/numbers_000560.png,86705301,numbers,8
images/numbers/numbers_000561.png,0196372,numbers,7
images/numbers/numbers_000562.png,9060,numbers,4
images/numbers/numbers_000563.png,643350,numbers,6
images/numbers/numbers_000564.png,6117596,numbers,7
images/numbers/numbers_000565.png,219,numbers,3
images/numbers/numbers_000566.png,52886,numbers,5
images/numbers/numbers_000567.png,1966,numbers,4
images/numbers/numbers_000568.png,27398168,numbers,8
images/numbers/numbers_000569.png,586874,numbers,6
images/numbers/numbers_000570.png,449,numbers,3
images/numbers/numbers_000571.png,9782257,numbers,7
images/numbers/numbers_000572.png,1737585,numbers,7
images/numbers/numbers_000573.png,1530825,numbers,7
images/numbers/numbers_000574.png,13644,numbers,5
images/numbers/numbers_000575.png,0444,numbers,4
images/numbers/numbers_000576.png,2011984,numbers,7
images/numbers/numbers_000577.png,8549692,numbers,7
images/numbers/numbers_000578.png,487,numbers,3
images/numbers/numbers_000579.png,39262,numbers,5
images/numbers/numbers_000580.png,31125891,numbers,8
images/numbers/numbers_000581.png,07378,numbers,5
images/numbers/numbers_000582.png,105,numbers,3
images/numbers/numbers_000583.png,60278,numbers,5
images/numbers/numbers_000584.png,6503812,numbers,7
images/numbers/numbers_000585.png,318,numbers,3
images/numbers/numbers_000586.png,517742,numbers,6
images/numbers/numbers_000587.png,480219,numbers,6
images/numbers/numbers_000588.png,4358,numbers,4
images/numbers/numbers_000589.png,3463,numbers,4
images/numbers/numbers_000590.png,196,numbers,3
images/numbers/numbers_000591.png,05737373,numbers,8
images/numbers/numbers_000592.png,3107236,numbers,7
images/numbers/numbers_000593.png,00060983,numbers,8
images/numbers/numbers_000594.png,4051330,numbers,7
images/numbers/numbers_000595.png,6271974,numbers,7
images/numbers/numbers_000596.png,4300382,numbers,7
images/numbers/numbers_000597.png,921134,numbers,6
images/numbers/numbers_000598.png,66940,numbers,5
images/numbers/numbers_000599.png,30754,numbers,5
images/numbers/numbers_000600.png,819422,numbers,6
images/numbers/numbers_000601.png,00700,numbers,5
images/numbers/numbers_000602.png,490,numbers,3
images/numbers/numbers_000603.png,108,numbers,3
images/numbers/numbers_000604.png,2882,numbers,4
images/numbers/numbers_000605.png,888698,numbers,6
images/numbers/numbers_000606.png,9101432,numbers,7
images/numbers/numbers_000607.png,79721248,numbers,8
images/numbers/numbers_000608.png,81548,numbers,5
images/numbers/numbers_000609.png,0771,numbers,4
images/numbers/numbers_000610.png,8763698,numbers,7
images/numbers/numbers_000611.png,08434,numbers,5
images/numbers/numbers_000612.png,61113894,numbers,8
images/numbers/numbers_000613.png,57352907,numbers,8
images/numbers/numbers_000614.png,0185877,numbers,7
images/numbers/numbers_000615.png,78173845,numbers,8
images/numbers/numbers_000616.png,54524,numbers,5
images/numbers/numbers_000617.png,504,numbers,3
images/numbers/numbers_000618.png,076429,numbers,6
images/numbers/numbers_000619.png,77441939,numbers,8
images/numbers/numbers_000620.png,60028,numbers,5
images/numbers/numbers_000621.png,58985,numbers,5
images/numbers/numbers_000622.png,81401,numbers,5
images/numbers/numbers_000623.png,381419,numbers,6
images/numbers/numbers_000624.png,09377383,numbers,8
images/numbers/numbers_000625.png,632,numbers,3
images/numbers/numbers_000626.png,3306503,numbers,7
images/numbers/numbers_000627.png,886,numbers,3
images/numbers/numbers_000628.png,780,numbers,3
images/numbers/numbers_000629.png,4877675,numbers,7
images/numbers/numbers_000630.png,669,numbers,3
images/numbers/numbers_000631.png,30500,numbers,5
images/numbers/numbers_000632.png,00558,numbers,5
images/numbers/numbers_000633.png,387,numbers,3
images/numbers/numbers_000634.png,474532,numbers,6
images/numbers/numbers_000635.png,601043,numbers,6
images/numbers/numbers_000636.png,65540234,numbers,8
images/numbers/numbers_000637.png,12802,numbers,5
images/numbers/numbers_000638.png,85189,numbers,5
images/numbers/numbers_000639.png,0703307,numbers,7
images/numbers/numbers_000640.png,98126,numbers,5
images/numbers/numbers_000641.png,63973,numbers,5
images/numbers/numbers_000642.png,5480,numbers,4
images/numbers/numbers_000643.png,03259,numbers,5
images/numbers/numbers_000644.png,09428,numbers,5
images/numbers/numbers_000645.png,40561668,numbers,8
images/numbers/numbers_000646.png,388,numbers,3
images/numbers/numbers_000647.png,985258,numbers,6
images/numbers/numbers_000648.png,577411,numbers,6
images/numbers/numbers_000649.png,03174092,numbers,8
images/numbers/numbers_000650.png,66300426,numbers,8
images/numbers/numbers_000651.png,430681,numbers,6
images/numbers/numbers_000652.png,89944292,numbers,8
images/numbers/numbers_000653.png,859893,numbers,6
images/numbers/numbers_000654.png,129,numbers,3
images/numbers/numbers_000655.png,3322,numbers,4
images/numbers/numbers_000656.png,7703,numbers,4
images/numbers/numbers_000657.png,07492954,numbers,8
images/numbers/numbers_000658.png,7640,numbers,4
images/numbers/numbers_000659.png,554,numbers,3
images/numbers/numbers_000660.png,8161,numbers,4
images/numbers/numbers_000661.png,6297,numbers,4
images/numbers/numbers_000662.png,040,numbers,3
images/numbers/numbers_000663.png,011160,numbers,6
images/numbers/numbers_000664.png,172175,numbers,6
images/numbers/numbers_000665.png,903,numbers,3
images/numbers/numbers_000666.png,342763,numbers,6
images/numbers/numbers_000667.png,211,numbers,3
images/numbers/numbers_000668.png,6760209,numbers,7
images/numbers/numbers_000669.png,0451,numbers,4
images/numbers/numbers_000670.png,1475651,numbers,7
images/numbers/numbers_000671.png,6895,numbers,4
images/numbers/numbers_000672.png,6162850,numbers,7
images/numbers/numbers_000673.png,635507,numbers,6
images/numbers/numbers_000674.png,6595239,numbers,7
images/numbers/numbers_000675.png,42058370,numbers,8
images/numbers/numbers_000676.png,9099,numbers,4
images/numbers/numbers_000677.png,2933113,numbers,7
images/numbers/numbers_000678.png,43178854,numbers,8
images/numbers/numbers_000679.png,39253,numbers,5
images/numbers/numbers_000680.png,80224,numbers,5
images/numbers/numbers_000681.png,6139,numbers,4
images/numbers/numbers_000682.png,87961,numbers,5
images/numbers/numbers_000683.png,12853,numbers,5
images/numbers/numbers_000684.png,283654,numbers,6
images/numbers/numbers_000685.png,739307,numbers,6
images/numbers/numbers_000686.png,8627375,numbers,7
images/numbers/numbers_000687.png,56004781,numbers,8
images/numbers/numbers_000688.png,0443459,numbers,7
images/numbers/numbers_000689.png,91009,numbers,5
images/numbers/numbers_000690.png,1396056,numbers,7
images/numbers/numbers_000691.png,3192412,numbers,7
images/numbers/numbers_000692.png,202,numbers,3
images/numbers/numbers_000693.png,5911043,numbers,7
images/numbers/numbers_000694.png,142,numbers,3
images/numbers/numbers_000695.png,13193764,numbers,8
images/numbers/numbers_000696.png,799,numbers,3
images/numbers/numbers_000697.png,6109,numbers,4
images/numbers/numbers_000698.png,9986,numbers,4
images/numbers/numbers_000699.png,175,numbers,3
images/numbers/numbers_000700.png,089,numbers,3
images/numbers/numbers_000701.png,141,numbers,3
images/numbers/numbers_000702.png,94504,numbers,5
images/numbers/numbers_000703.png,6707745,numbers,7
images/numbers/numbers_000704.png,0612271,numbers,7
images/numbers/numbers_000705.png,3776719,numbers,7
images/numbers/numbers_000706.png,4986121,numbers,7
images/numbers/numbers_000707.png,794,numbers,3
images/numbers/numbers_000708.png,2142,numbers,4
images/numbers/numbers_000709.png,98350671,numbers,8
images/numbers/numbers_000710.png,51323,numbers,5
images/numbers/numbers_000711.png,555318,numbers,6
images/numbers/numbers_000712.png,312015,numbers,6
images/numbers/numbers_000713.png,122211,numbers,6
images/numbers/numbers_000714.png,613120,numbers,6
images/numbers/numbers_000715.png,795,numbers,3
images/numbers/numbers_000716.png,85748,numbers,5
images/numbers/numbers_000717.png,846641,numbers,6
images/numbers/numbers_000718.png,042,numbers,3
images/numbers/numbers_000719.png,37660812,numbers,8
images/numbers/numbers_000720.png,28885339,numbers,8
images/numbers/numbers_000721.png,4866,numbers,4
images/numbers/numbers_000722.png,4914819,numbers,7
images/numbers/numbers_000723.png,47780351,numbers,8
images/numbers/numbers_000724.png,2117,numbers,4
images/numbers/numbers_000725.png,2038815,numbers,7
images/numbers/numbers_000726.png,48761,numbers,5
images/numbers/numbers_000727.png,064282,numbers,6
images/numbers/numbers_000728.png,7554,numbers,4
images/numbers/numbers_000729.png,454,numbers,3
images/numbers/numbers_000730.png,26084366,numbers,8
images/numbers/numbers_000731.png,92496259,numbers,8
images/numbers/numbers_000732.png,22807133,numbers,8
images/numbers/numbers_000733.png,7160,numbers,4
images/numbers/numbers_000734.png,22129,numbers,5
images/numbers/numbers_000735.png,5575,numbers,4
images/numbers/numbers_000736.png,27709,numbers,5
images/numbers/numbers_000737.png,77222659,numbers,8
images/numbers/numbers_000738.png,7449,numbers,4
images/numbers/numbers_000739.png,2409759,numbers,7
images/numbers/numbers_000740.png,21163449,numbers,8
images/numbers/numbers_000741.png,809351,numbers,6
images/numbers/numbers_000742.png,60873732,numbers,8
images/numbers/numbers_000743.png,042504,numbers,6
images/numbers/numbers_000744.png,924,numbers,3
images/numbers/numbers_000745.png,0391792,numbers,7
images/numbers/numbers_000746.png,687015,numbers,6
images/numbers/numbers_000747.png,0865634,numbers,7
images/numbers/numbers_000748.png,94642,numbers,5
images/numbers/numbers_000749.png,532387,numbers,6
images/numbers/numbers_000750.png,98541304,numbers,8
images/numbers/numbers_000751.png,5004003,numbers,7
images/numbers/numbers_000752.png,9623416,numbers,7
images/numbers/numbers_000753.png,68874236,numbers,8
images/numbers/numbers_000754.png,95939,numbers,5
images/numbers/numbers_000755.png,9960087,numbers,7
images/numbers/numbers_000756.png,5966,numbers,4
images/numbers/numbers_000757.png,91694,numbers,5
images/numbers/numbers_000758.png,8517049,numbers,7
images/numbers/numbers_000759.png,7983205,numbers,7
images/numbers/numbers_000760.png,94276,numbers,5
images/numbers/numbers_000761.png,2654000,numbers,7
images/numbers/numbers_000762.png,62609,numbers,5
images/numbers/numbers_000763.png,1241948,numbers,7
images/numbers/numbers_000764.png,32348,numbers,5
images/numbers/numbers_000765.png,30469,numbers,5
images/numbers/numbers_000766.png,6903,numbers,4
images/numbers/numbers_000767.png,750,numbers,3
images/numbers/numbers_000768.png,244354,numbers,6
images/numbers/numbers_000769.png,686763,numbers,6
images/numbers/numbers_000770.png,989,numbers,3
images/numbers/numbers_000771.png,82221222,numbers,8
images/numbers/numbers_000772.png,94644580,numbers,8
images/numbers/numbers_000773.png,3985064,numbers,7
images/numbers/numbers_000774.png,95815,numbers,5
images/numbers/numbers_000775.png,364,numbers,3
images/numbers/numbers_000776.png,09319547,numbers,8
images/numbers/numbers_000777.png,9072,numbers,4
images/numbers/numbers_000778.png,8645,numbers,4
images/numbers/numbers_000779.png,612465,numbers,6
images/numbers/numbers_000780.png,933838,numbers,6
images/numbers/numbers_000781.png,9283182,numbers,7
images/numbers/numbers_000782.png,74742768,numbers,8
images/numbers/numbers_000783.png,563,numbers,3
images/numbers/numbers_000784.png,6648,numbers,4
images/numbers/numbers_000785.png,508176,numbers,6
images/numbers/numbers_000786.png,6389,numbers,4
images/numbers/numbers_000787.png,8072205,numbers,7
images/numbers/numbers_000788.png,9246,numbers,4
images/numbers/numbers_000789.png,079359,numbers,6
images/numbers/numbers_000790.png,18440,numbers,5
images/numbers/numbers_000791.png,8064,numbers,4
images/numbers/numbers_000792.png,27190863,numbers,8
images/numbers/numbers_000793.png,633237,numbers,6
images/numbers/numbers_000794.png,7322819,numbers,7
images/numbers/numbers_000795.png,10304598,numbers,8
images/numbers/numbers_000796.png,131,numbers,3
images/numbers/numbers_000797.png,621452,numbers,6
images/numbers/numbers_000798.png,6377402,numbers,7
images/numbers/numbers_000799.png,2927,numbers,4
images/numbers/numbers_000800.png,652,numbers,3
images/numbers/numbers_000801.png,807,numbers,3
images/numbers/numbers_000802.png,3759,numbers,4
images/numbers/numbers_000803.png,474494,numbers,6
images/numbers/numbers_000804.png,2012996,numbers,7
images/numbers/numbers_000805.png,03664,numbers,5
images/numbers/numbers_000806.png,701,numbers,3
images/numbers/numbers_000807.png,482895,numbers,6
images/numbers/numbers_000808.png,43511091,numbers,8
images/numbers/numbers_000809.png,6134627,numbers,7
images/numbers/numbers_000810.png,37365,numbers,5
images/numbers/numbers_000811.png,3978387,numbers,7
images/numbers/numbers_000812.png,47278,numbers,5
images/numbers/numbers_000813.png,4031,numbers,4
images/numbers/numbers_000814.png,022048,numbers,6
images/numbers/numbers_000815.png,6399,numbers,4
images/numbers/numbers_000816.png,466161,numbers,6
images/numbers/numbers_000817.png,944433,numbers,6
images/numbers/numbers_000818.png,20159,numbers,5
images/numbers/numbers_000819.png,445796,numbers,6
images/numbers/numbers_000820.png,95212,numbers,5
images/numbers/numbers_000821.png,73229416,numbers,8
images/numbers/numbers_000822.png,00130062,numbers,8
images/numbers/numbers_000823.png,8815102,numbers,7
images/numbers/numbers_000824.png,1346784,numbers,7
images/numbers/numbers_000825.png,15628933,numbers,8
images/numbers/numbers_000826.png,67100,numbers,5
images/numbers/numbers_000827.png,354,numbers,3
images/numbers/numbers_000828.png,2369739,numbers,7
images/numbers/numbers_000829.png,2924,numbers,4
images/numbers/numbers_000830.png,34554,numbers,5
images/numbers/numbers_000831.png,4146275,numbers,7
images/numbers/numbers_000832.png,569214,numbers,6
images/numbers/numbers_000833.png,550,numbers,3
images/numbers/numbers_000834.png,390589,numbers,6
images/numbers/numbers_000835.png,9476908,numbers,7
images/numbers/numbers_000836.png,399434,numbers,6
images/numbers/numbers_000837.png,125655,numbers,6
images/numbers/numbers_000838.png,0393,numbers,4
images/numbers/numbers_000839.png,2996,numbers,4
images/numbers/numbers_000840.png,3634,numbers,4
images/numbers/numbers_000841.png,86564989,numbers,8
images/numbers/numbers_000842.png,112387,numbers,6
images/numbers/numbers_000843.png,95246,numbers,5
images/numbers/numbers_000844.png,409,numbers,3
images/numbers/numbers_000845.png,815,numbers,3
images/numbers/numbers_000846.png,0828,numbers,4
images/numbers/numbers_000847.png,88614442,numbers,8
images/numbers/numbers_000848.png,9423,numbers,4
images/numbers/numbers_000849.png,161139,numbers,6
images/numbers/numbers_000850.png,01271613,numbers,8
images/numbers/numbers_000851.png,5042,numbers,4
images/numbers/numbers_000852.png,412,numbers,3
images/numbers/numbers_000853.png,615186,numbers,6
images/numbers/numbers_000854.png,21089039,numbers,8
images/numbers/numbers_000855.png,42595,numbers,5
images/numbers/numbers_000856.png,214,numbers,3
images/numbers/numbers_000857.png,898,numbers,3
images/numbers/numbers_000858.png,28221379,numbers,8
images/numbers/numbers_000859.png,6720,numbers,4
images/numbers/numbers_000860.png,4591236,numbers,7
images/numbers/numbers_000861.png,9089,numbers,4
images/numbers/numbers_000862.png,3250,numbers,4
images/numbers/numbers_000863.png,4908044,numbers,7
images/numbers/numbers_000864.png,741,numbers,3
images/numbers/numbers_000865.png,8426,numbers,4
images/numbers/numbers_000866.png,77861609,numbers,8
images/numbers/numbers_000867.png,15711,numbers,5
images/numbers/numbers_000868.png,7143,numbers,4
images/numbers/numbers_000869.png,2232424,numbers,7
images/numbers/numbers_000870.png,473145,numbers,6
images/numbers/numbers_000871.png,6043,numbers,4
images/numbers/numbers_000872.png,48459789,numbers,8
images/numbers/numbers_000873.png,51390826,numbers,8
images/numbers/numbers_000874.png,48443701,numbers,8
images/numbers/numbers_000875.png,98536963,numbers,8
images/numbers/numbers_000876.png,22706412,numbers,8
images/numbers/numbers_000877.png,2077,numbers,4
images/numbers/numbers_000878.png,223219,numbers,6
images/numbers/numbers_000879.png,4961,numbers,4
images/numbers/numbers_000880.png,62913,numbers,5
images/numbers/numbers_000881.png,82653,numbers,5
images/numbers/numbers_000882.png,500656,numbers,6
images/numbers/numbers_000883.png,181923,numbers,6
images/numbers/numbers_000884.png,53225,numbers,5
images/numbers/numbers_000885.png,9225391,numbers,7
images/numbers/numbers_000886.png,1798967,numbers,7
images/numbers/numbers_000887.png,2985172,numbers,7
images/numbers/numbers_000888.png,27324068,numbers,8
images/numbers/numbers_000889.png,887078,numbers,6
images/numbers/numbers_000890.png,3791881,numbers,7
images/numbers/numbers_000891.png,8821565,numbers,7
images/numbers/numbers_000892.png,4480913,numbers,7
images/numbers/numbers_000893.png,36930314,numbers,8
images/numbers/numbers_000894.png,7673568,numbers,7
images/numbers/numbers_000895.png,1752014,numbers,7
images/numbers/numbers_000896.png,6729,numbers,4
images/numbers/numbers_000897.png,23048,numbers,5
images/numbers/numbers_000898.png,706,numbers,3
images/numbers/numbers_000899.png,908,numbers,3
images/numbers/numbers_000900.png,6062,numbers,4
images/numbers/numbers_000901.png,7621,numbers,4
images/numbers/numbers_000902.png,426,numbers,3
images/numbers/numbers_000903.png,889016,numbers,6
images/numbers/numbers_000904.png,267939,numbers,6
images/numbers/numbers_000905.png,42413335,numbers,8
images/numbers/numbers_000906.png,335440,numbers,6
images/numbers/numbers_000907.png,1026,numbers,4
images/numbers/numbers_000908.png,154,numbers,3
images/numbers/numbers_000909.png,53735,numbers,5
images/numbers/numbers_000910.png,125907,numbers,6
images/numbers/numbers_000911.png,290,numbers,3
images/numbers/numbers_000912.png,922856,numbers,6
images/numbers/numbers_000913.png,745,numbers,3
images/numbers/numbers_000914.png,8440995,numbers,7
images/numbers/numbers_000915.png,08886375,numbers,8
images/numbers/numbers_000916.png,16803346,numbers,8
images/numbers/numbers_000917.png,32997,numbers,5
images/numbers/numbers_000918.png,3473031,numbers,7
images/numbers/numbers_000919.png,107,numbers,3
images/numbers/numbers_000920.png,118,numbers,3
images/numbers/numbers_000921.png,10663341,numbers,8
images/numbers/numbers_000922.png,41306,numbers,5
images/numbers/numbers_000923.png,83430,numbers,5
images/numbers/numbers_000924.png,4483491,numbers,7
images/numbers/numbers_000925.png,328,numbers,3
images/numbers/numbers_000926.png,9465753,numbers,7
images/numbers/numbers_000927.png,22252278,numbers,8
images/numbers/numbers_000928.png,97087,numbers,5
images/numbers/numbers_000929.png,8569385,numbers,7
images/numbers/numbers_000930.png,7581,numbers,4
images/numbers/numbers_000931.png,012,numbers,3
images/numbers/numbers_000932.png,648393,numbers,6
images/numbers/numbers_000933.png,63509551,numbers,8
images/numbers/numbers_000934.png,09561,numbers,5
images/numbers/numbers_000935.png,3272,numbers,4
images/numbers/numbers_000936.png,16649761,numbers,8
images/numbers/numbers_000937.png,209,numbers,3
images/numbers/numbers_000938.png,086858,numbers,6
images/numbers/numbers_000939.png,4366505,numbers,7
images/numbers/numbers_000940.png,1798,numbers,4
images/numbers/numbers_000941.png,9525633,numbers,7
images/numbers/numbers_000942.png,937,numbers,3
images/numbers/numbers_000943.png,9516,numbers,4
images/numbers/numbers_000944.png,3923536,numbers,7
images/numbers/numbers_000945.png,81386041,numbers,8
images/numbers/numbers_000946.png,9436878,numbers,7
images/numbers/numbers_000947.png,7108314,numbers,7
images/numbers/numbers_000948.png,659,numbers,3
images/numbers/numbers_000949.png,757905,numbers,6
images/numbers/numbers_000950.png,993,numbers,3
images/numbers/numbers_000951.png,82883,numbers,5
images/numbers/numbers_000952.png,2320383,numbers,7
images/numbers/numbers_000953.png,8507658,numbers,7
images/numbers/numbers_000954.png,75652,numbers,5
images/numbers/numbers_000955.png,9435412,numbers,7
images/numbers/numbers_000956.png,71311671,numbers,8
images/numbers/numbers_000957.png,97602063,numbers,8
images/numbers/numbers_000958.png,79808,numbers,5
images/numbers/numbers_000959.png,1200934,numbers,7
images/numbers/numbers_000960.png,10894302,numbers,8
images/numbers/numbers_000961.png,15100168,numbers,8
images/numbers/numbers_000962.png,174324,numbers,6
images/numbers/numbers_000963.png,90928,numbers,5
images/numbers/numbers_000964.png,305,numbers,3
images/numbers/numbers_000965.png,845,numbers,3
images/numbers/numbers_000966.png,3605,numbers,4
images/numbers/numbers_000967.png,33621,numbers,5
images/numbers/numbers_000968.png,300,numbers,3
images/numbers/numbers_000969.png,892,numbers,3
images/numbers/numbers_000970.png,45396472,numbers,8
images/numbers/numbers_000971.png,2210,numbers,4
images/numbers/numbers_000972.png,0046714,numbers,7
images/numbers/numbers_000973.png,4407,numbers,4
images/numbers/numbers_000974.png,258388,numbers,6
images/numbers/numbers_000975.png,86933860,numbers,8
images/numbers/numbers_000976.png,160,numbers,3
images/numbers/numbers_000977.png,8091153,numbers,7
images/numbers/numbers_000978.png,606313,numbers,6
images/numbers/numbers_000979.png,1110,numbers,4
images/numbers/numbers_000980.png,9434,numbers,4
images/numbers/numbers_000981.png,370,numbers,3
images/numbers/numbers_000982.png,174623,numbers,6
images/numbers/numbers_000983.png,00708145,numbers,8
images/numbers/numbers_000984.png,34106,numbers,5
images/numbers/numbers_000985.png,84622,numbers,5
images/numbers/numbers_000986.png,1547,numbers,4
images/numbers/numbers_000987.png,332726,numbers,6
images/numbers/numbers_000988.png,42982200,numbers,8
images/numbers/numbers_000989.png,33330895,numbers,8
images/numbers/numbers_000990.png,29285600,numbers,8
images/numbers/numbers_000991.png,5640385,numbers,7
images/numbers/numbers_000992.png,861100,numbers,6
images/numbers/numbers_000993.png,55515,numbers,5
images/numbers/numbers_000994.png,72183,numbers,5
images/numbers/numbers_000995.png,24481,numbers,5
images/numbers/numbers_000996.png,141035,numbers,6
images/numbers/numbers_000997.png,68850,numbers,5
images/numbers/numbers_000998.png,141680,numbers,6
images/numbers/numbers_000999.png,3465007,numbers,7
images/numbers/numbers_001000.png,64722880,numbers,8
images/numbers/numbers_001001.png,07554,numbers,5
images/numbers/numbers_001002.png,7981,numbers,4
images/numbers/numbers_001003.png,2029823,numbers,7
images/numbers/numbers_001004.png,4062,numbers,4
images/numbers/numbers_001005.png,338146,numbers,6
images/numbers/numbers_001006.png,011,numbers,3
images/numbers/numbers_001007.png,6640,numbers,4
images/numbers/numbers_001008.png,004,numbers,3
images/numbers/numbers_001009.png,214725,numbers,6
images/numbers/numbers_001010.png,62797,numbers,5
images/numbers/numbers_001011.png,903311,numbers,6
images/numbers/numbers_001012.png,7979,numbers,4
images/numbers/numbers_001013.png,314012,numbers,6
images/numbers/numbers_001014.png,32140451,numbers,8
images/numbers/numbers_001015.png,0954,numbers,4
images/numbers/numbers_001016.png,9581,numbers,4
images/numbers/numbers_001017.png,25476075,numbers,8
images/numbers/numbers_001018.png,622,numbers,3
images/numbers/numbers_001019.png,48313973,numbers,8
images/numbers/numbers_001020.png,63677347,numbers,8
images/numbers/numbers_001021.png,70494,numbers,5
images/numbers/numbers_001022.png,70413195,numbers,8
images/numbers/numbers_001023.png,730397,numbers,6
images/numbers/numbers_001024.png,6666,numbers,4
images/numbers/numbers_001025.png,755040,numbers,6
images/numbers/numbers_001026.png,44410,numbers,5
images/numbers/numbers_001027.png,0865280,numbers,7
images/numbers/numbers_001028.png,83858,numbers,5
images/numbers/numbers_001029.png,00416799,numbers,8
images/numbers/numbers_001030.png,394,numbers,3
images/numbers/numbers_001031.png,0104,numbers,4
images/numbers/numbers_001032.png,89967,numbers,5
images/numbers/numbers_001033.png,4912154,numbers,7
images/numbers/numbers_001034.png,8631,numbers,4
images/numbers/numbers_001035.png,726126,numbers,6
images/numbers/numbers_001036.png,5587378,numbers,7
images/numbers/numbers_001037.png,397,numbers,3
images/numbers/numbers_001038.png,51305965,numbers,8
images/numbers/numbers_001039.png,11290,numbers,5
images/numbers/numbers_001040.png,753,numbers,3
images/numbers/numbers_001041.png,8555128,numbers,7
images/numbers/numbers_001042.png,3816752,numbers,7
images/numbers/numbers_001043.png,3807,numbers,4
images/numbers/numbers_001044.png,947725,numbers,6
images/numbers/numbers_001045.png,808238,numbers,6
images/numbers/numbers_001046.png,0147606,numbers,7
images/numbers/numbers_001047.png,29246,numbers,5
images/numbers/numbers_001048.png,0820537,numbers,7
images/numbers/numbers_001049.png,2683,numbers,4
images/numbers/numbers_001050.png,87373,numbers,5
images/numbers/numbers_001051.png,120,numbers,3
images/numbers/numbers_001052.png,964,numbers,3
images/numbers/numbers_001053.png,27083076,numbers,8
images/numbers/numbers_001054.png,9888,numbers,4
images/numbers/numbers_001055.png,54747,numbers,5
images/numbers/numbers_001056.png,4424105,numbers,7
images/numbers/numbers_001057.png,76342660,numbers,8
images/numbers/numbers_001058.png,4049171,numbers,7
images/numbers/numbers_001059.png,552,numbers,3
images/numbers/numbers_001060.png,68091602,numbers,8
images/numbers/numbers_001061.png,876,numbers,3
images/numbers/numbers_001062.png,5524460,numbers,7
images/numbers/numbers_001063.png,698,numbers,3
images/numbers/numbers_001064.png,9608869,numbers,7
images/numbers/numbers_001065.png,835821,numbers,6
images/numbers/numbers_001066.png,1376,numbers,4
images/numbers/numbers_001067.png,0146,numbers,4
images/numbers/numbers_001068.png,35651231,numbers,8
images/numbers/numbers_001069.png,47732689,numbers,8
images/numbers/numbers_001070.png,18534,numbers,5
images/numbers/numbers_001071.png,7248,numbers,4
images/numbers/numbers_001072.png,7294,numbers,4
images/numbers/numbers_001073.png,297,numbers,3
images/numbers/numbers_001074.png,93108082,numbers,8
images/numbers/numbers_001075.png,9175547,numbers,7
images/numbers/numbers_001076.png,271877,numbers,6
images/numbers/numbers_001077.png,8305410,numbers,7
images/numbers/numbers_001078.png,778972,numbers,6
images/numbers/numbers_001079.png,4497110,numbers,7
images/numbers/numbers_001080.png,655,numbers,3
images/numbers/numbers_001081.png,84086489,numbers,8
images/numbers/numbers_001082.png,51541,numbers,5
images/numbers/numbers_001083.png,08563000,numbers,8
images/numbers/numbers_001084.png,4544464,numbers,7
images/numbers/numbers_001085.png,788,numbers,3
images/numbers/numbers_001086.png,3324315,numbers,7
images/numbers/numbers_001087.png,681350,numbers,6
images/numbers/numbers_001088.png,041,numbers,3
images/numbers/numbers_001089.png,5174982,numbers,7
images/numbers/numbers_001090.png,3946,numbers,4
images/numbers/numbers_001091.png,1857,numbers,4
images/numbers/numbers_001092.png,6122,numbers,4
images/numbers/numbers_001093.png,04606,numbers,5
images/numbers/numbers_001094.png,81601,numbers,5
images/numbers/numbers_001095.png,349388,numbers,6
images/numbers/numbers_001096.png,083,numbers,3
images/numbers/numbers_001097.png,055187,numbers,6
images/numbers/numbers_001098.png,03427,numbers,5
images/numbers/numbers_001099.png,27130,numbers,5
images/numbers/numbers_001100.png,587170,numbers,6
images/numbers/numbers_001101.png,58262,numbers,5
images/numbers/numbers_001102.png,9490,numbers,4
images/numbers/numbers_001103.png,887557,numbers,6
images/numbers/numbers_001104.png,23698,numbers,5
images/numbers/numbers_001105.png,9891226,numbers,7
images/numbers/numbers_001106.png,775337,numbers,6
images/numbers/numbers_001107.png,29343677,numbers,8
images/numbers/numbers_001108.png,5681,numbers,4
images/numbers/numbers_001109.png,59112,numbers,5
images/numbers/numbers_001110.png,5332,numbers,4
images/numbers/numbers_001111.png,14649612,numbers,8
images/numbers/numbers_001112.png,1812420,numbers,7
images/numbers/numbers_001113.png,159,numbers,3
images/numbers/numbers_001114.png,986443,numbers,6
images/numbers/numbers_001115.png,0565,numbers,4
images/numbers/numbers_001116.png,82920,numbers,5
images/numbers/numbers_001117.png,602670,numbers,6
images/numbers/numbers_001118.png,07440315,numbers,8
images/numbers/numbers_001119.png,1945878,numbers,7
images/numbers/numbers_001120.png,84923969,numbers,8
images/numbers/numbers_001121.png,84113,numbers,5
images/numbers/numbers_001122.png,73871,numbers,5
images/numbers/numbers_001123.png,70360512,numbers,8
images/numbers/numbers_001124.png,0051,numbers,4
images/numbers/numbers_001125.png,885,numbers,3
images/numbers/numbers_001126.png,0786538,numbers,7
images/numbers/numbers_001127.png,7833,numbers,4
images/numbers/numbers_001128.png,1928,numbers,4
images/numbers/numbers_001129.png,070,numbers,3
images/numbers/numbers_001130.png,6517,numbers,4
images/numbers/numbers_001131.png,69457943,numbers,8
images/numbers/numbers_001132.png,77591,numbers,5
images/numbers/numbers_001133.png,9557,numbers,4
images/numbers/numbers_001134.png,1807,numbers,4
images/numbers/numbers_001135.png,2298,numbers,4
images/numbers/numbers_001136.png,295464,numbers,6
images/numbers/numbers_001137.png,133,numbers,3
images/numbers/numbers_001138.png,147156,numbers,6
images/numbers/numbers_001139.png,45427268,numbers,8
images/numbers/numbers_001140.png,7070475,numbers,7
images/numbers/numbers_001141.png,29596228,numbers,8
images/numbers/numbers_001142.png,6093,numbers,4
images/numbers/numbers_001143.png,871,numbers,3
images/numbers/numbers_001144.png,5968,numbers,4
images/numbers/numbers_001145.png,5413582,numbers,7
images/numbers/numbers_001146.png,4950,numbers,4
images/numbers/numbers_001147.png,5382234,numbers,7
images/numbers/numbers_001148.png,854185,numbers,6
images/numbers/numbers_001149.png,48703884,numbers,8
images/numbers/numbers_001150.png,0850194,numbers,7
images/numbers/numbers_001151.png,5276,numbers,4
images/numbers/numbers_001152.png,3419,numbers,4
images/numbers/numbers_001153.png,89327,numbers,5
images/numbers/numbers_001154.png,120966,numbers,6
images/numbers/numbers_001155.png,557800,numbers,6
images/numbers/numbers_001156.png,48753388,numbers,8
images/numbers/numbers_001157.png,969751,numbers,6
images/numbers/numbers_001158.png,78108,numbers,5
images/numbers/numbers_001159.png,328494,numbers,6
images/numbers/numbers_001160.png,733256,numbers,6
images/numbers/numbers_001161.png,25468,numbers,5
images/numbers/numbers_001162.png,05878,numbers,5
images/numbers/numbers_001163.png,89831,numbers,5
images/numbers/numbers_001164.png,5078033,numbers,7
images/numbers/numbers_001165.png,27128533,numbers,8
images/numbers/numbers_001166.png,45925,numbers,5
images/numbers/numbers_001167.png,55036,numbers,5
images/numbers/numbers_001168.png,4881889,numbers,7
images/numbers/numbers_001169.png,36444,numbers,5
images/numbers/numbers_001170.png,5057,numbers,4
images/numbers/numbers_001171.png,380,numbers,3
images/numbers/numbers_001172.png,8505,numbers,4
images/numbers/numbers_001173.png,90530728,numbers,8
images/numbers/numbers_001174.png,93629171,numbers,8
images/numbers/numbers_001175.png,8688,numbers,4
images/numbers/numbers_001176.png,62522,numbers,5
images/numbers/numbers_001177.png,48984339,numbers,8
images/numbers/numbers_001178.png,1058164,numbers,7
images/numbers/numbers_001179.png,5567620,numbers,7
images/numbers/numbers_001180.png,275,numbers,3
images/numbers/numbers_001181.png,58900,numbers,5
images/numbers/numbers_001182.png,351865,numbers,6
images/numbers/numbers_001183.png,05392,numbers,5
images/numbers/numbers_001184.png,8239,numbers,4
images/numbers/numbers_001185.png,42884412,numbers,8
images/numbers/numbers_001186.png,32472,numbers,5
images/numbers/numbers_001187.png,6323,numbers,4
images/numbers/numbers_001188.png,2478387,numbers,7
images/numbers/numbers_001189.png,414622,numbers,6
images/numbers/numbers_001190.png,9418,numbers,4
images/numbers/numbers_001191.png,105006,numbers,6
images/numbers/numbers_001192.png,06355,numbers,5
images/numbers/numbers_001193.png,76104,numbers,5
images/numbers/numbers_001194.png,610567,numbers,6
images/numbers/numbers_001195.png,5580,numbers,4
images/numbers/numbers_001196.png,67577,numbers,5
images/numbers/numbers_001197.png,6921909,numbers,7
images/numbers/numbers_001198.png,35815508,numbers,8
images/numbers/numbers_001199.png,712824,numbers,6
images/numbers/numbers_001200.png,0052019,numbers,7
images/numbers/numbers_001201.png,55540,numbers,5
images/numbers/numbers_001202.png,401908,numbers,6
images/numbers/numbers_001203.png,1813,numbers,4
images/numbers/numbers_001204.png,8416868,numbers,7
images/numbers/numbers_001205.png,94235,numbers,5
images/numbers/numbers_001206.png,5219,numbers,4
images/numbers/numbers_001207.png,089840,numbers,6
images/numbers/numbers_001208.png,5533,numbers,4
images/numbers/numbers_001209.png,4149,numbers,4
images/numbers/numbers_001210.png,81819,numbers,5
images/numbers/numbers_001211.png,193245,numbers,6
images/numbers/numbers_001212.png,24707,numbers,5
images/numbers/numbers_001213.png,05492809,numbers,8
images/numbers/numbers_001214.png,7388,numbers,4
images/numbers/numbers_001215.png,8208686,numbers,7
images/numbers/numbers_001216.png,7226374,numbers,7
images/numbers/numbers_001217.png,90581,numbers,5
images/numbers/numbers_001218.png,7422323,numbers,7
images/numbers/numbers_001219.png,555,numbers,3
images/numbers/numbers_001220.png,7583941,numbers,7
images/numbers/numbers_001221.png,4483405,numbers,7
images/numbers/numbers_001222.png,479,numbers,3
images/numbers/numbers_001223.png,818779,numbers,6
images/numbers/numbers_001224.png,582170,numbers,6
images/numbers/numbers_001225.png,02187275,numbers,8
images/numbers/numbers_001226.png,5353,numbers,4
images/numbers/numbers_001227.png,3168874,numbers,7
images/numbers/numbers_001228.png,6129454,numbers,7
images/numbers/numbers_001229.png,951857,numbers,6
images/numbers/numbers_001230.png,6613,numbers,4
images/numbers/numbers_001231.png,62408910,numbers,8
images/numbers/numbers_001232.png,5757828,numbers,7
images/numbers/numbers_001233.png,921659,numbers,6
images/numbers/numbers_001234.png,0436708,numbers,7
images/numbers/numbers_001235.png,7870795,numbers,7
images/numbers/numbers_001236.png,50619,numbers,5
images/numbers/numbers_001237.png,386260,numbers,6
images/numbers/numbers_001238.png,92262274,numbers,8
images/numbers/numbers_001239.png,15563015,numbers,8
images/numbers/numbers_001240.png,2187,numbers,4
images/numbers/numbers_001241.png,62864,numbers,5
images/numbers/numbers_001242.png,6354467,numbers,7
images/numbers/numbers_001243.png,2709045,numbers,7
images/numbers/numbers_001244.png,297948,numbers,6
images/numbers/numbers_001245.png,8323,numbers,4
images/numbers/numbers_001246.png,55279,numbers,5
images/numbers/numbers_001247.png,0909,numbers,4
images/numbers/numbers_001248.png,8540273,numbers,7
images/numbers/numbers_001249.png,2321642,numbers,7
images/numbers/numbers_001250.png,999085,numbers,6
images/numbers/numbers_001251.png,2387952,numbers,7
images/numbers/numbers_001252.png,6553,numbers,4
images/numbers/numbers_001253.png,146848,numbers,6
images/numbers/numbers_001254.png,0572,numbers,4
images/numbers/numbers_001255.png,096849,numbers,6
images/numbers/numbers_001256.png,2763,numbers,4
images/numbers/numbers_001257.png,37735986,numbers,8
images/numbers/numbers_001258.png,698057,numbers,6
images/numbers/numbers_001259.png,27051,numbers,5
images/numbers/numbers_001260.png,766671,numbers,6
images/numbers/numbers_001261.png,7981866,numbers,7
images/numbers/numbers_001262.png,3076762,numbers,7
images/numbers/numbers_001263.png,0708577,numbers,7
images/numbers/numbers_001264.png,75855608,numbers,8
images/numbers/numbers_001265.png,31193611,numbers,8
images/numbers/numbers_001266.png,228,numbers,3
images/numbers/numbers_001267.png,596386,numbers,6
images/numbers/numbers_001268.png,95325,numbers,5
images/numbers/numbers_001269.png,0770358,numbers,7
images/numbers/numbers_001270.png,02045,numbers,5
images/numbers/numbers_001271.png,71682441,numbers,8
images/numbers/numbers_001272.png,128,numbers,3
images/numbers/numbers_001273.png,54230,numbers,5
images/numbers/numbers_001274.png,48687235,numbers,8
images/numbers/numbers_001275.png,8909,numbers,4
images/numbers/numbers_001276.png,4506,numbers,4
images/numbers/numbers_001277.png,113,numbers,3
images/numbers/numbers_001278.png,67939,numbers,5
images/numbers/numbers_001279.png,78736,numbers,5
images/numbers/numbers_001280.png,3148583,numbers,7
images/numbers/numbers_001281.png,13070,numbers,5
images/numbers/numbers_001282.png,646902,numbers,6
images/numbers/numbers_001283.png,7035171,numbers,7
images/numbers/numbers_001284.png,08241,numbers,5
images/numbers/numbers_001285.png,44578,numbers,5
images/numbers/numbers_001286.png,08325,numbers,5
images/numbers/numbers_001287.png,816,numbers,3
images/numbers/numbers_001288.png,3364,numbers,4
images/numbers/numbers_001289.png,7323259,numbers,7
images/numbers/numbers_001290.png,4651158,numbers,7
images/numbers/numbers_001291.png,1500,numbers,4
images/numbers/numbers_001292.png,082,numbers,3
images/numbers/numbers_001293.png,2969094,numbers,7
images/numbers/numbers_001294.png,8875450,numbers,7
images/numbers/numbers_001295.png,793,numbers,3
images/numbers/numbers_001296.png,359,numbers,3
images/numbers/numbers_001297.png,743,numbers,3
images/numbers/numbers_001298.png,740,numbers,3
images/numbers/numbers_001299.png,0163805,numbers,7
images/numbers/numbers_001300.png,73239,numbers,5
images/numbers/numbers_001301.png,384,numbers,3
images/numbers/numbers_001302.png,5995,numbers,4
images/numbers/numbers_001303.png,7583,numbers,4
images/numbers/numbers_001304.png,35731,numbers,5
images/numbers/numbers_001305.png,06190,numbers,5
images/numbers/numbers_001306.png,065,numbers,3
images/numbers/numbers_001307.png,237098,numbers,6
images/numbers/numbers_001308.png,34199195,numbers,8
images/numbers/numbers_001309.png,051976,numbers,6
images/numbers/numbers_001310.png,76106,numbers,5
images/numbers/numbers_001311.png,41365,numbers,5
images/numbers/numbers_001312.png,25702,numbers,5
images/numbers/numbers_001313.png,8450,numbers,4
images/numbers/numbers_001314.png,44308,numbers,5
images/numbers/numbers_001315.png,85552,numbers,5
images/numbers/numbers_001316.png,187174,numbers,6
images/numbers/numbers_001317.png,7864535,numbers,7
images/numbers/numbers_001318.png,278,numbers,3
images/numbers/numbers_001319.png,9361,numbers,4
images/numbers/numbers_001320.png,7320070,numbers,7
images/numbers/numbers_001321.png,79295,numbers,5
images/numbers/numbers_001322.png,44170,numbers,5
images/numbers/numbers_001323.png,652599,numbers,6
images/numbers/numbers_001324.png,832,numbers,3
images/numbers/numbers_001325.png,631,numbers,3
images/numbers/numbers_001326.png,2637721,numbers,7
images/numbers/numbers_001327.png,78159208,numbers,8
images/numbers/numbers_001328.png,2171,numbers,4
images/numbers/numbers_001329.png,0715,numbers,4
images/numbers/numbers_001330.png,8551227,numbers,7
images/numbers/numbers_001331.png,28931,numbers,5
images/numbers/numbers_001332.png,6226,numbers,4
images/numbers/numbers_001333.png,468641,numbers,6
images/numbers/numbers_001334.png,70947,numbers,5
images/numbers/numbers_001335.png,243427,numbers,6
images/numbers/numbers_001336.png,735,numbers,3
images/numbers/numbers_001337.png,6058019,numbers,7
images/numbers/numbers_001338.png,940811,numbers,6
images/numbers/numbers_001339.png,9076441,numbers,7
images/numbers/numbers_001340.png,395444,numbers,6
images/numbers/numbers_001341.png,09089209,numbers,8
images/numbers/numbers_001342.png,095792,numbers,6
images/numbers/numbers_001343.png,4312,numbers,4
images/numbers/numbers_001344.png,62177,numbers,5
images/numbers/numbers_001345.png,7394246,numbers,7
images/numbers/numbers_001346.png,20311,numbers,5
images/numbers/numbers_001347.png,103,numbers,3
images/numbers/numbers_001348.png,241,numbers,3
images/numbers/numbers_001349.png,50798,numbers,5
images/numbers/numbers_001350.png,07064,numbers,5
images/numbers/numbers_001351.png,10100352,numbers,8
images/numbers/numbers_001352.png,86746,numbers,5
images/numbers/numbers_001353.png,471,numbers,3
images/numbers/numbers_001354.png,84261713,numbers,8
images/numbers/numbers_001355.png,759,numbers,3
images/numbers/numbers_001356.png,322757,numbers,6
images/numbers/numbers_001357.png,1677,numbers,4
images/numbers/numbers_001358.png,91136,numbers,5
images/numbers/numbers_001359.png,77028,numbers,5
images/numbers/numbers_001360.png,1848,numbers,4
images/numbers/numbers_001361.png,88674017,numbers,8
images/numbers/numbers_001362.png,4433752,numbers,7
images/numbers/numbers_001363.png,152,numbers,3
images/numbers/numbers_001364.png,149480,numbers,6
images/numbers/numbers_001365.png,1418563,numbers,7
images/numbers/numbers_001366.png,4885459,numbers,7
images/numbers/numbers_001367.png,56304,numbers,5
images/numbers/numbers_001368.png,7496065,numbers,7
images/numbers/numbers_001369.png,72291131,numbers,8
images/numbers/numbers_001370.png,264,numbers,3
images/numbers/numbers_001371.png,39066282,numbers,8
images/numbers/numbers_001372.png,9868,numbers,4
images/numbers/numbers_001373.png,34327,numbers,5
images/numbers/numbers_001374.png,98623,numbers,5
images/numbers/numbers_001375.png,67167,numbers,5
images/numbers/numbers_001376.png,618,numbers,3
images/numbers/numbers_001377.png,28178,numbers,5
images/numbers/numbers_001378.png,84669,numbers,5
images/numbers/numbers_001379.png,29025050,numbers,8
images/numbers/numbers_001380.png,635,numbers,3
images/numbers/numbers_001381.png,0850,numbers,4
images/numbers/numbers_001382.png,6299,numbers,4
images/numbers/numbers_001383.png,69267,numbers,5
images/numbers/numbers_001384.png,84469265,numbers,8
images/numbers/numbers_001385.png,9224529,numbers,7
images/numbers/numbers_001386.png,39338125,numbers,8
images/numbers/numbers_001387.png,952031,numbers,6
images/numbers/numbers_001388.png,6120,numbers,4
images/numbers/numbers_001389.png,7928487,numbers,7
images/numbers/numbers_001390.png,25077,numbers,5
images/numbers/numbers_001391.png,6011,numbers,4
images/numbers/numbers_001392.png,4903458,numbers,7
images/numbers/numbers_001393.png,74379047,numbers,8
images/numbers/numbers_001394.png,0685,numbers,4
images/numbers/numbers_001395.png,816821,numbers,6
images/numbers/numbers_001396.png,9537,numbers,4
images/numbers/numbers_001397.png,20006,numbers,5
images/numbers/numbers_001398.png,8500584,numbers,7
images/numbers/numbers_001399.png,0670,numbers,4
images/numbers/numbers_001400.png,97266,numbers,5
images/numbers/numbers_001401.png,7425024,numbers,7
images/numbers/numbers_001402.png,82419,numbers,5
images/numbers/numbers_001403.png,0908,numbers,4
images/numbers/numbers_001404.png,399,numbers,3
images/numbers/numbers_001405.png,545748,numbers,6
images/numbers/numbers_001406.png,78088,numbers,5
images/numbers/numbers_001407.png,735931,numbers,6
images/numbers/numbers_001408.png,355930,numbers,6
images/numbers/numbers_001409.png,84374264,numbers,8
images/numbers/numbers_001410.png,18632,numbers,5
images/numbers/numbers_001411.png,169527,numbers,6
images/numbers/numbers_001412.png,32444,numbers,5
images/numbers/numbers_001413.png,55840698,numbers,8
images/numbers/numbers_001414.png,697,numbers,3
images/numbers/numbers_001415.png,693838,numbers,6
images/numbers/numbers_001416.png,74141833,numbers,8
images/numbers/numbers_001417.png,1360382,numbers,7
images/numbers/numbers_001418.png,015349,numbers,6
images/numbers/numbers_001419.png,547680,numbers,6
images/numbers/numbers_001420.png,16156907,numbers,8
images/numbers/numbers_001421.png,414,numbers,3
images/numbers/numbers_001422.png,6440,numbers,4
images/numbers/numbers_001423.png,40970020,numbers,8
images/numbers/numbers_001424.png,4563,numbers,4
images/numbers/numbers_001425.png,534839,numbers,6
images/numbers/numbers_001426.png,61113,numbers,5
images/numbers/numbers_001427.png,09904059,numbers,8
images/numbers/numbers_001428.png,19836518,numbers,8
images/numbers/numbers_001429.png,47496029,numbers,8
images/numbers/numbers_001430.png,015311,numbers,6
images/numbers/numbers_001431.png,387667,numbers,6
images/numbers/numbers_001432.png,49951902,numbers,8
images/numbers/numbers_001433.png,4335,numbers,4
images/numbers/numbers_001434.png,4603,numbers,4
images/numbers/numbers_001435.png,20707,numbers,5
images/numbers/numbers_001436.png,038629,numbers,6
images/numbers/numbers_001437.png,50968,numbers,5
images/numbers/numbers_001438.png,0565883,numbers,7
images/numbers/numbers_001439.png,7485358,numbers,7
images/numbers/numbers_001440.png,7591,numbers,4
images/numbers/numbers_001441.png,2002,numbers,4
images/numbers/numbers_001442.png,213150,numbers,6
images/numbers/numbers_001443.png,06334283,numbers,8
images/numbers/numbers_001444.png,2483,numbers,4
images/numbers/numbers_001445.png,7802743,numbers,7
images/numbers/numbers_001446.png,9847,numbers,4
images/numbers/numbers_001447.png,6459340,numbers,7
images/numbers/numbers_001448.png,86270152,numbers,8
images/numbers/numbers_001449.png,605325,numbers,6
images/numbers/numbers_001450.png,529,numbers,3
images/numbers/numbers_001451.png,322416,numbers,6
images/numbers/numbers_001452.png,9392900,numbers,7
images/numbers/numbers_001453.png,352163,numbers,6
images/numbers/numbers_001454.png,689067,numbers,6
images/numbers/numbers_001455.png,06576711,numbers,8
images/numbers/numbers_001456.png,89929,numbers,5
images/numbers/numbers_001457.png,01007,numbers,5
images/numbers/numbers_001458.png,3021808,numbers,7
images/numbers/numbers_001459.png,71509548,numbers,8
images/numbers/numbers_001460.png,5491,numbers,4
images/numbers/numbers_001461.png,85499201,numbers,8
images/numbers/numbers_001462.png,892384,numbers,6
images/numbers/numbers_001463.png,030,numbers,3
images/numbers/numbers_001464.png,2975089,numbers,7
images/numbers/numbers_001465.png,3854017,numbers,7
images/numbers/numbers_001466.png,933,numbers,3
images/numbers/numbers_001467.png,385314,numbers,6
images/numbers/numbers_001468.png,4415,numbers,4
images/numbers/numbers_001469.png,084191,numbers,6
images/numbers/numbers_001470.png,07323619,numbers,8
images/numbers/numbers_001471.png,02065102,numbers,8
images/numbers/numbers_001472.png,157,numbers,3
images/numbers/numbers_001473.png,8146,numbers,4
images/numbers/numbers_001474.png,0405,numbers,4
images/numbers/numbers_001475.png,0493487,numbers,7
images/numbers/numbers_001476.png,27866,numbers,5
images/numbers/numbers_001477.png,164400,numbers,6
images/numbers/numbers_001478.png,8323091,numbers,7
images/numbers/numbers_001479.png,90756,numbers,5
images/numbers/numbers_001480.png,475532,numbers,6
images/numbers/numbers_001481.png,812,numbers,3
images/numbers/numbers_001482.png,41796,numbers,5
images/numbers/numbers_001483.png,68046,numbers,5
images/numbers/numbers_001484.png,265,numbers,3
images/numbers/numbers_001485.png,9629312,numbers,7
images/numbers/numbers_001486.png,8255,numbers,4
images/numbers/numbers_001487.png,4191,numbers,4
images/numbers/numbers_001488.png,73452427,numbers,8
images/numbers/numbers_001489.png,7340841,numbers,7
images/numbers/numbers_001490.png,1523,numbers,4
images/numbers/numbers_001491.png,500,numbers,3
images/numbers/numbers_001492.png,883,numbers,3
images/numbers/numbers_001493.png,1318,numbers,4
images/numbers/numbers_001494.png,455093,numbers,6
images/numbers/numbers_001495.png,42739174,numbers,8
images/numbers/numbers_001496.png,38546638,numbers,8
images/numbers/numbers_001497.png,863340,numbers,6
images/numbers/numbers_001498.png,1946,numbers,4
images/numbers/numbers_001499.png,31914,numbers,5
images/numbers/numbers_001500.png,83364,numbers,5
images/numbers/numbers_001501.png,856834,numbers,6
images/numbers/numbers_001502.png,36222,numbers,5
images/numbers/numbers_001503.png,73539,numbers,5
images/numbers/numbers_001504.png,51431643,numbers,8
images/numbers/numbers_001505.png,8631757,numbers,7
images/numbers/numbers_001506.png,75158260,numbers,8
images/numbers/numbers_001507.png,09015920,numbers,8
images/numbers/numbers_001508.png,3902847,numbers,7
images/numbers/numbers_001509.png,1533640,numbers,7
images/numbers/numbers_001510.png,764468,numbers,6
images/numbers/numbers_001511.png,369,numbers,3
images/numbers/numbers_001512.png,76052,numbers,5
images/numbers/numbers_001513.png,53792,numbers,5
images/numbers/numbers_001514.png,08134,numbers,5
images/numbers/numbers_001515.png,6182691,numbers,7
images/numbers/numbers_001516.png,2238498,numbers,7
images/numbers/numbers_001517.png,12088895,numbers,8
images/numbers/numbers_001518.png,86632,numbers,5
images/numbers/numbers_001519.png,13950229,numbers,8
images/numbers/numbers_001520.png,4257949,numbers,7
images/numbers/numbers_001521.png,5645427,numbers,7
images/numbers/numbers_001522.png,988,numbers,3
images/numbers/numbers_001523.png,7334347,numbers,7
images/numbers/numbers_001524.png,878,numbers,3
images/numbers/numbers_001525.png,534,numbers,3
images/numbers/numbers_001526.png,443095,numbers,6
images/numbers/numbers_001527.png,996,numbers,3
images/numbers/numbers_001528.png,1960381,numbers,7
images/numbers/numbers_001529.png,7480815,numbers,7
images/numbers/numbers_001530.png,90569775,numbers,8
images/numbers/numbers_001531.png,522058,numbers,6
images/numbers/numbers_001532.png,66068351,numbers,8
images/numbers/numbers_001533.png,4509,numbers,4
images/numbers/numbers_001534.png,9494781,numbers,7
images/numbers/numbers_001535.png,425,numbers,3
images/numbers/numbers_001536.png,6214,numbers,4
images/numbers/numbers_001537.png,17643854,numbers,8
images/numbers/numbers_001538.png,7339,numbers,4
images/numbers/numbers_001539.png,372,numbers,3
images/numbers/numbers_001540.png,445859,numbers,6
images/numbers/numbers_001541.png,98683288,numbers,8
images/numbers/numbers_001542.png,58915,numbers,5
images/numbers/numbers_001543.png,8358514,numbers,7
images/numbers/numbers_001544.png,3383,numbers,4
images/numbers/numbers_001545.png,0973304,numbers,7
images/numbers/numbers_001546.png,93153290,numbers,8
images/numbers/numbers_001547.png,83173,numbers,5
images/numbers/numbers_001548.png,8177226,numbers,7
images/numbers/numbers_001549.png,6705354,numbers,7
images/numbers/numbers_001550.png,579,numbers,3
images/numbers/numbers_001551.png,849,numbers,3
images/numbers/numbers_001552.png,30747,numbers,5
images/numbers/numbers_001553.png,472717,numbers,6
images/numbers/numbers_001554.png,67987420,numbers,8
images/numbers/numbers_001555.png,8260973,numbers,7
images/numbers/numbers_001556.png,579893,numbers,6
images/numbers/numbers_001557.png,278772,numbers,6
images/numbers/numbers_001558.png,692,numbers,3
images/numbers/numbers_001559.png,060947,numbers,6
images/numbers/numbers_001560.png,147325,numbers,6
images/numbers/numbers_001561.png,6484148,numbers,7
images/numbers/numbers_001562.png,62467754,numbers,8
images/numbers/numbers_001563.png,87801,numbers,5
images/numbers/numbers_001564.png,2326193,numbers,7
images/numbers/numbers_001565.png,8023,numbers,4
images/numbers/numbers_001566.png,8859481,numbers,7
images/numbers/numbers_001567.png,9937,numbers,4
images/numbers/numbers_001568.png,23873,numbers,5
images/numbers/numbers_001569.png,88773174,numbers,8
images/numbers/numbers_001570.png,19587,numbers,5
images/numbers/numbers_001571.png,091,numbers,3
images/numbers/numbers_001572.png,8125842,numbers,7
images/numbers/numbers_001573.png,3053861,numbers,7
images/numbers/numbers_001574.png,498572,numbers,6
images/numbers/numbers_001575.png,17125,numbers,5
images/numbers/numbers_001576.png,76806,numbers,5
images/numbers/numbers_001577.png,1463,numbers,4
images/numbers/numbers_001578.png,956284,numbers,6
images/numbers/numbers_001579.png,60811928,numbers,8
images/numbers/numbers_001580.png,536015,numbers,6
images/numbers/numbers_001581.png,9867,numbers,4
images/numbers/numbers_001582.png,215,numbers,3
images/numbers/numbers_001583.png,830796,numbers,6
images/numbers/numbers_001584.png,935,numbers,3
images/numbers/numbers_001585.png,042878,numbers,6
images/numbers/numbers_001586.png,54223,numbers,5
images/numbers/numbers_001587.png,32981,numbers,5
images/numbers/numbers_001588.png,772076,numbers,6
images/numbers/numbers_001589.png,03339,numbers,5
images/numbers/numbers_001590.png,324,numbers,3
images/numbers/numbers_001591.png,48293,numbers,5
images/numbers/numbers_001592.png,93314,numbers,5
images/numbers/numbers_001593.png,91456924,numbers,8
images/numbers/numbers_001594.png,3809,numbers,4
images/numbers/numbers_001595.png,716421,numbers,6
images/numbers/numbers_001596.png,69330630,numbers,8
images/numbers/numbers_001597.png,04057,numbers,5
images/numbers/numbers_001598.png,00860,numbers,5
images/numbers/numbers_001599.png,75009378,numbers,8
images/numbers/numbers_001600.png,569,numbers,3
images/numbers/numbers_001601.png,26717,numbers,5
images/numbers/numbers_001602.png,5572477,numbers,7
images/numbers/numbers_001603.png,61456211,numbers,8
images/numbers/numbers_001604.png,24509,numbers,5
images/numbers/numbers_001605.png,8979,numbers,4
images/numbers/numbers_001606.png,502,numbers,3
images/numbers/numbers_001607.png,9085010,numbers,7
images/numbers/numbers_001608.png,6043471,numbers,7
images/numbers/numbers_001609.png,7132,numbers,4
images/numbers/numbers_001610.png,679,numbers,3
images/numbers/numbers_001611.png,00671,numbers,5
images/numbers/numbers_001612.png,64180,numbers,5
images/numbers/numbers_001613.png,3533720,numbers,7
images/numbers/numbers_001614.png,452207,numbers,6
images/numbers/numbers_001615.png,69169793,numbers,8
images/numbers/numbers_001616.png,8986601,numbers,7
images/numbers/numbers_001617.png,785,numbers,3
images/numbers/numbers_001618.png,99102276,numbers,8
images/numbers/numbers_001619.png,6566,numbers,4
images/numbers/numbers_001620.png,815267,numbers,6
images/numbers/numbers_001621.png,32432827,numbers,8
images/numbers/numbers_001622.png,92576321,numbers,8
images/numbers/numbers_001623.png,56890651,numbers,8
images/numbers/numbers_001624.png,383,numbers,3
images/numbers/numbers_001625.png,137905,numbers,6
images/numbers/numbers_001626.png,8440,numbers,4
images/numbers/numbers_001627.png,4097,numbers,4
images/numbers/numbers_001628.png,428414,numbers,6
images/numbers/numbers_001629.png,540958,numbers,6
images/numbers/numbers_001630.png,0000,numbers,4
images/numbers/numbers_001631.png,34897162,numbers,8
images/numbers/numbers_001632.png,359869,numbers,6
images/numbers/numbers_001633.png,52644535,numbers,8
images/numbers/numbers_001634.png,0974960,numbers,7
images/numbers/numbers_001635.png,4449537,numbers,7
images/numbers/numbers_001636.png,7749184,numbers,7
images/numbers/numbers_001637.png,001593,numbers,6
images/numbers/numbers_001638.png,70945,numbers,5
images/numbers/numbers_001639.png,0679715,numbers,7
images/numbers/numbers_001640.png,59439,numbers,5
images/numbers/numbers_001641.png,541017,numbers,6
images/numbers/numbers_001642.png,159106,numbers,6
images/numbers/numbers_001643.png,4267,numbers,4
images/numbers/numbers_001644.png,2702885,numbers,7
images/numbers/numbers_001645.png,8826938,numbers,7
images/numbers/numbers_001646.png,68104160,numbers,8
images/numbers/numbers_001647.png,11653364,numbers,8
images/numbers/numbers_001648.png,530,numbers,3
images/numbers/numbers_001649.png,347,numbers,3
images/numbers/numbers_001650.png,185,numbers,3
images/numbers/numbers_001651.png,246245,numbers,6
images/numbers/numbers_001652.png,14384,numbers,5
images/numbers/numbers_001653.png,72496,numbers,5
images/numbers/numbers_001654.png,34532951,numbers,8
images/numbers/numbers_001655.png,9980612,numbers,7
images/numbers/numbers_001656.png,1195937,numbers,7
images/numbers/numbers_001657.png,1196,numbers,4
images/numbers/numbers_001658.png,5089201,numbers,7
images/numbers/numbers_001659.png,4054,numbers,4
images/numbers/numbers_001660.png,2610993,numbers,7
images/numbers/numbers_001661.png,2965,numbers,4
images/numbers/numbers_001662.png,3006051,numbers,7
images/numbers/numbers_001663.png,926503,numbers,6
images/numbers/numbers_001664.png,45550513,numbers,8
images/numbers/numbers_001665.png,421231,numbers,6
images/numbers/numbers_001666.png,75773531,numbers,8
images/numbers/numbers_001667.png,62520857,numbers,8
images/numbers/numbers_001668.png,502571,numbers,6
images/numbers/numbers_001669.png,235373,numbers,6
images/numbers/numbers_001670.png,58039,numbers,5
images/numbers/numbers_001671.png,0028496,numbers,7
images/numbers/numbers_001672.png,187108,numbers,6
images/numbers/numbers_001673.png,246,numbers,3
images/numbers/numbers_001674.png,751,numbers,3
images/numbers/numbers_001675.png,84821203,numbers,8
images/numbers/numbers_001676.png,50876571,numbers,8
images/numbers/numbers_001677.png,763906,numbers,6
images/numbers/numbers_001678.png,774,numbers,3
images/numbers/numbers_001679.png,4163423,numbers,7
images/numbers/numbers_001680.png,15991197,numbers,8
images/numbers/numbers_001681.png,317,numbers,3
images/numbers/numbers_001682.png,161377,numbers,6
images/numbers/numbers_001683.png,2178253,numbers,7
images/numbers/numbers_001684.png,15682,numbers,5
images/numbers/numbers_001685.png,365,numbers,3
images/numbers/numbers_001686.png,049,numbers,3
images/numbers/numbers_001687.png,0633,numbers,4
images/numbers/numbers_001688.png,4790,numbers,4
images/numbers/numbers_001689.png,8555,numbers,4
images/numbers/numbers_001690.png,2388380,numbers,7
images/numbers/numbers_001691.png,77095739,numbers,8
images/numbers/numbers_001692.png,291208,numbers,6
images/numbers/numbers_001693.png,76172,numbers,5
images/numbers/numbers_001694.png,64945,numbers,5
images/numbers/numbers_001695.png,7749,numbers,4
images/numbers/numbers_001696.png,73708,numbers,5
images/numbers/numbers_001697.png,0935717,numbers,7
images/numbers/numbers_001698.png,84568123,numbers,8
images/numbers/numbers_001699.png,0962606,numbers,7
images/numbers/numbers_001700.png,05742070,numbers,8
images/numbers/numbers_001701.png,5726568,numbers,7
images/numbers/numbers_001702.png,941416,numbers,6
images/numbers/numbers_001703.png,0786997,numbers,7
images/numbers/numbers_001704.png,3640,numbers,4
images/numbers/numbers_001705.png,1234,numbers,4
images/numbers/numbers_001706.png,82474,numbers,5
images/numbers/numbers_001707.png,28132,numbers,5
images/numbers/numbers_001708.png,18950,numbers,5
images/numbers/numbers_001709.png,18581114,numbers,8
images/numbers/numbers_001710.png,04002,numbers,5
images/numbers/numbers_001711.png,233274,numbers,6
images/numbers/numbers_001712.png,36852,numbers,5
images/numbers/numbers_001713.png,7149,numbers,4
images/numbers/numbers_001714.png,0129503,numbers,7
images/numbers/numbers_001715.png,98716985,numbers,8
images/numbers/numbers_001716.png,0100649,numbers,7
images/numbers/numbers_001717.png,194,numbers,3
images/numbers/numbers_001718.png,3326756,numbers,7
images/numbers/numbers_001719.png,48185,numbers,5
images/numbers/numbers_001720.png,0610,numbers,4
images/numbers/numbers_001721.png,3445,numbers,4
images/numbers/numbers_001722.png,230,numbers,3
images/numbers/numbers_001723.png,82494,numbers,5
images/numbers/numbers_001724.png,23176384,numbers,8
images/numbers/numbers_001725.png,45512397,numbers,8
images/numbers/numbers_001726.png,36019989,numbers,8
images/numbers/numbers_001727.png,8678,numbers,4
images/numbers/numbers_001728.png,814112,numbers,6
images/numbers/numbers_001729.png,636335,numbers,6
images/numbers/numbers_001730.png,813,numbers,3
images/numbers/numbers_001731.png,923255,numbers,6
images/numbers/numbers_001732.png,473139,numbers,6
images/numbers/numbers_001733.png,9419,numbers,4
images/numbers/numbers_001734.png,337,numbers,3
images/numbers/numbers_001735.png,962707,numbers,6
images/numbers/numbers_001736.png,95771,numbers,5
images/numbers/numbers_001737.png,5984,numbers,4
images/numbers/numbers_001738.png,3288952,numbers,7
images/numbers/numbers_001739.png,3536662,numbers,7
images/numbers/numbers_001740.png,1895860,numbers,7
images/numbers/numbers_001741.png,637430,numbers,6
images/numbers/numbers_001742.png,776798,numbers,6
images/numbers/numbers_001743.png,63977899,numbers,8
images/numbers/numbers_001744.png,8096,numbers,4
images/numbers/numbers_001745.png,7593,numbers,4
images/numbers/numbers_001746.png,88159,numbers,5
images/numbers/numbers_001747.png,13551,numbers,5
images/numbers/numbers_001748.png,046381,numbers,6
images/numbers/numbers_001749.png,2461406,numbers,7
images/numbers/numbers_001750.png,11790521,numbers,8
images/numbers/numbers_001751.png,1172,numbers,4
images/numbers/numbers_001752.png,7893,numbers,4
images/numbers/numbers_001753.png,28897,numbers,5
images/numbers/numbers_001754.png,844085,numbers,6
images/numbers/numbers_001755.png,475,numbers,3
images/numbers/numbers_001756.png,86334,numbers,5
images/numbers/numbers_001757.png,93033355,numbers,8
images/numbers/numbers_001758.png,83591,numbers,5
images/numbers/numbers_001759.png,276,numbers,3
images/numbers/numbers_001760.png,09160,numbers,5
images/numbers/numbers_001761.png,746,numbers,3
images/numbers/numbers_001762.png,154301,numbers,6
images/numbers/numbers_001763.png,0244,numbers,4
images/numbers/numbers_001764.png,06170503,numbers,8
images/numbers/numbers_001765.png,48883976,numbers,8
images/numbers/numbers_001766.png,5487729,numbers,7
images/numbers/numbers_001767.png,98539,numbers,5
images/numbers/numbers_001768.png,564173,numbers,6
images/numbers/numbers_001769.png,138,numbers,3
images/numbers/numbers_001770.png,205,numbers,3
images/numbers/numbers_001771.png,29858737,numbers,8
images/numbers/numbers_001772.png,254338,numbers,6
images/numbers/numbers_001773.png,5846665,numbers,7
images/numbers/numbers_001774.png,244969,numbers,6
images/numbers/numbers_001775.png,120242,numbers,6
images/numbers/numbers_001776.png,91180799,numbers,8
images/numbers/numbers_001777.png,600289,numbers,6
images/numbers/numbers_001778.png,80452,numbers,5
images/numbers/numbers_001779.png,994,numbers,3
images/numbers/numbers_001780.png,322,numbers,3
images/numbers/numbers_001781.png,7337,numbers,4
images/numbers/numbers_001782.png,545,numbers,3
images/numbers/numbers_001783.png,287287,numbers,6
images/numbers/numbers_001784.png,476713,numbers,6
images/numbers/numbers_001785.png,65945103,numbers,8
images/numbers/numbers_001786.png,5272922,numbers,7
images/numbers/numbers_001787.png,690,numbers,3
images/numbers/numbers_001788.png,3502,numbers,4
images/numbers/numbers_001789.png,436,numbers,3
images/numbers/numbers_001790.png,859,numbers,3
images/numbers/numbers_001791.png,3608,numbers,4
images/numbers/numbers_001792.png,5697,numbers,4
images/numbers/numbers_001793.png,9478789,numbers,7
images/numbers/numbers_001794.png,4004,numbers,4
images/numbers/numbers_001795.png,05231110,numbers,8
images/numbers/numbers_001796.png,279,numbers,3
images/numbers/numbers_001797.png,70590,numbers,5
images/numbers/numbers_001798.png,1455,numbers,4
images/numbers/numbers_001799.png,161391,numbers,6
images/numbers/numbers_001800.png,190425,numbers,6
images/numbers/numbers_001801.png,571,numbers,3
images/numbers/numbers_001802.png,3292246,numbers,7
images/numbers/numbers_001803.png,035,numbers,3
images/numbers/numbers_001804.png,274969,numbers,6
images/numbers/numbers_001805.png,606412,numbers,6
images/numbers/numbers_001806.png,8385,numbers,4
images/numbers/numbers_001807.png,76831795,numbers,8
images/numbers/numbers_001808.png,86637945,numbers,8
images/numbers/numbers_001809.png,568,numbers,3
images/numbers/numbers_001810.png,87787,numbers,5
images/numbers/numbers_001811.png,92176,numbers,5
images/numbers/numbers_001812.png,59164,numbers,5
images/numbers/numbers_001813.png,1048,numbers,4
images/numbers/numbers_001814.png,3251,numbers,4
images/numbers/numbers_001815.png,0767866,numbers,7
images/numbers/numbers_001816.png,454825,numbers,6
images/numbers/numbers_001817.png,78457,numbers,5
images/numbers/numbers_001818.png,4407745,numbers,7
images/numbers/numbers_001819.png,62471190,numbers,8
images/numbers/numbers_001820.png,99898,numbers,5
images/numbers/numbers_001821.png,493947,numbers,6
images/numbers/numbers_001822.png,8872067,numbers,7
images/numbers/numbers_001823.png,4068054,numbers,7
images/numbers/numbers_001824.png,8029869,numbers,7
images/numbers/numbers_001825.png,37486,numbers,5
images/numbers/numbers_001826.png,0160634,numbers,7
images/numbers/numbers_001827.png,268800,numbers,6
images/numbers/numbers_001828.png,3674,numbers,4
images/numbers/numbers_001829.png,3810423,numbers,7
images/numbers/numbers_001830.png,686231,numbers,6
images/numbers/numbers_001831.png,27611,numbers,5
images/numbers/numbers_001832.png,50328243,numbers,8
images/numbers/numbers_001833.png,78265,numbers,5
images/numbers/numbers_001834.png,9185776,numbers,7
images/numbers/numbers_001835.png,296020,numbers,6
images/numbers/numbers_001836.png,3399,numbers,4
images/numbers/numbers_001837.png,13912904,numbers,8
images/numbers/numbers_001838.png,400392,numbers,6
images/numbers/numbers_001839.png,225206,numbers,6
images/numbers/numbers_001840.png,954568,numbers,6
images/numbers/numbers_001841.png,02690673,numbers,8
images/numbers/numbers_001842.png,182,numbers,3
images/numbers/numbers_001843.png,45565,numbers,5
images/numbers/numbers_001844.png,3950811,numbers,7
images/numbers/numbers_001845.png,548149,numbers,6
images/numbers/numbers_001846.png,4979880,numbers,7
images/numbers/numbers_001847.png,003,numbers,3
images/numbers/numbers_001848.png,41013121,numbers,8
images/numbers/numbers_001849.png,9643,numbers,4
images/numbers/numbers_001850.png,7540124,numbers,7
images/numbers/numbers_001851.png,470,numbers,3
images/numbers/numbers_001852.png,2691,numbers,4
images/numbers/numbers_001853.png,68327,numbers,5
images/numbers/numbers_001854.png,658244,numbers,6
images/numbers/numbers_001855.png,01207336,numbers,8
images/numbers/numbers_001856.png,59694,numbers,5
images/numbers/numbers_001857.png,7679,numbers,4
images/numbers/numbers_001858.png,83602,numbers,5
images/numbers/numbers_001859.png,09858513,numbers,8
images/numbers/numbers_001860.png,10157,numbers,5
images/numbers/numbers_001861.png,74441691,numbers,8
images/numbers/numbers_001862.png,098834,numbers,6
images/numbers/numbers_001863.png,385344,numbers,6
images/numbers/numbers_001864.png,5243324,numbers,7
images/numbers/numbers_001865.png,6745434,numbers,7
images/numbers/numbers_001866.png,01684248,numbers,8
images/numbers/numbers_001867.png,508085,numbers,6
images/numbers/numbers_001868.png,13392,numbers,5
images/numbers/numbers_001869.png,378165,numbers,6
images/numbers/numbers_001870.png,132538,numbers,6
images/numbers/numbers_001871.png,52989,numbers,5
images/numbers/numbers_001872.png,1639,numbers,4
images/numbers/numbers_001873.png,37138202,numbers,8
images/numbers/numbers_001874.png,7330778,numbers,7
images/numbers/numbers_001875.png,3030314,numbers,7
images/numbers/numbers_001876.png,40050164,numbers,8
images/numbers/numbers_001877.png,9256,numbers,4
images/numbers/numbers_001878.png,4007,numbers,4
images/numbers/numbers_001879.png,983218,numbers,6
images/numbers/numbers_001880.png,44819,numbers,5
images/numbers/numbers_001881.png,5645593,numbers,7
images/numbers/numbers_001882.png,2215817,numbers,7
images/numbers/numbers_001883.png,6395,numbers,4
images/numbers/numbers_001884.png,22471027,numbers,8
images/numbers/numbers_001885.png,806928,numbers,6
images/numbers/numbers_001886.png,95739382,numbers,8
images/numbers/numbers_001887.png,201,numbers,3
images/numbers/numbers_001888.png,86124,numbers,5
images/numbers/numbers_001889.png,721,numbers,3
images/numbers/numbers_001890.png,22082221,numbers,8
images/numbers/numbers_001891.png,497,numbers,3
images/numbers/numbers_001892.png,097968,numbers,6
images/numbers/numbers_001893.png,289405,numbers,6
images/numbers/numbers_001894.png,8765,numbers,4
images/numbers/numbers_001895.png,2282804,numbers,7
images/numbers/numbers_001896.png,2780861,numbers,7
images/numbers/numbers_001897.png,11348,numbers,5
images/numbers/numbers_001898.png,671904,numbers,6
images/numbers/numbers_001899.png,517015,numbers,6
images/numbers/numbers_001900.png,1955283,numbers,7
images/numbers/numbers_001901.png,4450660,numbers,7
images/numbers/numbers_001902.png,95719296,numbers,8
images/numbers/numbers_001903.png,119,numbers,3
images/numbers/numbers_001904.png,0212924,numbers,7
images/numbers/numbers_001905.png,4045081,numbers,7
images/numbers/numbers_001906.png,35946,numbers,5
images/numbers/numbers_001907.png,92037,numbers,5
images/numbers/numbers_001908.png,88117751,numbers,8
images/numbers/numbers_001909.png,7282,numbers,4
images/numbers/numbers_001910.png,16989,numbers,5
images/numbers/numbers_001911.png,72058304,numbers,8
images/numbers/numbers_001912.png,0642617,numbers,7
images/numbers/numbers_001913.png,4978194,numbers,7
images/numbers/numbers_001914.png,925,numbers,3
images/numbers/numbers_001915.png,27407,numbers,5
images/numbers/numbers_001916.png,79394926,numbers,8
images/numbers/numbers_001917.png,18345203,numbers,8
images/numbers/numbers_001918.png,16494,numbers,5
images/numbers/numbers_001919.png,830579,numbers,6
images/numbers/numbers_001920.png,243046,numbers,6
images/numbers/numbers_001921.png,63664481,numbers,8
images/numbers/numbers_001922.png,581458,numbers,6
images/numbers/numbers_001923.png,953421,numbers,6
images/numbers/numbers_001924.png,89012558,numbers,8
images/numbers/numbers_001925.png,82833,numbers,5
images/numbers/numbers_001926.png,32845370,numbers,8
images/numbers/numbers_001927.png,4978580,numbers,7
images/numbers/numbers_001928.png,19241,numbers,5
images/numbers/numbers_001929.png,87269798,numbers,8
images/numbers/numbers_001930.png,26431,numbers,5
images/numbers/numbers_001931.png,8828888,numbers,7
images/numbers/numbers_001932.png,459,numbers,3
images/numbers/numbers_001933.png,50490,numbers,5
images/numbers/numbers_001934.png,670691,numbers,6
images/numbers/numbers_001935.png,844,numbers,3
images/numbers/numbers_001936.png,44525214,numbers,8
images/numbers/numbers_001937.png,5037,numbers,4
images/numbers/numbers_001938.png,4025306,numbers,7
images/numbers/numbers_001939.png,1643068,numbers,7
images/numbers/numbers_001940.png,11755964,numbers,8
images/numbers/numbers_001941.png,6124,numbers,4
images/numbers/numbers_001942.png,06250,numbers,5
images/numbers/numbers_001943.png,24820171,numbers,8
images/numbers/numbers_001944.png,48933435,numbers,8
images/numbers/numbers_001945.png,411958,numbers,6
images/numbers/numbers_001946.png,6052276,numbers,7
images/numbers/numbers_001947.png,7457,numbers,4
images/numbers/numbers_001948.png,2713670,numbers,7
images/numbers/numbers_001949.png,40406132,numbers,8
images/numbers/numbers_001950.png,9373,numbers,4
images/numbers/numbers_001951.png,77671102,numbers,8
images/numbers/numbers_001952.png,320,numbers,3
images/numbers/numbers_001953.png,36779922,numbers,8
images/numbers/numbers_001954.png,0267,numbers,4
images/numbers/numbers_001955.png,34099836,numbers,8
images/numbers/numbers_001956.png,106,numbers,3
images/numbers/numbers_001957.png,73771854,numbers,8
images/numbers/numbers_001958.png,2283,numbers,4
images/numbers/numbers_001959.png,75342954,numbers,8
images/numbers/numbers_001960.png,24680675,numbers,8
images/numbers/numbers_001961.png,590518,numbers,6
images/numbers/numbers_001962.png,135389,numbers,6
images/numbers/numbers_001963.png,4902820,numbers,7
images/numbers/numbers_001964.png,515961,numbers,6
images/numbers/numbers_001965.png,113558,numbers,6
images/numbers/numbers_001966.png,25612874,numbers,8
images/numbers/numbers_001967.png,9112,numbers,4
images/numbers/numbers_001968.png,6621631,numbers,7
images/numbers/numbers_001969.png,5952586,numbers,7
images/numbers/numbers_001970.png,997492,numbers,6
images/numbers/numbers_001971.png,702,numbers,3
images/numbers/numbers_001972.png,39588,numbers,5
images/numbers/numbers_001973.png,89952,numbers,5
images/numbers/numbers_001974.png,69871,numbers,5
images/numbers/numbers_001975.png,4340192,numbers,7
images/numbers/numbers_001976.png,8195,numbers,4
images/numbers/numbers_001977.png,326998,numbers,6
images/numbers/numbers_001978.png,80058,numbers,5
images/numbers/numbers_001979.png,0574502,numbers,7
images/numbers/numbers_001980.png,6733106,numbers,7
images/numbers/numbers_001981.png,44345,numbers,5
images/numbers/numbers_001982.png,590158,numbers,6
images/numbers/numbers_001983.png,47432,numbers,5
images/numbers/numbers_001984.png,1974309,numbers,7
images/numbers/numbers_001985.png,7606998,numbers,7
images/numbers/numbers_001986.png,7873221,numbers,7
images/numbers/numbers_001987.png,04780595,numbers,8
images/numbers/numbers_001988.png,39807,numbers,5
images/numbers/numbers_001989.png,9384383,numbers,7
images/numbers/numbers_001990.png,7871,numbers,4
images/numbers/numbers_001991.png,4909628,numbers,7
images/numbers/numbers_001992.png,67957204,numbers,8
images/numbers/numbers_001993.png,09159,numbers,5
images/numbers/numbers_001994.png,168,numbers,3
images/numbers/numbers_001995.png,5360277,numbers,7
images/numbers/numbers_001996.png,833005,numbers,6
images/numbers/numbers_001997.png,315,numbers,3
images/numbers/numbers_001998.png,6420,numbers,4
images/numbers/numbers_001999.png,325,numbers,3
images/numbers/numbers_002000.png,2341955,numbers,7
images/mixed/mixed_000001.png,TI1P7C5A,mixed,8
images/mixed/mixed_000002.png,2CSU8L,mixed,6
images/mixed/mixed_000003.png,UG99Z,mixed,5
images/mixed/mixed_000004.png,B9M13LJ,mixed,7
images/mixed/mixed_000005.png,Q463ZGA,mixed,7
images/mixed/mixed_000006.png,54X48L4P,mixed,8
images/mixed/mixed_000007.png,89DV1YW,mixed,7
images/mixed/mixed_000008.png,H1PE,mixed,4
images/mixed/mixed_000009.png,QKP6I,mixed,5
images/mixed/mixed_000010.png,7D8DG7FK,mixed,8
images/mixed/mixed_000011.png,MTL33,mixed,5
images/mixed/mixed_000012.png,6J6EB7V7,mixed,8
images/mixed/mixed_000013.png,A773I1W,mixed,7
images/mixed/mixed_000014.png,YH1G,mixed,4
images/mixed/mixed_000015.png,K76TO,mixed,5
images/mixed/mixed_000016.png,AQ9K,mixed,4
images/mixed/mixed_000017.png,7E3LJLG,mixed,7
images/mixed/mixed_000018.png,CKN3NNF7,mixed,8
images/mixed/mixed_000019.png,UEFY3Q,mixed,6
images/mixed/mixed_000020.png,C0E,mixed,3
images/mixed/mixed_000021.png,JV5KR,mixed,5
images/mixed/mixed_000022.png,B25,mixed,3
images/mixed/mixed_000023.png,N0V,mixed,3
images/mixed/mixed_000024.png,2FJ,mixed,3
images/mixed/mixed_000025.png,8C74B,mixed,5
images/mixed/mixed_000026.png,D5H,mixed,3
images/mixed/mixed_000027.png,QC2,mixed,3
images/mixed/mixed_000028.png,3XNU,mixed,4
images/mixed/mixed_000029.png,A2461EK,mixed,7
images/mixed/mixed_000030.png,1IYJQ,mixed,5
images/mixed/mixed_000031.png,NI2F,mixed,4
images/mixed/mixed_000032.png,VK3OAWXO,mixed,8
images/mixed/mixed_000033.png,G8PEUA8R,mixed,8
images/mixed/mixed_000034.png,7BWQT2,mixed,6
images/mixed/mixed_000035.png,8A9TTP,mixed,6
images/mixed/mixed_000036.png,RVEZ9D,mixed,6
images/mixed/mixed_000037.png,7AKFD,mixed,5
images/mixed/mixed_000038.png,2VU,mixed,3
images/mixed/mixed_000039.png,NO8PGF0M,mixed,8
images/mixed/mixed_000040.png,IK09F,mixed,5
images/mixed/mixed_000041.png,0T96,mixed,4
images/mixed/mixed_000042.png,03K,mixed,3
images/mixed/mixed_000043.png,3OE,mixed,3
images/mixed/mixed_000044.png,3Y3JLFVU,mixed,8
images/mixed/mixed_000045.png,RPBY2EAF,mixed,8
images/mixed/mixed_000046.png,LRZVZ8W6,mixed,8
images/mixed/mixed_000047.png,94F27X3N,mixed,8
images/mixed/mixed_000048.png,712O0,mixed,5
images/mixed/mixed_000049.png,N31S1UVH,mixed,8
images/mixed/mixed_000050.png,K9AT,mixed,4
images/mixed/mixed_000051.png,2HUP,mixed,4
images/mixed/mixed_000052.png,P96L5E,mixed,6
images/mixed/mixed_000053.png,9IJDPS52,mixed,8
images/mixed/mixed_000054.png,D3Q9OA,mixed,6
images/mixed/mixed_000055.png,CRR4,mixed,4
images/mixed/mixed_000056.png,8X1Z6ASI,mixed,8
images/mixed/mixed_000057.png,HN1J,mixed,4
images/mixed/mixed_000058.png,WRJTD6,mixed,6
images/mixed/mixed_000059.png,JH71WB7,mixed,7
images/mixed/mixed_000060.png,ZEXC11,mixed,6
images/mixed/mixed_000061.png,4KEAZ,mixed,5
images/mixed/mixed_000062.png,VV3,mixed,3
images/mixed/mixed_000063.png,L1IJ4L4Q,mixed,8
images/mixed/mixed_000064.png,MN9Z,mixed,4
images/mixed/mixed_000065.png,Z01YV7,mixed,6
images/mixed/mixed_000066.png,S7YF9QHF,mixed,8
images/mixed/mixed_000067.png,O3KLKL,mixed,6
images/mixed/mixed_000068.png,XBC4JW8,mixed,7
images/mixed/mixed_000069.png,SGW96,mixed,5
images/mixed/mixed_000070.png,AA5Q,mixed,4
images/mixed/mixed_000071.png,8EAJJ0GL,mixed,8
images/mixed/mixed_000072.png,1VNK4,mixed,5
images/mixed/mixed_000073.png,DPY5,mixed,4
images/mixed/mixed_000074.png,H14FD,mixed,5
images/mixed/mixed_000075.png,XS34UH,mixed,6
images/mixed/mixed_000076.png,U5U,mixed,3
images/mixed/mixed_000077.png,RYZS4U,mixed,6
images/mixed/mixed_000078.png,Q9V2,mixed,4
images/mixed/mixed_000079.png,JWO63WGJ,mixed,8
images/mixed/mixed_000080.png,H84H1,mixed,5
images/mixed/mixed_000081.png,R3NLSGG,mixed,7
images/mixed/mixed_000082.png,DECF81N,mixed,7
images/mixed/mixed_000083.png,J0HPO,mixed,5
images/mixed/mixed_000084.png,05H8,mixed,4
images/mixed/mixed_000085.png,NUDC1B,mixed,6
images/mixed/mixed_000086.png,4MULNI9Q,mixed,8
images/mixed/mixed_000087.png,0LY8B,mixed,5
images/mixed/mixed_000088.png,TOVQ0,mixed,5
images/mixed/mixed_000089.png,X5YJYIDQ,mixed,8
images/mixed/mixed_000090.png,U9P,mixed,3
images/mixed/mixed_000091.png,PRTUTJ3J,mixed,8
images/mixed/mixed_000092.png,E23AV09K,mixed,8
images/mixed/mixed_000093.png,25XUNZFM,mixed,8
images/mixed/mixed_000094.png,RY7ZX,mixed,5
images/mixed/mixed_000095.png,E0UZ,mixed,4
images/mixed/mixed_000096.png,RUQV5,mixed,5
images/mixed/mixed_000097.png,0FYW184,mixed,7
images/mixed/mixed_000098.png,M4S0N,mixed,5
images/mixed/mixed_000099.png,6WI8,mixed,4
images/mixed/mixed_000100.png,4G01K,mixed,5
images/mixed/mixed_000101.png,6GX,mixed,3
images/mixed/mixed_000102.png,I3EUCJ6,mixed,7
images/mixed/mixed_000103.png,U3I6,mixed,4
images/mixed/mixed_000104.png,E6AA4X1L,mixed,8
images/mixed/mixed_000105.png,Q1QBYZG,mixed,7
images/mixed/mixed_000106.png,0CK,mixed,3
images/mixed/mixed_000107.png,I4HT,mixed,4
images/mixed/mixed_000108.png,8N5E8,mixed,5
images/mixed/mixed_000109.png,6ETB,mixed,4
images/mixed/mixed_000110.png,37M,mixed,3
images/mixed/mixed_000111.png,UZSRJK8,mixed,7
images/mixed/mixed_000112.png,5GOPGLJ,mixed,7
images/mixed/mixed_000113.png,S0O,mixed,3
images/mixed/mixed_000114.png,LR1DEK0,mixed,7
images/mixed/mixed_000115.png,7ZZ,mixed,3
images/mixed/mixed_000116.png,K5W,mixed,3
images/mixed/mixed_000117.png,EX7VJ,mixed,5
images/mixed/mixed_000118.png,B4WNG654,mixed,8
images/mixed/mixed_000119.png,1UA,mixed,3
images/mixed/mixed_000120.png,SI43,mixed,4
images/mixed/mixed_000121.png,OYWKA1U,mixed,7
images/mixed/mixed_000122.png,7FHHL,mixed,5
images/mixed/mixed_000123.png,F67TPI,mixed,6
images/mixed/mixed_000124.png,IYZ9JIXX,mixed,8
images/mixed/mixed_000125.png,8RBPA,mixed,5
images/mixed/mixed_000126.png,P7OVLUS,mixed,7
images/mixed/mixed_000127.png,LR7,mixed,3
images/mixed/mixed_000128.png,C4G6,mixed,4
images/mixed/mixed_000129.png,QJ6T6,mixed,5
images/mixed/mixed_000130.png,0E2U,mixed,4
images/mixed/mixed_000131.png,8T07593H,mixed,8
images/mixed/mixed_000132.png,7H7SCQ,mixed,6
images/mixed/mixed_000133.png,E85,mixed,3
images/mixed/mixed_000134.png,IJ114X,mixed,6
images/mixed/mixed_000135.png,B4MO,mixed,4
images/mixed/mixed_000136.png,KWQ2PVV,mixed,7
images/mixed/mixed_000137.png,N7MMOVB,mixed,7
images/mixed/mixed_000138.png,2PZEQ7G,mixed,7
images/mixed/mixed_000139.png,60H,mixed,3
images/mixed/mixed_000140.png,03F,mixed,3
images/mixed/mixed_000141.png,7DR06,mixed,5
images/mixed/mixed_000142.png,IN5G7,mixed,5
images/mixed/mixed_000143.png,YZ7,mixed,3
images/mixed/mixed_000144.png,SSX8T,mixed,5
images/mixed/mixed_000145.png,P1STMO8,mixed,7
images/mixed/mixed_000146.png,IR0U914B,mixed,8
images/mixed/mixed_000147.png,00ZM7,mixed,5
images/mixed/mixed_000148.png,3SC3F,mixed,5
images/mixed/mixed_000149.png,LI5WE23,mixed,7
images/mixed/mixed_000150.png,O1N,mixed,3
images/mixed/mixed_000151.png,1W4,mixed,3
images/mixed/mixed_000152.png,L232X,mixed,5
images/mixed/mixed_000153.png,MA5IE02,mixed,7
images/mixed/mixed_000154.png,4O0,mixed,3
images/mixed/mixed_000155.png,72S,mixed,3
images/mixed/mixed_000156.png,4WSHFT,mixed,6
images/mixed/mixed_000157.png,46GL,mixed,4
images/mixed/mixed_000158.png,KAMD6P,mixed,6
images/mixed/mixed_000159.png,FH49H,mixed,5
images/mixed/mixed_000160.png,2SA0,mixed,4
images/mixed/mixed_000161.png,Q0W,mixed,3
images/mixed/mixed_000162.png,APHL52IE,mixed,8
images/mixed/mixed_000163.png,HE3OW7,mixed,6
images/mixed/mixed_000164.png,J08HL,mixed,5
images/mixed/mixed_000165.png,0WR8B3B,mixed,7
images/mixed/mixed_000166.png,7BOE,mixed,4
images/mixed/mixed_000167.png,0US,mixed,3
images/mixed/mixed_000168.png,WS5U,mixed,4
images/mixed/mixed_000169.png,BT846,mixed,5
images/mixed/mixed_000170.png,NF20,mixed,4
images/mixed/mixed_000171.png,AWP5QVJ5,mixed,8
images/mixed/mixed_000172.png,L56KSR,mixed,6
images/mixed/mixed_000173.png,YPX4,mixed,4
images/mixed/mixed_000174.png,AB2,mixed,3
images/mixed/mixed_000175.png,HJ6,mixed,3
images/mixed/mixed_000176.png,QG6FG,mixed,5
images/mixed/mixed_000177.png,X35,mixed,3
images/mixed/mixed_000178.png,W0XX,mixed,4
images/mixed/mixed_000179.png,72YF1,mixed,5
images/mixed/mixed_000180.png,DIPU6,mixed,5
images/mixed/mixed_000181.png,84N,mixed,3
images/mixed/mixed_000182.png,PL83M,mixed,5
images/mixed/mixed_000183.png,B70WU35A,mixed,8
images/mixed/mixed_000184.png,11B2I,mixed,5
images/mixed/mixed_000185.png,86SG1,mixed,5
images/mixed/mixed_000186.png,4V1G,mixed,4
images/mixed/mixed_000187.png,V0ZGWUM6,mixed,8
images/mixed/mixed_000188.png,M50P,mixed,4
images/mixed/mixed_000189.png,B7H,mixed,3
images/mixed/mixed_000190.png,KI0E,mixed,4
images/mixed/mixed_000191.png,KINE93,mixed,6
images/mixed/mixed_000192.png,IT0T6,mixed,5
images/mixed/mixed_000193.png,EBRX8G6,mixed,7
images/mixed/mixed_000194.png,S5UEOF,mixed,6
images/mixed/mixed_000195.png,1N7EWZ64,mixed,8
images/mixed/mixed_000196.png,4A9,mixed,3
images/mixed/mixed_000197.png,8E6U,mixed,4
images/mixed/mixed_000198.png,TK20W79,mixed,7
images/mixed/mixed_000199.png,2OKMXY,mixed,6
images/mixed/mixed_000200.png,DJY0F9,mixed,6
images/mixed/mixed_000201.png,J19SEJC4,mixed,8
images/mixed/mixed_000202.png,EF3S,mixed,4
images/mixed/mixed_000203.png,N8H,mixed,3
images/mixed/mixed_000204.png,KZ4O38C6,mixed,8
images/mixed/mixed_000205.png,14N,mixed,3
images/mixed/mixed_000206.png,949YWRXO,mixed,8
images/mixed/mixed_000207.png,Y6I1,mixed,4
images/mixed/mixed_000208.png,UXE64,mixed,5
images/mixed/mixed_000209.png,DZS5,mixed,4
images/mixed/mixed_000210.png,4QR,mixed,3
images/mixed/mixed_000211.png,LL50,mixed,4
images/mixed/mixed_000212.png,5R6GX4,mixed,6
images/mixed/mixed_000213.png,1YXQBDZ,mixed,7
images/mixed/mixed_000214.png,0EYY7E68,mixed,8
images/mixed/mixed_000215.png,23VAIHD,mixed,7
images/mixed/mixed_000216.png,HQ67O,mixed,5
images/mixed/mixed_000217.png,5RSZ4J6,mixed,7
images/mixed/mixed_000218.png,LIQW1,mixed,5
images/mixed/mixed_000219.png,9QI6,mixed,4
images/mixed/mixed_000220.png,JX2,mixed,3
images/mixed/mixed_000221.png,89R5P5,mixed,6
images/mixed/mixed_000222.png,R6OR4D,mixed,6
images/mixed/mixed_000223.png,GZ83C7,mixed,6
images/mixed/mixed_000224.png,8MVP9,mixed,5
images/mixed/mixed_000225.png,0KL,mixed,3
images/mixed/mixed_000226.png,YL5B6,mixed,5
images/mixed/mixed_000227.png,BAH498,mixed,6
images/mixed/mixed_000228.png,UJ2702C6,mixed,8
images/mixed/mixed_000229.png,UG5GPPP,mixed,7
images/mixed/mixed_000230.png,T4M,mixed,3
images/mixed/mixed_000231.png,0OO2N5D,mixed,7
images/mixed/mixed_000232.png,NA4,mixed,3
images/mixed/mixed_000233.png,S9MIG2S,mixed,7
images/mixed/mixed_000234.png,8BHCF8I,mixed,7
images/mixed/mixed_000235.png,LE1VA49,mixed,7
images/mixed/mixed_000236.png,9B9OE22I,mixed,8
images/mixed/mixed_000237.png,ZH1,mixed,3
images/mixed/mixed_000238.png,IH2,mixed,3
images/mixed/mixed_000239.png,ACYFWP0C,mixed,8
images/mixed/mixed_000240.png,DV1E1,mixed,5
images/mixed/mixed_000241.png,MRJ0M4DB,mixed,8
images/mixed/mixed_000242.png,V45,mixed,3
images/mixed/mixed_000243.png,GJ7,mixed,3
images/mixed/mixed_000244.png,HT2CN3D8,mixed,8
images/mixed/mixed_000245.png,P5I,mixed,3
images/mixed/mixed_000246.png,A4PZN,mixed,5
images/mixed/mixed_000247.png,W2J36KZ7,mixed,8
images/mixed/mixed_000248.png,XFZW9L,mixed,6
images/mixed/mixed_000249.png,EN7,mixed,3
images/mixed/mixed_000250.png,Z9OU9,mixed,5
images/mixed/mixed_000251.png,DS2,mixed,3
images/mixed/mixed_000252.png,YGLOF47,mixed,7
images/mixed/mixed_000253.png,K51UX,mixed,5
images/mixed/mixed_000254.png,D5J,mixed,3
images/mixed/mixed_000255.png,GK4,mixed,3
images/mixed/mixed_000256.png,O8EPX,mixed,5
images/mixed/mixed_000257.png,U32XI,mixed,5
images/mixed/mixed_000258.png,SLU4A5X,mixed,7
images/mixed/mixed_000259.png,K7C0QS,mixed,6
images/mixed/mixed_000260.png,0524L,mixed,5
images/mixed/mixed_000261.png,TUNEV15,mixed,7
images/mixed/mixed_000262.png,XJ1,mixed,3
images/mixed/mixed_000263.png,5SQM,mixed,4
images/mixed/mixed_000264.png,LTAD9GZ,mixed,7
images/mixed/mixed_000265.png,G76JLYHV,mixed,8
images/mixed/mixed_000266.png,WP83,mixed,4
images/mixed/mixed_000267.png,9A5UZ6YR,mixed,8
images/mixed/mixed_000268.png,Q1XY,mixed,4
images/mixed/mixed_000269.png,KLHM8,mixed,5
images/mixed/mixed_000270.png,4G8E1U,mixed,6
images/mixed/mixed_000271.png,8N7MP7,mixed,6
images/mixed/mixed_000272.png,P8LQZ7U7,mixed,8
images/mixed/mixed_000273.png,S2US8,mixed,5
images/mixed/mixed_000274.png,J8T,mixed,3
images/mixed/mixed_000275.png,SE4OA5IB,mixed,8
images/mixed/mixed_000276.png,0AD5W167,mixed,8
images/mixed/mixed_000277.png,6G5J3ZY,mixed,7
images/mixed/mixed_000278.png,VD5SHD6P,mixed,8
images/mixed/mixed_000279.png,659A,mixed,4
images/mixed/mixed_000280.png,U1P,mixed,3
images/mixed/mixed_000281.png,CP0,mixed,3
images/mixed/mixed_000282.png,WIK9G,mixed,5
images/mixed/mixed_000283.png,863IHRNU,mixed,8
images/mixed/mixed_000284.png,Z9F,mixed,3
images/mixed/mixed_000285.png,Y0DZ37U,mixed,7
images/mixed/mixed_000286.png,K0V2SP2F,mixed,8
images/mixed/mixed_000287.png,NL9,mixed,3
images/mixed/mixed_000288.png,S524RO,mixed,6
images/mixed/mixed_000289.png,1UB,mixed,3
images/mixed/mixed_000290.png,6WYBCOR,mixed,7
images/mixed/mixed_000291.png,M774,mixed,4
images/mixed/mixed_000292.png,UIS5BZ,mixed,6
images/mixed/mixed_000293.png,2TMH33BU,mixed,8
images/mixed/mixed_000294.png,Q7S,mixed,3
images/mixed/mixed_000295.png,P15,mixed,3
images/mixed/mixed_000296.png,5L91NW,mixed,6
images/mixed/mixed_000297.png,QE2YS,mixed,5
images/mixed/mixed_000298.png,IJ7,mixed,3
images/mixed/mixed_000299.png,1BE2CY,mixed,6
images/mixed/mixed_000300.png,2NR,mixed,3
images/mixed/mixed_000301.png,Y7ZFZ,mixed,5
images/mixed/mixed_000302.png,U079I,mixed,5
images/mixed/mixed_000303.png,QKV1,mixed,4
images/mixed/mixed_000304.png,RPBC8,mixed,5
images/mixed/mixed_000305.png,EJ3,mixed,3
images/mixed/mixed_000306.png,5DY2JW,mixed,6
images/mixed/mixed_000307.png,NNF40,mixed,5
images/mixed/mixed_000308.png,7J3X,mixed,4
images/mixed/mixed_000309.png,14B21TY,mixed,7
images/mixed/mixed_000310.png,UKA77B,mixed,6
images/mixed/mixed_000311.png,OI8D,mixed,4
images/mixed/mixed_000312.png,F47LX,mixed,5
images/mixed/mixed_000313.png,7GVHP,mixed,5
images/mixed/mixed_000314.png,P0I0H,mixed,5
images/mixed/mixed_000315.png,A8Z56,mixed,5
images/mixed/mixed_000316.png,XD3UQF4,mixed,7
images/mixed/mixed_000317.png,6EDXJ4V4,mixed,8
images/mixed/mixed_000318.png,L2H,mixed,3
images/mixed/mixed_000319.png,1RXAU,mixed,5
images/mixed/mixed_000320.png,2ZAGJ,mixed,5
images/mixed/mixed_000321.png,FZQ4,mixed,4
images/mixed/mixed_000322.png,8K0,mixed,3
images/mixed/mixed_000323.png,S4LUXO,mixed,6
images/mixed/mixed_000324.png,C8STV,mixed,5
images/mixed/mixed_000325.png,DNAQ145,mixed,7
images/mixed/mixed_000326.png,W07,mixed,3
images/mixed/mixed_000327.png,5UFSC46Z,mixed,8
images/mixed/mixed_000328.png,CK412,mixed,5
images/mixed/mixed_000329.png,A9V7,mixed,4
images/mixed/mixed_000330.png,F6PMG,mixed,5
images/mixed/mixed_000331.png,R0B,mixed,3
images/mixed/mixed_000332.png,KZ9,mixed,3
images/mixed/mixed_000333.png,3PET,mixed,4
images/mixed/mixed_000334.png,W5G,mixed,3
images/mixed/mixed_000335.png,BIGUH3G,mixed,7
images/mixed/mixed_000336.png,3C2,mixed,3
images/mixed/mixed_000337.png,OX8NL,mixed,5
images/mixed/mixed_000338.png,1EY1,mixed,4
images/mixed/mixed_000339.png,TC4,mixed,3
images/mixed/mixed_000340.png,AI4,mixed,3
images/mixed/mixed_000341.png,C571,mixed,4
images/mixed/mixed_000342.png,WO63HN5,mixed,7
images/mixed/mixed_000343.png,UL48N6,mixed,6
images/mixed/mixed_000344.png,S0Z1,mixed,4
images/mixed/mixed_000345.png,49GO,mixed,4
images/mixed/mixed_000346.png,DQK40JYT,mixed,8
images/mixed/mixed_000347.png,8WDEU,mixed,5
images/mixed/mixed_000348.png,GN8,mixed,3
images/mixed/mixed_000349.png,W5BC2,mixed,5
images/mixed/mixed_000350.png,H2H3G,mixed,5
images/mixed/mixed_000351.png,VYT4,mixed,4
images/mixed/mixed_000352.png,WDSWTA6,mixed,7
images/mixed/mixed_000353.png,05P,mixed,3
images/mixed/mixed_000354.png,VXT6T,mixed,5
images/mixed/mixed_000355.png,0U15,mixed,4
images/mixed/mixed_000356.png,SM5D,mixed,4
images/mixed/mixed_000357.png,1MMJ,mixed,4
images/mixed/mixed_000358.png,BH1WMD10,mixed,8
images/mixed/mixed_000359.png,YD9J2X5L,mixed,8
images/mixed/mixed_000360.png,5DK5,mixed,4
images/mixed/mixed_000361.png,XIX5VS,mixed,6
images/mixed/mixed_000362.png,I8CQ,mixed,4
images/mixed/mixed_000363.png,BRG4PX,mixed,6
images/mixed/mixed_000364.png,C4HUZ,mixed,5
images/mixed/mixed_000365.png,H880C,mixed,5
images/mixed/mixed_000366.png,A8SXX,mixed,5
images/mixed/mixed_000367.png,11D8JY,mixed,6
images/mixed/mixed_000368.png,7DZ,mixed,3
images/mixed/mixed_000369.png,EH0,mixed,3
images/mixed/mixed_000370.png,DH2,mixed,3
images/mixed/mixed_000371.png,2X47FI0,mixed,7
images/mixed/mixed_000372.png,OP7RIFH,mixed,7
images/mixed/mixed_000373.png,650XO0,mixed,6
images/mixed/mixed_000374.png,VU8V4,mixed,5
images/mixed/mixed_000375.png,L2R83W,mixed,6
images/mixed/mixed_000376.png,6DQC9,mixed,5
images/mixed/mixed_000377.png,J99IN2X5,mixed,8
images/mixed/mixed_000378.png,KDRI85XC,mixed,8
images/mixed/mixed_000379.png,PG1MW8,mixed,6
images/mixed/mixed_000380.png,0BR,mixed,3
images/mixed/mixed_000381.png,P8Q,mixed,3
images/mixed/mixed_000382.png,5U3,mixed,3
images/mixed/mixed_000383.png,J30,mixed,3
images/mixed/mixed_000384.png,2O8BM,mixed,5
images/mixed/mixed_000385.png,O8OCPN6,mixed,7
images/mixed/mixed_000386.png,TMIN3T9K,mixed,8
images/mixed/mixed_000387.png,80V,mixed,3
images/mixed/mixed_000388.png,1W6,mixed,3
images/mixed/mixed_000389.png,OE2,mixed,3
images/mixed/mixed_000390.png,OGCMM1,mixed,6
images/mixed/mixed_000391.png,8W0W,mixed,4
images/mixed/mixed_000392.png,N6ZO,mixed,4
images/mixed/mixed_000393.png,KJ8A7JQT,mixed,8
images/mixed/mixed_000394.png,NF9,mixed,3
images/mixed/mixed_000395.png,Q21ZRNE0,mixed,8
images/mixed/mixed_000396.png,ZC3,mixed,3
images/mixed/mixed_000397.png,8IA2WGS,mixed,7
images/mixed/mixed_000398.png,0DSK2,mixed,5
images/mixed/mixed_000399.png,73JCOG,mixed,6
images/mixed/mixed_000400.png,7IX9S8,mixed,6
images/mixed/mixed_000401.png,M5YS,mixed,4
images/mixed/mixed_000402.png,SRS2,mixed,4
images/mixed/mixed_000403.png,C8EF16,mixed,6
images/mixed/mixed_000404.png,YCF23,mixed,5
images/mixed/mixed_000405.png,7V7,mixed,3
images/mixed/mixed_000406.png,UIQP20YB,mixed,8
images/mixed/mixed_000407.png,N5GG6O4,mixed,7
images/mixed/mixed_000408.png,65Q2J4H,mixed,7
images/mixed/mixed_000409.png,V97X,mixed,4
images/mixed/mixed_000410.png,4TQ,mixed,3
images/mixed/mixed_000411.png,YJZST06,mixed,7
images/mixed/mixed_000412.png,SD1PCWI1,mixed,8
images/mixed/mixed_000413.png,RUZ4,mixed,4
images/mixed/mixed_000414.png,A04,mixed,3
images/mixed/mixed_000415.png,2H6,mixed,3
images/mixed/mixed_000416.png,Q6VIOL7,mixed,7
images/mixed/mixed_000417.png,9GZZI,mixed,5
images/mixed/mixed_000418.png,8A1X,mixed,4
images/mixed/mixed_000419.png,VJ3,mixed,3
images/mixed/mixed_000420.png,3FKUMH,mixed,6
images/mixed/mixed_000421.png,FO2Z6667,mixed,8
images/mixed/mixed_000422.png,THK1E8T,mixed,7
images/mixed/mixed_000423.png,K3ST4A4R,mixed,8
images/mixed/mixed_000424.png,23TX,mixed,4
images/mixed/mixed_000425.png,R30W3KAF,mixed,8
images/mixed/mixed_000426.png,5HM1,mixed,4
images/mixed/mixed_000427.png,J2G,mixed,3
images/mixed/mixed_000428.png,JQL9,mixed,4
images/mixed/mixed_000429.png,Y3WCQX,mixed,6
images/mixed/mixed_000430.png,XL4,mixed,3
images/mixed/mixed_000431.png,6JO8AK,mixed,6
images/mixed/mixed_000432.png,7QNTB2,mixed,6
images/mixed/mixed_000433.png,2KP3DN,mixed,6
images/mixed/mixed_000434.png,0OYRYM,mixed,6
images/mixed/mixed_000435.png,IQGO8TK,mixed,7
images/mixed/mixed_000436.png,5B77,mixed,4
images/mixed/mixed_000437.png,E3O65D,mixed,6
images/mixed/mixed_000438.png,C85,mixed,3
images/mixed/mixed_000439.png,0G81O,mixed,5
images/mixed/mixed_000440.png,X6U,mixed,3
images/mixed/mixed_000441.png,LD3K20T,mixed,7
images/mixed/mixed_000442.png,K41L,mixed,4
images/mixed/mixed_000443.png,62U,mixed,3
images/mixed/mixed_000444.png,IS4M7J,mixed,6
images/mixed/mixed_000445.png,5J65XT4,mixed,7
images/mixed/mixed_000446.png,LB6KL,mixed,5
images/mixed/mixed_000447.png,NXSA9X,mixed,6
images/mixed/mixed_000448.png,6OTZV,mixed,5
images/mixed/mixed_000449.png,Y7B,mixed,3
images/mixed/mixed_000450.png,XI13E8,mixed,6
images/mixed/mixed_000451.png,6241EG,mixed,6
images/mixed/mixed_000452.png,3GJ4,mixed,4
images/mixed/mixed_000453.png,8S8GNEZX,mixed,8
images/mixed/mixed_000454.png,6UN8VXTR,mixed,8
images/mixed/mixed_000455.png,74ZW3,mixed,5
images/mixed/mixed_000456.png,XU6F,mixed,4
images/mixed/mixed_000457.png,4SP,mixed,3
images/mixed/mixed_000458.png,30S,mixed,3
images/mixed/mixed_000459.png,5KR,mixed,3
images/mixed/mixed_000460.png,M0U,mixed,3
images/mixed/mixed_000461.png,GUDV6,mixed,5
images/mixed/mixed_000462.png,RHB7SA,mixed,6
images/mixed/mixed_000463.png,0LE1A,mixed,5
images/mixed/mixed_000464.png,1IR6,mixed,4
images/mixed/mixed_000465.png,UEVB3RI4,mixed,8
images/mixed/mixed_000466.png,UAB1,mixed,4
images/mixed/mixed_000467.png,825NE7G1,mixed,8
images/mixed/mixed_000468.png,STC0YH66,mixed,8
images/mixed/mixed_000469.png,B1C,mixed,3
images/mixed/mixed_000470.png,0DARH3F,mixed,7
images/mixed/mixed_000471.png,FZ2,mixed,3
images/mixed/mixed_000472.png,JP44742,mixed,7
images/mixed/mixed_000473.png,BTG5FMH,mixed,7
images/mixed/mixed_000474.png,PMN6,mixed,4
images/mixed/mixed_000475.png,MZ243F,mixed,6
images/mixed/mixed_000476.png,7LME9C9C,mixed,8
images/mixed/mixed_000477.png,S4651WJI,mixed,8
images/mixed/mixed_000478.png,34CHRWEI,mixed,8
images/mixed/mixed_000479.png,HC9L,mixed,4
images/mixed/mixed_000480.png,HI4CU,mixed,5
images/mixed/mixed_000481.png,U2HJ,mixed,4
images/mixed/mixed_000482.png,QJM601,mixed,6
images/mixed/mixed_000483.png,EM98XY47,mixed,8
images/mixed/mixed_000484.png,J8EW72,mixed,6
images/mixed/mixed_000485.png,B6S,mixed,3
images/mixed/mixed_000486.png,DPIPD55,mixed,7
images/mixed/mixed_000487.png,IE0Z67,mixed,6
images/mixed/mixed_000488.png,K8IAD,mixed,5
images/mixed/mixed_000489.png,X0BQM7S,mixed,7
images/mixed/mixed_000490.png,ZI5UG9B8,mixed,8
images/mixed/mixed_000491.png,B1PI0,mixed,5
images/mixed/mixed_000492.png,N9H,mixed,3
images/mixed/mixed_000493.png,9VO,mixed,3
images/mixed/mixed_000494.png,3IWRG,mixed,5
images/mixed/mixed_000495.png,8MN0S,mixed,5
images/mixed/mixed_000496.png,YC3BQ,mixed,5
images/mixed/mixed_000497.png,8O5TRBL4,mixed,8
images/mixed/mixed_000498.png,6JKA4B,mixed,6
images/mixed/mixed_000499.png,KL6G4A,mixed,6
images/mixed/mixed_000500.png,0NF,mixed,3
images/mixed/mixed_000501.png,L0Y2PTH,mixed,7
images/mixed/mixed_000502.png,70DDIQV,mixed,7
images/mixed/mixed_000503.png,33VILH,mixed,6
images/mixed/mixed_000504.png,2FI4WGL,mixed,7
images/mixed/mixed_000505.png,UFI802,mixed,6
images/mixed/mixed_000506.png,NCF28G6Y,mixed,8
images/mixed/mixed_000507.png,4OD,mixed,3
images/mixed/mixed_000508.png,A3UY,mixed,4
images/mixed/mixed_000509.png,DRN82,mixed,5
images/mixed/mixed_000510.png,6YKB6,mixed,5
images/mixed/mixed_000511.png,QYR5,mixed,4
images/mixed/mixed_000512.png,CMV9MAFL,mixed,8
images/mixed/mixed_000513.png,AU6,mixed,3
images/mixed/mixed_000514.png,V8IFL7,mixed,6
images/mixed/mixed_000515.png,QBU4W,mixed,5
images/mixed/mixed_000516.png,A9HTEEP,mixed,7
images/mixed/mixed_000517.png,LN7,mixed,3
images/mixed/mixed_000518.png,95YVXNBY,mixed,8
images/mixed/mixed_000519.png,JI0C01H,mixed,7
images/mixed/mixed_000520.png,SP99,mixed,4
images/mixed/mixed_000521.png,9R0EEH1,mixed,7
images/mixed/mixed_000522.png,235QYT2Y,mixed,8
images/mixed/mixed_000523.png,FFK54OVP,mixed,8
images/mixed/mixed_000524.png,41WDGG5,mixed,7
images/mixed/mixed_000525.png,9HTBDD87,mixed,8
images/mixed/mixed_000526.png,1MQQ,mixed,4
images/mixed/mixed_000527.png,KH822CL,mixed,7
images/mixed/mixed_000528.png,906WN,mixed,5
images/mixed/mixed_000529.png,Z3L66T,mixed,6
images/mixed/mixed_000530.png,DP03,mixed,4
images/mixed/mixed_000531.png,3EI8,mixed,4
images/mixed/mixed_000532.png,9BP16,mixed,5
images/mixed/mixed_000533.png,OVMW6,mixed,5
images/mixed/mixed_000534.png,P5U1,mixed,4
images/mixed/mixed_000535.png,E64SU0IN,mixed,8
images/mixed/mixed_000536.png,J97,mixed,3
images/mixed/mixed_000537.png,E7HX7DVS,mixed,8
images/mixed/mixed_000538.png,0N7,mixed,3
images/mixed/mixed_000539.png,S9EO2,mixed,5
images/mixed/mixed_000540.png,B3J0RD,mixed,6
images/mixed/mixed_000541.png,LCE6,mixed,4
images/mixed/mixed_000542.png,L8YY04C,mixed,7
images/mixed/mixed_000543.png,689QCV,mixed,6
images/mixed/mixed_000544.png,YOB1A9,mixed,6
images/mixed/mixed_000545.png,921DNZG6,mixed,8
images/mixed/mixed_000546.png,YFR9,mixed,4
images/mixed/mixed_000547.png,SO1,mixed,3
images/mixed/mixed_000548.png,TLBXIP8,mixed,7
images/mixed/mixed_000549.png,SO8,mixed,3
images/mixed/mixed_000550.png,6BOK,mixed,4
images/mixed/mixed_000551.png,009SW,mixed,5
images/mixed/mixed_000552.png,GCU4,mixed,4
images/mixed/mixed_000553.png,9RX9,mixed,4
images/mixed/mixed_000554.png,KOYXI0VM,mixed,8
images/mixed/mixed_000555.png,87BSS,mixed,5
images/mixed/mixed_000556.png,52T4,mixed,4
images/mixed/mixed_000557.png,3OOHF,mixed,5
images/mixed/mixed_000558.png,PB4UE3,mixed,6
images/mixed/mixed_000559.png,PJ5P9,mixed,5
images/mixed/mixed_000560.png,4ZS,mixed,3
images/mixed/mixed_000561.png,OI71U1,mixed,6
images/mixed/mixed_000562.png,VQ46,mixed,4
images/mixed/mixed_000563.png,SKM7S9I,mixed,7
images/mixed/mixed_000564.png,VDAEU3,mixed,6
images/mixed/mixed_000565.png,2PJA,mixed,4
images/mixed/mixed_000566.png,E46P4,mixed,5
images/mixed/mixed_000567.png,KJI99OP,mixed,7
images/mixed/mixed_000568.png,0LQI4,mixed,5
images/mixed/mixed_000569.png,B7EB,mixed,4
images/mixed/mixed_000570.png,NEJFVX1J,mixed,8
images/mixed/mixed_000571.png,5XR,mixed,3
images/mixed/mixed_000572.png,QFLF8V,mixed,6
images/mixed/mixed_000573.png,7CMDDSL,mixed,7
images/mixed/mixed_000574.png,8VU3,mixed,4
images/mixed/mixed_000575.png,BQ0,mixed,3
images/mixed/mixed_000576.png,9VE,mixed,3
images/mixed/mixed_000577.png,1O1JH,mixed,5
images/mixed/mixed_000578.png,R0D1CT4,mixed,7
images/mixed/mixed_000579.png,63N4,mixed,4
images/mixed/mixed_000580.png,2S26DOD,mixed,7
images/mixed/mixed_000581.png,5FY5,mixed,4
images/mixed/mixed_000582.png,H24OK,mixed,5
images/mixed/mixed_000583.png,A0F,mixed,3
images/mixed/mixed_000584.png,SB7NUN,mixed,6
images/mixed/mixed_000585.png,36J,mixed,3
images/mixed/mixed_000586.png,DN2,mixed,3
images/mixed/mixed_000587.png,7PLOK3O,mixed,7
images/mixed/mixed_000588.png,TVE1FHM,mixed,7
images/mixed/mixed_000589.png,YY9N,mixed,4
images/mixed/mixed_000590.png,7AEGZC3Z,mixed,8
images/mixed/mixed_000591.png,7FW,mixed,3
images/mixed/mixed_000592.png,2R6VAKK3,mixed,8
images/mixed/mixed_000593.png,7ZGY0,mixed,5
images/mixed/mixed_000594.png,VES3PR,mixed,6
images/mixed/mixed_000595.png,T5KKA,mixed,5
images/mixed/mixed_000596.png,IA1XYFE6,mixed,8
images/mixed/mixed_000597.png,78ZEVZX,mixed,7
images/mixed/mixed_000598.png,1LZSA,mixed,5
images/mixed/mixed_000599.png,9IW12CY,mixed,7
images/mixed/mixed_000600.png,0A20BQ,mixed,6
images/mixed/mixed_000601.png,30XY,mixed,4
images/mixed/mixed_000602.png,N4JBB2,mixed,6
images/mixed/mixed_000603.png,RXKR0L0,mixed,7
images/mixed/mixed_000604.png,ZP6S,mixed,4
images/mixed/mixed_000605.png,1KZA,mixed,4
images/mixed/mixed_000606.png,Q8KS,mixed,4
images/mixed/mixed_000607.png,759D9,mixed,5
images/mixed/mixed_000608.png,5D0,mixed,3
images/mixed/mixed_000609.png,B87V,mixed,4
images/mixed/mixed_000610.png,9NVHUB1,mixed,7
images/mixed/mixed_000611.png,QZ0TLRR,mixed,7
images/mixed/mixed_000612.png,82ED,mixed,4
images/mixed/mixed_000613.png,B6FW,mixed,4
images/mixed/mixed_000614.png,MNFV4,mixed,5
images/mixed/mixed_000615.png,KHNX59DZ,mixed,8
images/mixed/mixed_000616.png,QR0,mixed,3
images/mixed/mixed_000617.png,5M0Q,mixed,4
images/mixed/mixed_000618.png,EI3G3N,mixed,6
images/mixed/mixed_000619.png,G1MI8P,mixed,6
images/mixed/mixed_000620.png,3NP1,mixed,4
images/mixed/mixed_000621.png,HN59JC7,mixed,7
images/mixed/mixed_000622.png,9HN,mixed,3
images/mixed/mixed_000623.png,BM2V1,mixed,5
images/mixed/mixed_000624.png,MC9946,mixed,6
images/mixed/mixed_000625.png,IHL9L3,mixed,6
images/mixed/mixed_000626.png,25SA,mixed,4
images/mixed/mixed_000627.png,XIU9U,mixed,5
images/mixed/mixed_000628.png,001MKKS2,mixed,8
images/mixed/mixed_000629.png,GO3X1,mixed,5
images/mixed/mixed_000630.png,QLMEYIH2,mixed,8
images/mixed/mixed_000631.png,18KYM2Q,mixed,7
images/mixed/mixed_000632.png,LW1A,mixed,4
images/mixed/mixed_000633.png,AV48,mixed,4
images/mixed/mixed_000634.png,TU043,mixed,5
images/mixed/mixed_000635.png,48FZYZJU,mixed,8
images/mixed/mixed_000636.png,6QU,mixed,3
images/mixed/mixed_000637.png,UJ3PUP,mixed,6
images/mixed/mixed_000638.png,PU9,mixed,3
images/mixed/mixed_000639.png,D2UTYV6T,mixed,8
images/mixed/mixed_000640.png,4HGX,mixed,4
images/mixed/mixed_000641.png,J5J,mixed,3
images/mixed/mixed_000642.png,7V7CHDQ,mixed,7
images/mixed/mixed_000643.png,P0O778TD,mixed,8
images/mixed/mixed_000644.png,HG34SUY,mixed,7
images/mixed/mixed_000645.png,TQL15SQ,mixed,7
images/mixed/mixed_000646.png,P39N,mixed,4
images/mixed/mixed_000647.png,3VBB,mixed,4
images/mixed/mixed_000648.png,SAN58TT,mixed,7
images/mixed/mixed_000649.png,32J,mixed,3
images/mixed/mixed_000650.png,Z1DDUY9,mixed,7
images/mixed/mixed_000651.png,4CSO7,mixed,5
images/mixed/mixed_000652.png,GI76,mixed,4
images/mixed/mixed_000653.png,KCWBTP2,mixed,7
images/mixed/mixed_000654.png,H08UN,mixed,5
images/mixed/mixed_000655.png,D2OS,mixed,4
images/mixed/mixed_000656.png,4TMN,mixed,4
images/mixed/mixed_000657.png,O7CDVZT,mixed,7
images/mixed/mixed_000658.png,F3U40,mixed,5
images/mixed/mixed_000659.png,3VX,mixed,3
images/mixed/mixed_000660.png,Q9AR,mixed,4
images/mixed/mixed_000661.png,1XT0YM02,mixed,8
images/mixed/mixed_000662.png,VF50PD,mixed,6
images/mixed/mixed_000663.png,S8D,mixed,3
images/mixed/mixed_000664.png,48X0,mixed,4
images/mixed/mixed_000665.png,2MG,mixed,3
images/mixed/mixed_000666.png,82NSL,mixed,5
images/mixed/mixed_000667.png,BY5NG3B,mixed,7
images/mixed/mixed_000668.png,534H,mixed,4
images/mixed/mixed_000669.png,3MN,mixed,3
images/mixed/mixed_000670.png,8XCY3555,mixed,8
images/mixed/mixed_000671.png,WEY0,mixed,4
images/mixed/mixed_000672.png,XF62QGWX,mixed,8
images/mixed/mixed_000673.png,U4SLM4,mixed,6
images/mixed/mixed_000674.png,O45C,mixed,4
images/mixed/mixed_000675.png,X5CM,mixed,4
images/mixed/mixed_000676.png,0FBZUP6J,mixed,8
images/mixed/mixed_000677.png,X1EMF6,mixed,6
images/mixed/mixed_000678.png,Q8PPP,mixed,5
images/mixed/mixed_000679.png,O2IXH,mixed,5
images/mixed/mixed_000680.png,A8P,mixed,3
images/mixed/mixed_000681.png,7SMFWAL9,mixed,8
images/mixed/mixed_000682.png,7GBMA4,mixed,6
images/mixed/mixed_000683.png,Z9TV20,mixed,6
images/mixed/mixed_000684.png,QY07AQLY,mixed,8
images/mixed/mixed_000685.png,1NZ2O0,mixed,6
images/mixed/mixed_000686.png,W2Z,mixed,3
images/mixed/mixed_000687.png,MK7X54HX,mixed,8
images/mixed/mixed_000688.png,0AMP,mixed,4
images/mixed/mixed_000689.png,64N,mixed,3
images/mixed/mixed_000690.png,PRXH900,mixed,7
images/mixed/mixed_000691.png,4IJHN8WG,mixed,8
images/mixed/mixed_000692.png,IS48,mixed,4
images/mixed/mixed_000693.png,GXM9RN6Q,mixed,8
images/mixed/mixed_000694.png,HH8,mixed,3
images/mixed/mixed_000695.png,FKHL4J,mixed,6
images/mixed/mixed_000696.png,1LH,mixed,3
images/mixed/mixed_000697.png,OP8,mixed,3
images/mixed/mixed_000698.png,ZCI338,mixed,6
images/mixed/mixed_000699.png,UB9,mixed,3
images/mixed/mixed_000700.png,U6R,mixed,3
images/mixed/mixed_000701.png,12BCJ2Y4,mixed,8
images/mixed/mixed_000702.png,14QYY4Q,mixed,7
images/mixed/mixed_000703.png,LT1,mixed,3
images/mixed/mixed_000704.png,97A,mixed,3
images/mixed/mixed_000705.png,S70A6,mixed,5
images/mixed/mixed_000706.png,U55HAYM,mixed,7
images/mixed/mixed_000707.png,3Z3GL624,mixed,8
images/mixed/mixed_000708.png,8EQ,mixed,3
images/mixed/mixed_000709.png,WG3EHIQ,mixed,7
images/mixed/mixed_000710.png,72BWXZB,mixed,7
images/mixed/mixed_000711.png,Q060H,mixed,5
images/mixed/mixed_000712.png,8AOD,mixed,4
images/mixed/mixed_000713.png,00AZS,mixed,5
images/mixed/mixed_000714.png,9SD,mixed,3
images/mixed/mixed_000715.png,U3Z5,mixed,4
images/mixed/mixed_000716.png,MVZ6,mixed,4
images/mixed/mixed_000717.png,Z1M,mixed,3
images/mixed/mixed_000718.png,4KY,mixed,3
images/mixed/mixed_000719.png,73I,mixed,3
images/mixed/mixed_000720.png,9N5I,mixed,4
images/mixed/mixed_000721.png,L8H0L4,mixed,6
images/mixed/mixed_000722.png,PE5T7RJ6,mixed,8
images/mixed/mixed_000723.png,14NQ,mixed,4
images/mixed/mixed_000724.png,7FJXXOJ,mixed,7
images/mixed/mixed_000725.png,23FE35,mixed,6
images/mixed/mixed_000726.png,9N2Y,mixed,4
images/mixed/mixed_000727.png,6T96,mixed,4
images/mixed/mixed_000728.png,PGT6,mixed,4
images/mixed/mixed_000729.png,M88U,mixed,4
images/mixed/mixed_000730.png,K2P2FR,mixed,6
images/mixed/mixed_000731.png,HV32,mixed,4
images/mixed/mixed_000732.png,7CKN1M4,mixed,7
images/mixed/mixed_000733.png,984AZ,mixed,5
images/mixed/mixed_000734.png,0M8JHYJ,mixed,7
images/mixed/mixed_000735.png,DPFZ6,mixed,5
images/mixed/mixed_000736.png,CK9EV,mixed,5
images/mixed/mixed_000737.png,2G03,mixed,4
images/mixed/mixed_000738.png,FJU8,mixed,4
images/mixed/mixed_000739.png,MJ765AJ,mixed,7
images/mixed/mixed_000740.png,7GUNSWHH,mixed,8
images/mixed/mixed_000741.png,3OQ9,mixed,4
images/mixed/mixed_000742.png,6H1,mixed,3
images/mixed/mixed_000743.png,R80FH9G,mixed,7
images/mixed/mixed_000744.png,I54G,mixed,4
images/mixed/mixed_000745.png,240KJL9,mixed,7
images/mixed/mixed_000746.png,FXF72ZQE,mixed,8
images/mixed/mixed_000747.png,K223HAE,mixed,7
images/mixed/mixed_000748.png,RRY96R,mixed,6
images/mixed/mixed_000749.png,O43,mixed,3
images/mixed/mixed_000750.png,DF13,mixed,4
images/mixed/mixed_000751.png,71UKGFT,mixed,7
images/mixed/mixed_000752.png,S32NV,mixed,5
images/mixed/mixed_000753.png,5X2ILVRW,mixed,8
images/mixed/mixed_000754.png,56HKU,mixed,5
images/mixed/mixed_000755.png,8ADBDG,mixed,6
images/mixed/mixed_000756.png,KXCA0ON,mixed,7
images/mixed/mixed_000757.png,F0OCI,mixed,5
images/mixed/mixed_000758.png,9Z0SUNB,mixed,7
images/mixed/mixed_000759.png,J0A,mixed,3
images/mixed/mixed_000760.png,QUQ3C,mixed,5
images/mixed/mixed_000761.png,1SQ8,mixed,4
images/mixed/mixed_000762.png,3BI,mixed,3
images/mixed/mixed_000763.png,ZZ6Q,mixed,4
images/mixed/mixed_000764.png,VW0NL,mixed,5
images/mixed/mixed_000765.png,392O1R9,mixed,7
images/mixed/mixed_000766.png,DF4Z1,mixed,5
images/mixed/mixed_000767.png,RMHIUD3,mixed,7
images/mixed/mixed_000768.png,7T0W3,mixed,5
images/mixed/mixed_000769.png,0T6P,mixed,4
images/mixed/mixed_000770.png,7N4JPV,mixed,6
images/mixed/mixed_000771.png,GN5FM,mixed,5
images/mixed/mixed_000772.png,OE8G3AUQ,mixed,8
images/mixed/mixed_000773.png,JWY92OI,mixed,7
images/mixed/mixed_000774.png,8MT,mixed,3
images/mixed/mixed_000775.png,QI71JM1,mixed,7
images/mixed/mixed_000776.png,6ND,mixed,3
images/mixed/mixed_000777.png,266DD2L,mixed,7
images/mixed/mixed_000778.png,M666,mixed,4
images/mixed/mixed_000779.png,0T8,mixed,3
images/mixed/mixed_000780.png,LX9Z3T0,mixed,7
images/mixed/mixed_000781.png,GFX3J,mixed,5
images/mixed/mixed_000782.png,2J4I,mixed,4
images/mixed/mixed_000783.png,NI9ZCYI7,mixed,8
images/mixed/mixed_000784.png,177L6F3,mixed,7
images/mixed/mixed_000785.png,01E,mixed,3
images/mixed/mixed_000786.png,0T7QQPC,mixed,7
images/mixed/mixed_000787.png,YTU9A9N0,mixed,8
images/mixed/mixed_000788.png,D7W,mixed,3
images/mixed/mixed_000789.png,YTA2OO5X,mixed,8
images/mixed/mixed_000790.png,F05RQQV,mixed,7
images/mixed/mixed_000791.png,9GA,mixed,3
images/mixed/mixed_000792.png,QF3MPV,mixed,6
images/mixed/mixed_000793.png,DI64Y0,mixed,6
images/mixed/mixed_000794.png,2VS1IZ5,mixed,7
images/mixed/mixed_000795.png,9KPM4,mixed,5
images/mixed/mixed_000796.png,ZU0BA1I,mixed,7
images/mixed/mixed_000797.png,K1E,mixed,3
images/mixed/mixed_000798.png,O3U,mixed,3
images/mixed/mixed_000799.png,QJR4OK,mixed,6
images/mixed/mixed_000800.png,CFI31U2T,mixed,8
images/mixed/mixed_000801.png,WC1X6T,mixed,6
images/mixed/mixed_000802.png,US8T44,mixed,6
images/mixed/mixed_000803.png,ED8DS,mixed,5
images/mixed/mixed_000804.png,IZ0D98X,mixed,7
images/mixed/mixed_000805.png,WWJIHP5,mixed,7
images/mixed/mixed_000806.png,FMPMG70,mixed,7
images/mixed/mixed_000807.png,0K4SUP,mixed,6
images/mixed/mixed_000808.png,9PPDV,mixed,5
images/mixed/mixed_000809.png,MTGXEF0,mixed,7
images/mixed/mixed_000810.png,KYJH2C3U,mixed,8
images/mixed/mixed_000811.png,O3OW9M0,mixed,7
images/mixed/mixed_000812.png,S04GS,mixed,5
images/mixed/mixed_000813.png,J12WI6D,mixed,7
images/mixed/mixed_000814.png,JPU7,mixed,4
images/mixed/mixed_000815.png,FNT0Z3C4,mixed,8
images/mixed/mixed_000816.png,EOWAF1,mixed,6
images/mixed/mixed_000817.png,00JON5M0,mixed,8
images/mixed/mixed_000818.png,3EFR,mixed,4
images/mixed/mixed_000819.png,Y0S,mixed,3
images/mixed/mixed_000820.png,6FE2K,mixed,5
images/mixed/mixed_000821.png,N0HGFYY1,mixed,8
images/mixed/mixed_000822.png,1F5DRVVQ,mixed,8
images/mixed/mixed_000823.png,29C23Q,mixed,6
images/mixed/mixed_000824.png,T6U,mixed,3
images/mixed/mixed_000825.png,U309M8I,mixed,7
images/mixed/mixed_000826.png,5WP49E1V,mixed,8
images/mixed/mixed_000827.png,NL2,mixed,3
images/mixed/mixed_000828.png,RDZNPEX4,mixed,8
images/mixed/mixed_000829.png,PV3IT9,mixed,6
images/mixed/mixed_000830.png,ZB8C,mixed,4
images/mixed/mixed_000831.png,RNR7,mixed,4
images/mixed/mixed_000832.png,I1DS,mixed,4
images/mixed/mixed_000833.png,4IWA3E,mixed,6
images/mixed/mixed_000834.png,2IKKI,mixed,5
images/mixed/mixed_000835.png,PT3L17X,mixed,7
images/mixed/mixed_000836.png,1SXQ,mixed,4
images/mixed/mixed_000837.png,R43,mixed,3
images/mixed/mixed_000838.png,Q5S,mixed,3
images/mixed/mixed_000839.png,14ODVV,mixed,6
images/mixed/mixed_000840.png,YUYEV564,mixed,8
images/mixed/mixed_000841.png,Y1I5V,mixed,5
images/mixed/mixed_000842.png,3VL70,mixed,5
images/mixed/mixed_000843.png,B1TAX1U,mixed,7
images/mixed/mixed_000844.png,J1BIGGL1,mixed,8
images/mixed/mixed_000845.png,0B0YUDH6,mixed,8
images/mixed/mixed_000846.png,AK7HC,mixed,5
images/mixed/mixed_000847.png,R1AW,mixed,4
images/mixed/mixed_000848.png,3EJ7Y,mixed,5
images/mixed/mixed_000849.png,5SIR9Z,mixed,6
images/mixed/mixed_000850.png,6YK9L8C,mixed,7
images/mixed/mixed_000851.png,EDNTHW37,mixed,8
images/mixed/mixed_000852.png,1AF8NM,mixed,6
images/mixed/mixed_000853.png,BL0,mixed,3
images/mixed/mixed_000854.png,ZNXIS49,mixed,7
images/mixed/mixed_000855.png,W5JXT1Y,mixed,7
images/mixed/mixed_000856.png,QUE8HCV,mixed,7
images/mixed/mixed_000857.png,D79DT8D,mixed,7
images/mixed/mixed_000858.png,TY7UWKJA,mixed,8
images/mixed/mixed_000859.png,HWO4AO,mixed,6
images/mixed/mixed_000860.png,CRQB0U,mixed,6
images/mixed/mixed_000861.png,5XBVJ3O,mixed,7
images/mixed/mixed_000862.png,52F7T,mixed,5
images/mixed/mixed_000863.png,VZ35M,mixed,5
images/mixed/mixed_000864.png,H2H,mixed,3
images/mixed/mixed_000865.png,KUW964,mixed,6
images/mixed/mixed_000866.png,4QV8,mixed,4
images/mixed/mixed_000867.png,0RMJ,mixed,4
images/mixed/mixed_000868.png,07OKB,mixed,5
images/mixed/mixed_000869.png,EIP5G73J,mixed,8
images/mixed/mixed_000870.png,1UKW,mixed,4
images/mixed/mixed_000871.png,TY3,mixed,3
images/mixed/mixed_000872.png,GKTS2,mixed,5
images/mixed/mixed_000873.png,644D66F,mixed,7
images/mixed/mixed_000874.png,PYJ30,mixed,5
images/mixed/mixed_000875.png,JEKOQK69,mixed,8
images/mixed/mixed_000876.png,C44XAM,mixed,6
images/mixed/mixed_000877.png,MCVRV5,mixed,6
images/mixed/mixed_000878.png,TH2K,mixed,4
images/mixed/mixed_000879.png,Q5Z7NV,mixed,6
images/mixed/mixed_000880.png,FMID2,mixed,5
images/mixed/mixed_000881.png,3VU2,mixed,4
images/mixed/mixed_000882.png,N8I904MW,mixed,8
images/mixed/mixed_000883.png,0LB,mixed,3
images/mixed/mixed_000884.png,KXPR3,mixed,5
images/mixed/mixed_000885.png,IHK9P,mixed,5
images/mixed/mixed_000886.png,9TA9V,mixed,5
images/mixed/mixed_000887.png,U7H,mixed,3
images/mixed/mixed_000888.png,NS7,mixed,3
images/mixed/mixed_000889.png,C7Z,mixed,3
images/mixed/mixed_000890.png,DKSU6D,mixed,6
images/mixed/mixed_000891.png,SXRB5,mixed,5
images/mixed/mixed_000892.png,52XC,mixed,4
images/mixed/mixed_000893.png,X2L,mixed,3
images/mixed/mixed_000894.png,TU7Y30,mixed,6
images/mixed/mixed_000895.png,V78KL7Z,mixed,7
images/mixed/mixed_000896.png,X5X41,mixed,5
images/mixed/mixed_000897.png,04YIT,mixed,5
images/mixed/mixed_000898.png,ONP4HJ1,mixed,7
images/mixed/mixed_000899.png,2KLZQR9,mixed,7
images/mixed/mixed_000900.png,GXC3E3R,mixed,7
images/mixed/mixed_000901.png,T39V,mixed,4
images/mixed/mixed_000902.png,2HQT,mixed,4
images/mixed/mixed_000903.png,I5KV93,mixed,6
images/mixed/mixed_000904.png,8D99S6O,mixed,7
images/mixed/mixed_000905.png,Q9EZ44N,mixed,7
images/mixed/mixed_000906.png,0A10UE8,mixed,7
images/mixed/mixed_000907.png,VL8DIJ3R,mixed,8
images/mixed/mixed_000908.png,TC5,mixed,3
images/mixed/mixed_000909.png,AAS2SLF,mixed,7
images/mixed/mixed_000910.png,UPJ9Q2AD,mixed,8
images/mixed/mixed_000911.png,9S5U,mixed,4
images/mixed/mixed_000912.png,EXD4,mixed,4
images/mixed/mixed_000913.png,N0G4,mixed,4
images/mixed/mixed_000914.png,MECXL7Q,mixed,7
images/mixed/mixed_000915.png,OJ9S9G0,mixed,7
images/mixed/mixed_000916.png,3SJND,mixed,5
images/mixed/mixed_000917.png,69JJ,mixed,4
images/mixed/mixed_000918.png,2WFZ971,mixed,7
images/mixed/mixed_000919.png,U3JJ3,mixed,5
images/mixed/mixed_000920.png,JE5,mixed,3
images/mixed/mixed_000921.png,G28,mixed,3
images/mixed/mixed_000922.png,SA15G0,mixed,6
images/mixed/mixed_000923.png,8F70D6,mixed,6
images/mixed/mixed_000924.png,3FO,mixed,3
images/mixed/mixed_000925.png,FB52J5A,mixed,7
images/mixed/mixed_000926.png,5WA,mixed,3
images/mixed/mixed_000927.png,7UB2,mixed,4
images/mixed/mixed_000928.png,Y7CNQXF7,mixed,8
images/mixed/mixed_000929.png,EK3OR,mixed,5
images/mixed/mixed_000930.png,Q5L,mixed,3
images/mixed/mixed_000931.png,ZM4,mixed,3
images/mixed/mixed_000932.png,7W0U27,mixed,6
images/mixed/mixed_000933.png,PGUNR8R,mixed,7
images/mixed/mixed_000934.png,KV4QK,mixed,5
images/mixed/mixed_000935.png,6G3D3EIO,mixed,8
images/mixed/mixed_000936.png,ZD5,mixed,3
images/mixed/mixed_000937.png,2KTHCRL4,mixed,8
images/mixed/mixed_000938.png,O2R,mixed,3
images/mixed/mixed_000939.png,RL9W3,mixed,5
images/mixed/mixed_000940.png,NWT3V0LD,mixed,8
images/mixed/mixed_000941.png,8BQ6,mixed,4
images/mixed/mixed_000942.png,S3SY3,mixed,5
images/mixed/mixed_000943.png,9H3F4R,mixed,6
images/mixed/mixed_000944.png,OW9MS,mixed,5
images/mixed/mixed_000945.png,0OH8ME,mixed,6
images/mixed/mixed_000946.png,NT12,mixed,4
images/mixed/mixed_000947.png,V45R,mixed,4
images/mixed/mixed_000948.png,V4ICZ6,mixed,6
images/mixed/mixed_000949.png,089MQ20,mixed,7
images/mixed/mixed_000950.png,N354R,mixed,5
images/mixed/mixed_000951.png,R8H2L,mixed,5
images/mixed/mixed_000952.png,3S14U,mixed,5
images/mixed/mixed_000953.png,AHQ4V2M,mixed,7
images/mixed/mixed_000954.png,NG1D,mixed,4
images/mixed/mixed_000955.png,4FU1,mixed,4
images/mixed/mixed_000956.png,433TT1QE,mixed,8
images/mixed/mixed_000957.png,7B3ZKD4J,mixed,8
images/mixed/mixed_000958.png,55I,mixed,3
images/mixed/mixed_000959.png,V80N1H,mixed,6
images/mixed/mixed_000960.png,I9I939O,mixed,7
images/mixed/mixed_000961.png,XG8OU4N,mixed,7
images/mixed/mixed_000962.png,26NT8T,mixed,6
images/mixed/mixed_000963.png,U1HW,mixed,4
images/mixed/mixed_000964.png,JDWS3,mixed,5
images/mixed/mixed_000965.png,YD253,mixed,5
images/mixed/mixed_000966.png,FF6Q0UNX,mixed,8
images/mixed/mixed_000967.png,PR3S,mixed,4
images/mixed/mixed_000968.png,CJV3,mixed,4
images/mixed/mixed_000969.png,WXB4B,mixed,5
images/mixed/mixed_000970.png,JU85,mixed,4
images/mixed/mixed_000971.png,MY1ODP84,mixed,8
images/mixed/mixed_000972.png,7NP,mixed,3
images/mixed/mixed_000973.png,Z584D1,mixed,6
images/mixed/mixed_000974.png,A6CI82BF,mixed,8
images/mixed/mixed_000975.png,4F4A4Y,mixed,6
images/mixed/mixed_000976.png,9BXX,mixed,4
images/mixed/mixed_000977.png,IGJXQ3BP,mixed,8
images/mixed/mixed_000978.png,HB3U,mixed,4
images/mixed/mixed_000979.png,W8IHY9M,mixed,7
images/mixed/mixed_000980.png,ZQQ659P0,mixed,8
images/mixed/mixed_000981.png,BH1R5,mixed,5
images/mixed/mixed_000982.png,7F5,mixed,3
images/mixed/mixed_000983.png,0YXT11F,mixed,7
images/mixed/mixed_000984.png,668KK7X7,mixed,8
images/mixed/mixed_000985.png,JDG86,mixed,5
images/mixed/mixed_000986.png,2HQWM,mixed,5
images/mixed/mixed_000987.png,1W8GU,mixed,5
images/mixed/mixed_000988.png,1F7W5,mixed,5
images/mixed/mixed_000989.png,5U4,mixed,3
images/mixed/mixed_000990.png,ZT4,mixed,3
images/mixed/mixed_000991.png,D34W,mixed,4
images/mixed/mixed_000992.png,XSAL0GV,mixed,7
images/mixed/mixed_000993.png,OISH2N92,mixed,8
images/mixed/mixed_000994.png,XWR41OP,mixed,7
images/mixed/mixed_000995.png,H8C4398U,mixed,8
images/mixed/mixed_000996.png,OQZ63PE,mixed,7
images/mixed/mixed_000997.png,0JFEI9N,mixed,7
images/mixed/mixed_000998.png,IZED4FG,mixed,7
images/mixed/mixed_000999.png,I1V8D,mixed,5
images/mixed/mixed_001000.png,3SN,mixed,3
images/mixed/mixed_001001.png,11P,mixed,3
images/mixed/mixed_001002.png,57IKCT,mixed,6
images/mixed/mixed_001003.png,FVUTL3,mixed,6
images/mixed/mixed_001004.png,UV9,mixed,3
images/mixed/mixed_001005.png,9HURM6,mixed,6
images/mixed/mixed_001006.png,3OJT,mixed,4
images/mixed/mixed_001007.png,VY1NUK8G,mixed,8
images/mixed/mixed_001008.png,91TPP7,mixed,6
images/mixed/mixed_001009.png,CO0,mixed,3
images/mixed/mixed_001010.png,7WFFMNO,mixed,7
images/mixed/mixed_001011.png,7H90HR,mixed,6
images/mixed/mixed_001012.png,0D4BS12W,mixed,8
images/mixed/mixed_001013.png,Q37,mixed,3
images/mixed/mixed_001014.png,R1SVC,mixed,5
images/mixed/mixed_001015.png,O83S4,mixed,5
images/mixed/mixed_001016.png,D3N,mixed,3
images/mixed/mixed_001017.png,FT94N,mixed,5
images/mixed/mixed_001018.png,9O1HM,mixed,5
images/mixed/mixed_001019.png,AUK0,mixed,4
images/mixed/mixed_001020.png,ZSBWK1X,mixed,7
images/mixed/mixed_001021.png,CWU6UU,mixed,6
images/mixed/mixed_001022.png,CO4X7I,mixed,6
images/mixed/mixed_001023.png,070RUM3E,mixed,8
images/mixed/mixed_001024.png,2YS,mixed,3
images/mixed/mixed_001025.png,B4PDW5YX,mixed,8
images/mixed/mixed_001026.png,HO81X5DH,mixed,8
images/mixed/mixed_001027.png,V9K3,mixed,4
images/mixed/mixed_001028.png,I5U2W,mixed,5
images/mixed/mixed_001029.png,8WEM3AT3,mixed,8
images/mixed/mixed_001030.png,Q0ROO3,mixed,6
images/mixed/mixed_001031.png,56HUW50I,mixed,8
images/mixed/mixed_001032.png,QBAYX8,mixed,6
images/mixed/mixed_001033.png,1C2CR,mixed,5
images/mixed/mixed_001034.png,FPUNUY7,mixed,7
images/mixed/mixed_001035.png,G6X,mixed,3
images/mixed/mixed_001036.png,A2QYJ6AI,mixed,8
images/mixed/mixed_001037.png,VX9R0Y8,mixed,7
images/mixed/mixed_001038.png,SWY49R,mixed,6
images/mixed/mixed_001039.png,4WUE,mixed,4
images/mixed/mixed_001040.png,A7S6M8G7,mixed,8
images/mixed/mixed_001041.png,0S67,mixed,4
images/mixed/mixed_001042.png,VL17OQ,mixed,6
images/mixed/mixed_001043.png,8RV,mixed,3
images/mixed/mixed_001044.png,65V0WA,mixed,6
images/mixed/mixed_001045.png,FK0X8K,mixed,6
images/mixed/mixed_001046.png,9JRC,mixed,4
images/mixed/mixed_001047.png,4DDI78II,mixed,8
images/mixed/mixed_001048.png,GCH1L13,mixed,7
images/mixed/mixed_001049.png,0C3CDD,mixed,6
images/mixed/mixed_001050.png,NLK7D3ER,mixed,8
images/mixed/mixed_001051.png,E2E48WGE,mixed,8
images/mixed/mixed_001052.png,YII3D,mixed,5
images/mixed/mixed_001053.png,1A3B,mixed,4
images/mixed/mixed_001054.png,TNTIN02L,mixed,8
images/mixed/mixed_001055.png,ANSM6W,mixed,6
images/mixed/mixed_001056.png,IIHV0O,mixed,6
images/mixed/mixed_001057.png,K2FJ,mixed,4
images/mixed/mixed_001058.png,80H,mixed,3
images/mixed/mixed_001059.png,878RMVY,mixed,7
images/mixed/mixed_001060.png,HWXTN5ZH,mixed,8
images/mixed/mixed_001061.png,U4P8AFPT,mixed,8
images/mixed/mixed_001062.png,AHOB4LGN,mixed,8
images/mixed/mixed_001063.png,5H2V98,mixed,6
images/mixed/mixed_001064.png,1JSP,mixed,4
images/mixed/mixed_001065.png,V4XELHJ,mixed,7
images/mixed/mixed_001066.png,0YMV216,mixed,7
images/mixed/mixed_001067.png,A3GXXZV7,mixed,8
images/mixed/mixed_001068.png,YKP7A,mixed,5
images/mixed/mixed_001069.png,Q5L09,mixed,5
images/mixed/mixed_001070.png,VBN8R,mixed,5
images/mixed/mixed_001071.png,4S4G0Y,mixed,6
images/mixed/mixed_001072.png,ZDB91V,mixed,6
images/mixed/mixed_001073.png,CPK96DC,mixed,7
images/mixed/mixed_001074.png,23KY2R6,mixed,7
images/mixed/mixed_001075.png,8Y7CLRA,mixed,7
images/mixed/mixed_001076.png,QN517K,mixed,6
images/mixed/mixed_001077.png,E2GRLV5X,mixed,8
images/mixed/mixed_001078.png,07YHKX8N,mixed,8
images/mixed/mixed_001079.png,VRNY362,mixed,7
images/mixed/mixed_001080.png,B67,mixed,3
images/mixed/mixed_001081.png,Q6OK0,mixed,5
images/mixed/mixed_001082.png,OC88RV72,mixed,8
images/mixed/mixed_001083.png,LU9P5L7,mixed,7
images/mixed/mixed_001084.png,6PIGUZN8,mixed,8
images/mixed/mixed_001085.png,XC6,mixed,3
images/mixed/mixed_001086.png,ND6JT,mixed,5
images/mixed/mixed_001087.png,8Z07,mixed,4
images/mixed/mixed_001088.png,NZWBY9R3,mixed,8
images/mixed/mixed_001089.png,79MT9A,mixed,6
images/mixed/mixed_001090.png,YL8,mixed,3
images/mixed/mixed_001091.png,B08PYE,mixed,6
images/mixed/mixed_001092.png,I82,mixed,3
images/mixed/mixed_001093.png,H0X,mixed,3
images/mixed/mixed_001094.png,5FJNVWTP,mixed,8
images/mixed/mixed_001095.png,JWUEJ5,mixed,6
images/mixed/mixed_001096.png,WDMCQ31X,mixed,8
images/mixed/mixed_001097.png,QNV31D,mixed,6
images/mixed/mixed_001098.png,W4751,mixed,5
images/mixed/mixed_001099.png,7FBVJC,mixed,6
images/mixed/mixed_001100.png,7IIFC,mixed,5
images/mixed/mixed_001101.png,4T0,mixed,3
images/mixed/mixed_001102.png,Z85XF62,mixed,7
images/mixed/mixed_001103.png,2AL,mixed,3
images/mixed/mixed_001104.png,37FYE,mixed,5
images/mixed/mixed_001105.png,M7Q,mixed,3
images/mixed/mixed_001106.png,O5CAT,mixed,5
images/mixed/mixed_001107.png,1BI89A,mixed,6
images/mixed/mixed_001108.png,9GIVZUNK,mixed,8
images/mixed/mixed_001109.png,T0Y,mixed,3
images/mixed/mixed_001110.png,CFS0QC,mixed,6
images/mixed/mixed_001111.png,DGW5RD,mixed,6
images/mixed/mixed_001112.png,0CDG7,mixed,5
images/mixed/mixed_001113.png,XQWHD7NU,mixed,8
images/mixed/mixed_001114.png,4VTR0FK,mixed,7
images/mixed/mixed_001115.png,R9CWE,mixed,5
images/mixed/mixed_001116.png,VLS2Y7,mixed,6
images/mixed/mixed_001117.png,Y5R6K,mixed,5
images/mixed/mixed_001118.png,S110R,mixed,5
images/mixed/mixed_001119.png,4LN9CU7,mixed,7
images/mixed/mixed_001120.png,02J,mixed,3
images/mixed/mixed_001121.png,WOX942I,mixed,7
images/mixed/mixed_001122.png,G0EP71M,mixed,7
images/mixed/mixed_001123.png,FMWR04,mixed,6
images/mixed/mixed_001124.png,M50BH7,mixed,6
images/mixed/mixed_001125.png,WHBMB5,mixed,6
images/mixed/mixed_001126.png,3JLE4L0Z,mixed,8
images/mixed/mixed_001127.png,1XQ8,mixed,4
images/mixed/mixed_001128.png,ZRC5W,mixed,5
images/mixed/mixed_001129.png,VGJJ9M,mixed,6
images/mixed/mixed_001130.png,JRATV3XY,mixed,8
images/mixed/mixed_001131.png,YW90N2,mixed,6
images/mixed/mixed_001132.png,P2M6NL,mixed,6
images/mixed/mixed_001133.png,UR2FRG,mixed,6
images/mixed/mixed_001134.png,1EAJLZY,mixed,7
images/mixed/mixed_001135.png,QVT6L9,mixed,6
images/mixed/mixed_001136.png,3XXWY4,mixed,6
images/mixed/mixed_001137.png,8M0J,mixed,4
images/mixed/mixed_001138.png,TO49L7V0,mixed,8
images/mixed/mixed_001139.png,LL4H,mixed,4
images/mixed/mixed_001140.png,JSK0ZL6,mixed,7
images/mixed/mixed_001141.png,8NWZ,mixed,4
images/mixed/mixed_001142.png,P7H,mixed,3
images/mixed/mixed_001143.png,TOQYB0MU,mixed,8
images/mixed/mixed_001144.png,W3E,mixed,3
images/mixed/mixed_001145.png,ZP2D3U1K,mixed,8
images/mixed/mixed_001146.png,XTYBM5,mixed,6
images/mixed/mixed_001147.png,8U3FPZE,mixed,7
images/mixed/mixed_001148.png,JNCBC2F,mixed,7
images/mixed/mixed_001149.png,E8J,mixed,3
images/mixed/mixed_001150.png,HI6C86HI,mixed,8
images/mixed/mixed_001151.png,XDY4C,mixed,5
images/mixed/mixed_001152.png,879MX3,mixed,6
images/mixed/mixed_001153.png,Y8J61NT,mixed,7
images/mixed/mixed_001154.png,AUD3P,mixed,5
images/mixed/mixed_001155.png,B93XMXJ,mixed,7
images/mixed/mixed_001156.png,3NY,mixed,3
images/mixed/mixed_001157.png,1IDDK,mixed,5
images/mixed/mixed_001158.png,0DRXY,mixed,5
images/mixed/mixed_001159.png,H81LJ,mixed,5
images/mixed/mixed_001160.png,6WCC5,mixed,5
images/mixed/mixed_001161.png,JDBBDA8,mixed,7
images/mixed/mixed_001162.png,LS629CL8,mixed,8
images/mixed/mixed_001163.png,11T,mixed,3
images/mixed/mixed_001164.png,50IZM0V4,mixed,8
images/mixed/mixed_001165.png,DUN17X,mixed,6
images/mixed/mixed_001166.png,4T1X82,mixed,6
images/mixed/mixed_001167.png,0NM037NO,mixed,8
images/mixed/mixed_001168.png,05J4J,mixed,5
images/mixed/mixed_001169.png,H4B68,mixed,5
images/mixed/mixed_001170.png,22F,mixed,3
images/mixed/mixed_001171.png,79W,mixed,3
images/mixed/mixed_001172.png,T0Z,mixed,3
images/mixed/mixed_001173.png,9Y5,mixed,3
images/mixed/mixed_001174.png,99H93VAV,mixed,8
images/mixed/mixed_001175.png,KK1WOD,mixed,6
images/mixed/mixed_001176.png,0HOI7QKM,mixed,8
images/mixed/mixed_001177.png,Q9TG,mixed,4
images/mixed/mixed_001178.png,DJ2CIOS,mixed,7
images/mixed/mixed_001179.png,GI27WXFK,mixed,8
images/mixed/mixed_001180.png,5P5,mixed,3
images/mixed/mixed_001181.png,PKHK4,mixed,5
images/mixed/mixed_001182.png,PFI4,mixed,4
images/mixed/mixed_001183.png,H82,mixed,3
images/mixed/mixed_001184.png,7EKKS13U,mixed,8
images/mixed/mixed_001185.png,O5JVQ0,mixed,6
images/mixed/mixed_001186.png,59POD7,mixed,6
images/mixed/mixed_001187.png,8TDX9,mixed,5
images/mixed/mixed_001188.png,2L6S3,mixed,5
images/mixed/mixed_001189.png,DDIZ8,mixed,5
images/mixed/mixed_001190.png,ZJ1,mixed,3
images/mixed/mixed_001191.png,PS6,mixed,3
images/mixed/mixed_001192.png,3N4,mixed,3
images/mixed/mixed_001193.png,KIAMX07,mixed,7
images/mixed/mixed_001194.png,1991EEE,mixed,7
images/mixed/mixed_001195.png,KM53YQCI,mixed,8
images/mixed/mixed_001196.png,Q1NVC89,mixed,7
images/mixed/mixed_001197.png,VBQU0,mixed,5
images/mixed/mixed_001198.png,OHMIQFD2,mixed,8
images/mixed/mixed_001199.png,5T4GBFWD,mixed,8
images/mixed/mixed_001200.png,T8N,mixed,3
images/mixed/mixed_001201.png,L7H,mixed,3
images/mixed/mixed_001202.png,N210SZA,mixed,7
images/mixed/mixed_001203.png,V9Y,mixed,3
images/mixed/mixed_001204.png,VP05Z,mixed,5
images/mixed/mixed_001205.png,VC02U,mixed,5
images/mixed/mixed_001206.png,J25DC,mixed,5
images/mixed/mixed_001207.png,4PL,mixed,3
images/mixed/mixed_001208.png,8GAGQG,mixed,6
images/mixed/mixed_001209.png,1ZQUI,mixed,5
images/mixed/mixed_001210.png,3OM2JH,mixed,6
images/mixed/mixed_001211.png,B1H,mixed,3
images/mixed/mixed_001212.png,WGY62,mixed,5
images/mixed/mixed_001213.png,MA0EJL,mixed,6
images/mixed/mixed_001214.png,0HZ7F,mixed,5
images/mixed/mixed_001215.png,HM5VG79Y,mixed,8
images/mixed/mixed_001216.png,44T7D,mixed,5
images/mixed/mixed_001217.png,19IJ,mixed,4
images/mixed/mixed_001218.png,8V0C,mixed,4
images/mixed/mixed_001219.png,9AQP26YT,mixed,8
images/mixed/mixed_001220.png,X4PE,mixed,4
images/mixed/mixed_001221.png,23XCSG3V,mixed,8
images/mixed/mixed_001222.png,XMYGD5I,mixed,7
images/mixed/mixed_001223.png,0ZDFHHT,mixed,7
images/mixed/mixed_001224.png,PPQ632BX,mixed,8
images/mixed/mixed_001225.png,S0L,mixed,3
images/mixed/mixed_001226.png,N6JZ,mixed,4
images/mixed/mixed_001227.png,F8555REQ,mixed,8
images/mixed/mixed_001228.png,SG1QK,mixed,5
images/mixed/mixed_001229.png,8SK4233,mixed,7
images/mixed/mixed_001230.png,KI6UA0,mixed,6
images/mixed/mixed_001231.png,7UL36SB,mixed,7
images/mixed/mixed_001232.png,IK87X4,mixed,6
images/mixed/mixed_001233.png,R2X5IJRD,mixed,8
images/mixed/mixed_001234.png,SCAWKZ99,mixed,8
images/mixed/mixed_001235.png,HW3J325,mixed,7
images/mixed/mixed_001236.png,JGJ4,mixed,4
images/mixed/mixed_001237.png,J7I,mixed,3
images/mixed/mixed_001238.png,KN0S2T8R,mixed,8
images/mixed/mixed_001239.png,SSH202PN,mixed,8
images/mixed/mixed_001240.png,KH3VR,mixed,5
images/mixed/mixed_001241.png,T73NN5GS,mixed,8
images/mixed/mixed_001242.png,9V8A,mixed,4
images/mixed/mixed_001243.png,I1J,mixed,3
images/mixed/mixed_001244.png,D23,mixed,3
images/mixed/mixed_001245.png,QDUK3A,mixed,6
images/mixed/mixed_001246.png,C8E28B0O,mixed,8
images/mixed/mixed_001247.png,VP2,mixed,3
images/mixed/mixed_001248.png,3CXIM,mixed,5
images/mixed/mixed_001249.png,TJIO70WP,mixed,8
images/mixed/mixed_001250.png,AR7K58,mixed,6
images/mixed/mixed_001251.png,SZBT247N,mixed,8
images/mixed/mixed_001252.png,LV5723,mixed,6
images/mixed/mixed_001253.png,2UVVPLBW,mixed,8
images/mixed/mixed_001254.png,U0J,mixed,3
images/mixed/mixed_001255.png,1FMN5,mixed,5
images/mixed/mixed_001256.png,I62W,mixed,4
images/mixed/mixed_001257.png,E5EH5,mixed,5
images/mixed/mixed_001258.png,32FXBZC1,mixed,8
images/mixed/mixed_001259.png,JUTRK81I,mixed,8
images/mixed/mixed_001260.png,LOCQ8,mixed,5
images/mixed/mixed_001261.png,B4VB,mixed,4
images/mixed/mixed_001262.png,V7AQDLT,mixed,7
images/mixed/mixed_001263.png,A2WV,mixed,4
images/mixed/mixed_001264.png,5ZIMDQS5,mixed,8
images/mixed/mixed_001265.png,3KH,mixed,3
images/mixed/mixed_001266.png,1G8,mixed,3
images/mixed/mixed_001267.png,DP2392,mixed,6
images/mixed/mixed_001268.png,3G53BV,mixed,6
images/mixed/mixed_001269.png,OM1,mixed,3
images/mixed/mixed_001270.png,HU6A,mixed,4
images/mixed/mixed_001271.png,T9T,mixed,3
images/mixed/mixed_001272.png,ZG0B,mixed,4
images/mixed/mixed_001273.png,4WLU9MUD,mixed,8
images/mixed/mixed_001274.png,8A1,mixed,3
images/mixed/mixed_001275.png,6XZ5S,mixed,5
images/mixed/mixed_001276.png,3F5527,mixed,6
images/mixed/mixed_001277.png,HG6,mixed,3
images/mixed/mixed_001278.png,S6V5RMTB,mixed,8
images/mixed/mixed_001279.png,U6L,mixed,3
images/mixed/mixed_001280.png,JHEO6716,mixed,8
images/mixed/mixed_001281.png,1NJ56DZE,mixed,8
images/mixed/mixed_001282.png,QLL2YF,mixed,6
images/mixed/mixed_001283.png,S65,mixed,3
images/mixed/mixed_001284.png,01H1N,mixed,5
images/mixed/mixed_001285.png,494LA,mixed,5
images/mixed/mixed_001286.png,2HEU2N,mixed,6
images/mixed/mixed_001287.png,2JB,mixed,3
images/mixed/mixed_001288.png,BZBZ93SR,mixed,8
images/mixed/mixed_001289.png,Q2VJ9,mixed,5
images/mixed/mixed_001290.png,EE5S9,mixed,5
images/mixed/mixed_001291.png,R5AV,mixed,4
images/mixed/mixed_001292.png,9HYOF,mixed,5
images/mixed/mixed_001293.png,9XJR6GR,mixed,7
images/mixed/mixed_001294.png,BM6BF7CY,mixed,8
images/mixed/mixed_001295.png,DXCW145K,mixed,8
images/mixed/mixed_001296.png,9QR2I6,mixed,6
images/mixed/mixed_001297.png,7YC,mixed,3
images/mixed/mixed_001298.png,9AQO,mixed,4
images/mixed/mixed_001299.png,AG8,mixed,3
images/mixed/mixed_001300.png,MP00,mixed,4
images/mixed/mixed_001301.png,W4QZ,mixed,4
images/mixed/mixed_001302.png,SL1,mixed,3
images/mixed/mixed_001303.png,NZJ8,mixed,4
images/mixed/mixed_001304.png,D73SU,mixed,5
images/mixed/mixed_001305.png,PV00,mixed,4
images/mixed/mixed_001306.png,ZMGCW3O,mixed,7
images/mixed/mixed_001307.png,SUJ6,mixed,4
images/mixed/mixed_001308.png,11OGKX8H,mixed,8
images/mixed/mixed_001309.png,WTK9Q9J1,mixed,8
images/mixed/mixed_001310.png,IIFZP66,mixed,7
images/mixed/mixed_001311.png,3VH,mixed,3
images/mixed/mixed_001312.png,VMWRCY70,mixed,8
images/mixed/mixed_001313.png,EEC9T4,mixed,6
images/mixed/mixed_001314.png,VEWI5JMJ,mixed,8
images/mixed/mixed_001315.png,NJ31NF,mixed,6
images/mixed/mixed_001316.png,VG83,mixed,4
images/mixed/mixed_001317.png,JB81E9Q8,mixed,8
images/mixed/mixed_001318.png,R7U,mixed,3
images/mixed/mixed_001319.png,R3A,mixed,3
images/mixed/mixed_001320.png,8NTJ545G,mixed,8
images/mixed/mixed_001321.png,Y2JA2,mixed,5
images/mixed/mixed_001322.png,DWBB6JC,mixed,7
images/mixed/mixed_001323.png,6GC4,mixed,4
images/mixed/mixed_001324.png,KRP5C3A,mixed,7
images/mixed/mixed_001325.png,4MT,mixed,3
images/mixed/mixed_001326.png,FIS5,mixed,4
images/mixed/mixed_001327.png,1MUOX1MU,mixed,8
images/mixed/mixed_001328.png,97RCL,mixed,5
images/mixed/mixed_001329.png,HTE8B,mixed,5
images/mixed/mixed_001330.png,ON5,mixed,3
images/mixed/mixed_001331.png,PF0MD1U6,mixed,8
images/mixed/mixed_001332.png,T6O291LA,mixed,8
images/mixed/mixed_001333.png,0PR07ERP,mixed,8
images/mixed/mixed_001334.png,0FC2,mixed,4
images/mixed/mixed_001335.png,UOF0,mixed,4
images/mixed/mixed_001336.png,6GW,mixed,3
images/mixed/mixed_001337.png,A5X,mixed,3
images/mixed/mixed_001338.png,O9S,mixed,3
images/mixed/mixed_001339.png,I146,mixed,4
images/mixed/mixed_001340.png,72BS,mixed,4
images/mixed/mixed_001341.png,OJ9L,mixed,4
images/mixed/mixed_001342.png,21LT,mixed,4
images/mixed/mixed_001343.png,Q49,mixed,3
images/mixed/mixed_001344.png,7W4S8BB,mixed,7
images/mixed/mixed_001345.png,VD7K,mixed,4
images/mixed/mixed_001346.png,G9TMWJ,mixed,6
images/mixed/mixed_001347.png,T4EBFJYU,mixed,8
images/mixed/mixed_001348.png,9GXH,mixed,4
images/mixed/mixed_001349.png,W3Y5,mixed,4
images/mixed/mixed_001350.png,O84,mixed,3
images/mixed/mixed_001351.png,SNCN0,mixed,5
images/mixed/mixed_001352.png,M3T67XP,mixed,7
images/mixed/mixed_001353.png,RH9NUM97,mixed,8
images/mixed/mixed_001354.png,P3ZE405R,mixed,8
images/mixed/mixed_001355.png,T7B0,mixed,4
images/mixed/mixed_001356.png,2IUW6XT0,mixed,8
images/mixed/mixed_001357.png,TPN2OBY,mixed,7
images/mixed/mixed_001358.png,SXXRFN2,mixed,7
images/mixed/mixed_001359.png,WM5E,mixed,4
images/mixed/mixed_001360.png,2NAP9D,mixed,6
images/mixed/mixed_001361.png,LTHSI67,mixed,7
images/mixed/mixed_001362.png,BP3MOJW,mixed,7
images/mixed/mixed_001363.png,PAY8Y1GY,mixed,8
images/mixed/mixed_001364.png,H5IL,mixed,4
images/mixed/mixed_001365.png,9H1FTHVR,mixed,8
images/mixed/mixed_001366.png,SW6J3H3M,mixed,8
images/mixed/mixed_001367.png,63UYJHT5,mixed,8
images/mixed/mixed_001368.png,V791,mixed,4
images/mixed/mixed_001369.png,74RMJ,mixed,5
images/mixed/mixed_001370.png,OS4MR93,mixed,7
images/mixed/mixed_001371.png,D8BG4,mixed,5
images/mixed/mixed_001372.png,7BWE,mixed,4
images/mixed/mixed_001373.png,2LKHM9RZ,mixed,8
images/mixed/mixed_001374.png,6UBDLXXP,mixed,8
images/mixed/mixed_001375.png,X1O2DQW,mixed,7
images/mixed/mixed_001376.png,K49EXG6,mixed,7
images/mixed/mixed_001377.png,32WLUT,mixed,6
images/mixed/mixed_001378.png,909MG,mixed,5
images/mixed/mixed_001379.png,7G9,mixed,3
images/mixed/mixed_001380.png,U2KX,mixed,4
images/mixed/mixed_001381.png,YT0BZI,mixed,6
images/mixed/mixed_001382.png,VPRNY7,mixed,6
images/mixed/mixed_001383.png,R5XBR1BG,mixed,8
images/mixed/mixed_001384.png,9Q6T,mixed,4
images/mixed/mixed_001385.png,17CUA1,mixed,6
images/mixed/mixed_001386.png,H3O0,mixed,4
images/mixed/mixed_001387.png,24N3EBU5,mixed,8
images/mixed/mixed_001388.png,CZO95V6Q,mixed,8
images/mixed/mixed_001389.png,P42DGHS,mixed,7
images/mixed/mixed_001390.png,93RKUN2O,mixed,8
images/mixed/mixed_001391.png,3U9,mixed,3
images/mixed/mixed_001392.png,AE68,mixed,4
images/mixed/mixed_001393.png,OGJ3Q,mixed,5
images/mixed/mixed_001394.png,Z8M6,mixed,4
images/mixed/mixed_001395.png,IN2,mixed,3
images/mixed/mixed_001396.png,UV8QI,mixed,5
images/mixed/mixed_001397.png,6QY,mixed,3
images/mixed/mixed_001398.png,L40,mixed,3
images/mixed/mixed_001399.png,2NI37,mixed,5
images/mixed/mixed_001400.png,41K,mixed,3
images/mixed/mixed_001401.png,NQYGVL9D,mixed,8
images/mixed/mixed_001402.png,SP7,mixed,3
images/mixed/mixed_001403.png,TQYCJ8Z,mixed,7
images/mixed/mixed_001404.png,29QPV6,mixed,6
images/mixed/mixed_001405.png,Q8ORA,mixed,5
images/mixed/mixed_001406.png,WOIR3,mixed,5
images/mixed/mixed_001407.png,Y353,mixed,4
images/mixed/mixed_001408.png,K7UT9O,mixed,6
images/mixed/mixed_001409.png,NEHFXO5K,mixed,8
images/mixed/mixed_001410.png,RH45687,mixed,7
images/mixed/mixed_001411.png,7NB8,mixed,4
images/mixed/mixed_001412.png,0FLVMFL,mixed,7
images/mixed/mixed_001413.png,0KY,mixed,3
images/mixed/mixed_001414.png,VWW0Q1,mixed,6
images/mixed/mixed_001415.png,U0EKDZJ4,mixed,8
images/mixed/mixed_001416.png,L1NEWZUX,mixed,8
images/mixed/mixed_001417.png,13GPFMTG,mixed,8
images/mixed/mixed_001418.png,X0UM,mixed,4
images/mixed/mixed_001419.png,NZEJ3P,mixed,6
images/mixed/mixed_001420.png,VT4MSU91,mixed,8
images/mixed/mixed_001421.png,2ML,mixed,3
images/mixed/mixed_001422.png,0F0J0,mixed,5
images/mixed/mixed_001423.png,G1R2DT,mixed,6
images/mixed/mixed_001424.png,I83S,mixed,4
images/mixed/mixed_001425.png,D3M2XW1,mixed,7
images/mixed/mixed_001426.png,10Q,mixed,3
images/mixed/mixed_001427.png,NR7O7Z,mixed,6
images/mixed/mixed_001428.png,IDVJV8N3,mixed,8
images/mixed/mixed_001429.png,4E48CTMP,mixed,8
images/mixed/mixed_001430.png,V6A6,mixed,4
images/mixed/mixed_001431.png,QRPML9,mixed,6
images/mixed/mixed_001432.png,6QXT,mixed,4
images/mixed/mixed_001433.png,XUDZ90,mixed,6
images/mixed/mixed_001434.png,B0UZ,mixed,4
images/mixed/mixed_001435.png,1TUG1,mixed,5
images/mixed/mixed_001436.png,WKF7R0,mixed,6
images/mixed/mixed_001437.png,CAHR7,mixed,5
images/mixed/mixed_001438.png,7FJM5O,mixed,6
images/mixed/mixed_001439.png,K3GB5NMZ,mixed,8
images/mixed/mixed_001440.png,4TY,mixed,3
images/mixed/mixed_001441.png,LOOTU3,mixed,6
images/mixed/mixed_001442.png,S5QDT4,mixed,6
images/mixed/mixed_001443.png,0NTZERT,mixed,7
images/mixed/mixed_001444.png,R0RF,mixed,4
images/mixed/mixed_001445.png,NOJ155M,mixed,7
images/mixed/mixed_001446.png,BUU873V,mixed,7
images/mixed/mixed_001447.png,1PEI2,mixed,5
images/mixed/mixed_001448.png,LJUM4S,mixed,6
images/mixed/mixed_001449.png,ZDR02X6,mixed,7
images/mixed/mixed_001450.png,5RK0,mixed,4
images/mixed/mixed_001451.png,2G3L,mixed,4
images/mixed/mixed_001452.png,6LX,mixed,3
images/mixed/mixed_001453.png,0CZG0S,mixed,6
images/mixed/mixed_001454.png,6C8RL2E,mixed,7
images/mixed/mixed_001455.png,N4J8,mixed,4
images/mixed/mixed_001456.png,0MS2,mixed,4
images/mixed/mixed_001457.png,0T3BM,mixed,5
images/mixed/mixed_001458.png,WT5A1,mixed,5
images/mixed/mixed_001459.png,GD2IO1F4,mixed,8
images/mixed/mixed_001460.png,O4K7L58,mixed,7
images/mixed/mixed_001461.png,MY1D,mixed,4
images/mixed/mixed_001462.png,5G5WRR,mixed,6
images/mixed/mixed_001463.png,KOAQWG50,mixed,8
images/mixed/mixed_001464.png,JQJ31P21,mixed,8
images/mixed/mixed_001465.png,CP3,mixed,3
images/mixed/mixed_001466.png,O7YI8C6O,mixed,8
images/mixed/mixed_001467.png,VX5,mixed,3
images/mixed/mixed_001468.png,ES3O1EGC,mixed,8
images/mixed/mixed_001469.png,J0YRP4W3,mixed,8
images/mixed/mixed_001470.png,OER7IAJ,mixed,7
images/mixed/mixed_001471.png,I0UXH,mixed,5
images/mixed/mixed_001472.png,01N3,mixed,4
images/mixed/mixed_001473.png,0VD,mixed,3
images/mixed/mixed_001474.png,Z1Q,mixed,3
images/mixed/mixed_001475.png,2G4Q,mixed,4
images/mixed/mixed_001476.png,SG0,mixed,3
images/mixed/mixed_001477.png,0KB38X,mixed,6
images/mixed/mixed_001478.png,98RCN2,mixed,6
images/mixed/mixed_001479.png,10H1FL,mixed,6
images/mixed/mixed_001480.png,83UUGQCI,mixed,8
images/mixed/mixed_001481.png,J3QJWY,mixed,6
images/mixed/mixed_001482.png,1F3MUK,mixed,6
images/mixed/mixed_001483.png,8HI754,mixed,6
images/mixed/mixed_001484.png,X35903R,mixed,7
images/mixed/mixed_001485.png,3YVSJV24,mixed,8
images/mixed/mixed_001486.png,7XN5JW,mixed,6
images/mixed/mixed_001487.png,B1LV3,mixed,5
images/mixed/mixed_001488.png,A31JW,mixed,5
images/mixed/mixed_001489.png,P2ET,mixed,4
images/mixed/mixed_001490.png,BC6,mixed,3
images/mixed/mixed_001491.png,SFMA7P,mixed,6
images/mixed/mixed_001492.png,LX9T7,mixed,5
images/mixed/mixed_001493.png,9SOT4,mixed,5
images/mixed/mixed_001494.png,CR1M1,mixed,5
images/mixed/mixed_001495.png,LN5,mixed,3
images/mixed/mixed_001496.png,50549DQ,mixed,7
images/mixed/mixed_001497.png,NMAKM7MV,mixed,8
images/mixed/mixed_001498.png,FOVD85,mixed,6
images/mixed/mixed_001499.png,8TG4,mixed,4
images/mixed/mixed_001500.png,41IH3FR,mixed,7
images/mixed/mixed_001501.png,91IRPRW,mixed,7
images/mixed/mixed_001502.png,P46,mixed,3
images/mixed/mixed_001503.png,M44,mixed,3
images/mixed/mixed_001504.png,R5Q,mixed,3
images/mixed/mixed_001505.png,UNC33,mixed,5
images/mixed/mixed_001506.png,S3EQO,mixed,5
images/mixed/mixed_001507.png,RAV8Z,mixed,5
images/mixed/mixed_001508.png,CRZ21,mixed,5
images/mixed/mixed_001509.png,XTJPS4O,mixed,7
images/mixed/mixed_001510.png,GUZ0,mixed,4
images/mixed/mixed_001511.png,OUVF1CWZ,mixed,8
images/mixed/mixed_001512.png,S3M2,mixed,4
images/mixed/mixed_001513.png,UYD4H,mixed,5
images/mixed/mixed_001514.png,M70JEKU2,mixed,8
images/mixed/mixed_001515.png,MJ5,mixed,3
images/mixed/mixed_001516.png,T38,mixed,3
images/mixed/mixed_001517.png,VK4,mixed,3
images/mixed/mixed_001518.png,B0V8,mixed,4
images/mixed/mixed_001519.png,R2Z,mixed,3
images/mixed/mixed_001520.png,Q1C9,mixed,4
images/mixed/mixed_001521.png,F9Y01TGI,mixed,8
images/mixed/mixed_001522.png,JKA7,mixed,4
images/mixed/mixed_001523.png,QLW2Q7,mixed,6
images/mixed/mixed_001524.png,UI6IC,mixed,5
images/mixed/mixed_001525.png,6O9X80W,mixed,7
images/mixed/mixed_001526.png,QDGY91DK,mixed,8
images/mixed/mixed_001527.png,BTD9P,mixed,5
images/mixed/mixed_001528.png,DT7QDF,mixed,6
images/mixed/mixed_001529.png,D1TR,mixed,4
images/mixed/mixed_001530.png,VSK5,mixed,4
images/mixed/mixed_001531.png,MI2,mixed,3
images/mixed/mixed_001532.png,D7BGLM28,mixed,8
images/mixed/mixed_001533.png,0FP,mixed,3
images/mixed/mixed_001534.png,NZ13OD,mixed,6
images/mixed/mixed_001535.png,Y28OP0G,mixed,7
images/mixed/mixed_001536.png,UOG3LD9,mixed,7
images/mixed/mixed_001537.png,R4AN,mixed,4
images/mixed/mixed_001538.png,98JAP1M,mixed,7
images/mixed/mixed_001539.png,L7I,mixed,3
images/mixed/mixed_001540.png,KGV1J,mixed,5
images/mixed/mixed_001541.png,8JV6PD,mixed,6
images/mixed/mixed_001542.png,0OVEI,mixed,5
images/mixed/mixed_001543.png,33F,mixed,3
images/mixed/mixed_001544.png,DN7WIZ,mixed,6
images/mixed/mixed_001545.png,GQYZ3R,mixed,6
images/mixed/mixed_001546.png,EHA1,mixed,4
images/mixed/mixed_001547.png,5XP792J6,mixed,8
images/mixed/mixed_001548.png,80C,mixed,3
images/mixed/mixed_001549.png,7Z0,mixed,3
images/mixed/mixed_001550.png,32TFZ,mixed,5
images/mixed/mixed_001551.png,X6R6,mixed,4
images/mixed/mixed_001552.png,E535V,mixed,5
images/mixed/mixed_001553.png,X9I9Z,mixed,5
images/mixed/mixed_001554.png,LZ4Z,mixed,4
images/mixed/mixed_001555.png,69N,mixed,3
images/mixed/mixed_001556.png,WCHAT264,mixed,8
images/mixed/mixed_001557.png,1K2T0,mixed,5
images/mixed/mixed_001558.png,O9F35DK,mixed,7
images/mixed/mixed_001559.png,KO9ARE0,mixed,7
images/mixed/mixed_001560.png,QJ79JH5,mixed,7
images/mixed/mixed_001561.png,J9Q30VF2,mixed,8
images/mixed/mixed_001562.png,NX3F9U0,mixed,7
images/mixed/mixed_001563.png,DN9T,mixed,4
images/mixed/mixed_001564.png,8SYJ3,mixed,5
images/mixed/mixed_001565.png,AMMY1UPY,mixed,8
images/mixed/mixed_001566.png,B9N,mixed,3
images/mixed/mixed_001567.png,09FG,mixed,4
images/mixed/mixed_001568.png,76VPR4O,mixed,7
images/mixed/mixed_001569.png,B3H,mixed,3
images/mixed/mixed_001570.png,5OWDYB,mixed,6
images/mixed/mixed_001571.png,857XBF,mixed,6
images/mixed/mixed_001572.png,LXWHEV4L,mixed,8
images/mixed/mixed_001573.png,M31,mixed,3
images/mixed/mixed_001574.png,CX8NB9,mixed,6
images/mixed/mixed_001575.png,21ANM,mixed,5
images/mixed/mixed_001576.png,7M5AU,mixed,5
images/mixed/mixed_001577.png,XDCT079,mixed,7
images/mixed/mixed_001578.png,R4RXQNT1,mixed,8
images/mixed/mixed_001579.png,KUEB2,mixed,5
images/mixed/mixed_001580.png,46HC5,mixed,5
images/mixed/mixed_001581.png,L2W,mixed,3
images/mixed/mixed_001582.png,NGAM8INQ,mixed,8
images/mixed/mixed_001583.png,NY9FL,mixed,5
images/mixed/mixed_001584.png,J4JD,mixed,4
images/mixed/mixed_001585.png,GIDL4PP,mixed,7
images/mixed/mixed_001586.png,G1ANW5O,mixed,7
images/mixed/mixed_001587.png,MP208G7,mixed,7
images/mixed/mixed_001588.png,S5VJEY,mixed,6
images/mixed/mixed_001589.png,CARH9,mixed,5
images/mixed/mixed_001590.png,YW5K,mixed,4
images/mixed/mixed_001591.png,CNL1VH8,mixed,7
images/mixed/mixed_001592.png,V6NF1FK9,mixed,8
images/mixed/mixed_001593.png,QX55ZUQW,mixed,8
images/mixed/mixed_001594.png,B64SO6,mixed,6
images/mixed/mixed_001595.png,MD2R,mixed,4
images/mixed/mixed_001596.png,L3CO3JCV,mixed,8
images/mixed/mixed_001597.png,0VQ5P,mixed,5
images/mixed/mixed_001598.png,3Z5ABH,mixed,6
images/mixed/mixed_001599.png,MAKA0,mixed,5
images/mixed/mixed_001600.png,CD2NHY6,mixed,7
images/mixed/mixed_001601.png,IB2,mixed,3
images/mixed/mixed_001602.png,NDDOHLC8,mixed,8
images/mixed/mixed_001603.png,5P7I5W76,mixed,8
images/mixed/mixed_001604.png,PH1VA,mixed,5
images/mixed/mixed_001605.png,Y0SEMWK,mixed,7
images/mixed/mixed_001606.png,RKI92D,mixed,6
images/mixed/mixed_001607.png,JFR28FUS,mixed,8
images/mixed/mixed_001608.png,VGLC6,mixed,5
images/mixed/mixed_001609.png,ZA75RW43,mixed,8
images/mixed/mixed_001610.png,EAN1L4,mixed,6
images/mixed/mixed_001611.png,EM9G0076,mixed,8
images/mixed/mixed_001612.png,TS14Z20H,mixed,8
images/mixed/mixed_001613.png,SH0F,mixed,4
images/mixed/mixed_001614.png,XUTHEV1,mixed,7
images/mixed/mixed_001615.png,LHZO205,mixed,7
images/mixed/mixed_001616.png,QW6HH0K8,mixed,8
images/mixed/mixed_001617.png,GF9LKCM9,mixed,8
images/mixed/mixed_001618.png,DW6,mixed,3
images/mixed/mixed_001619.png,5JQQ,mixed,4
images/mixed/mixed_001620.png,WH1O,mixed,4
images/mixed/mixed_001621.png,U1TEX,mixed,5
images/mixed/mixed_001622.png,3PQ,mixed,3
images/mixed/mixed_001623.png,6XR7,mixed,4
images/mixed/mixed_001624.png,S67JDY,mixed,6
images/mixed/mixed_001625.png,0H59NUEU,mixed,8
images/mixed/mixed_001626.png,8C9GVU19,mixed,8
images/mixed/mixed_001627.png,2NBWX,mixed,5
images/mixed/mixed_001628.png,0V2H68,mixed,6
images/mixed/mixed_001629.png,1ATL4DI,mixed,7
images/mixed/mixed_001630.png,J4G,mixed,3
images/mixed/mixed_001631.png,YU1IM,mixed,5
images/mixed/mixed_001632.png,4O0T3UDB,mixed,8
images/mixed/mixed_001633.png,74M0Z,mixed,5
images/mixed/mixed_001634.png,8X0NBT,mixed,6
images/mixed/mixed_001635.png,CI3,mixed,3
images/mixed/mixed_001636.png,WUH5OQV,mixed,7
images/mixed/mixed_001637.png,GHO88,mixed,5
images/mixed/mixed_001638.png,4WW,mixed,3
images/mixed/mixed_001639.png,3LMXE7CY,mixed,8
images/mixed/mixed_001640.png,DKCWT2QY,mixed,8
images/mixed/mixed_001641.png,QR2,mixed,3
images/mixed/mixed_001642.png,T6E7,mixed,4
images/mixed/mixed_001643.png,GV1T,mixed,4
images/mixed/mixed_001644.png,NK94YP,mixed,6
images/mixed/mixed_001645.png,M6LW3,mixed,5
images/mixed/mixed_001646.png,MC7NU,mixed,5
images/mixed/mixed_001647.png,AV131AZ,mixed,7
images/mixed/mixed_001648.png,LPE52S4,mixed,7
images/mixed/mixed_001649.png,KO90,mixed,4
images/mixed/mixed_001650.png,ZA6O,mixed,4
images/mixed/mixed_001651.png,M3W6U8IC,mixed,8
images/mixed/mixed_001652.png,S74H8,mixed,5
images/mixed/mixed_001653.png,1MSS6,mixed,5
images/mixed/mixed_001654.png,8AJF0PG,mixed,7
images/mixed/mixed_001655.png,2LTN7S,mixed,6
images/mixed/mixed_001656.png,4P27Q,mixed,5
images/mixed/mixed_001657.png,L71,mixed,3
images/mixed/mixed_001658.png,12YHSR50,mixed,8
images/mixed/mixed_001659.png,T6DV,mixed,4
images/mixed/mixed_001660.png,9C73U95,mixed,7
images/mixed/mixed_001661.png,80EQPU,mixed,6
images/mixed/mixed_001662.png,52YSUSZ,mixed,7
images/mixed/mixed_001663.png,O7LIV,mixed,5
images/mixed/mixed_001664.png,6JQ6NX3,mixed,7
images/mixed/mixed_001665.png,SM5B3K,mixed,6
images/mixed/mixed_001666.png,J04H3,mixed,5
images/mixed/mixed_001667.png,D4WHV,mixed,5
images/mixed/mixed_001668.png,RDLOS60,mixed,7
images/mixed/mixed_001669.png,A29UNPJW,mixed,8
images/mixed/mixed_001670.png,Q6CZWV,mixed,6
images/mixed/mixed_001671.png,E5I,mixed,3
images/mixed/mixed_001672.png,DJ0,mixed,3
images/mixed/mixed_001673.png,DHSG08,mixed,6
images/mixed/mixed_001674.png,52WDJ,mixed,5
images/mixed/mixed_001675.png,WT20KFH4,mixed,8
images/mixed/mixed_001676.png,734L3TQ,mixed,7
images/mixed/mixed_001677.png,X48H,mixed,4
images/mixed/mixed_001678.png,UW6EE,mixed,5
images/mixed/mixed_001679.png,SNT11CL9,mixed,8
images/mixed/mixed_001680.png,AKPR6TGJ,mixed,8
images/mixed/mixed_001681.png,IM70MFU,mixed,7
images/mixed/mixed_001682.png,XG54QTZ6,mixed,8
images/mixed/mixed_001683.png,5EC,mixed,3
images/mixed/mixed_001684.png,83C1,mixed,4
images/mixed/mixed_001685.png,F2Q,mixed,3
images/mixed/mixed_001686.png,2CP,mixed,3
images/mixed/mixed_001687.png,95TWPJ,mixed,6
images/mixed/mixed_001688.png,H7C,mixed,3
images/mixed/mixed_001689.png,2UA38A39,mixed,8
images/mixed/mixed_001690.png,83GOXI,mixed,6
images/mixed/mixed_001691.png,CX9UWD,mixed,6
images/mixed/mixed_001692.png,OP0,mixed,3
images/mixed/mixed_001693.png,50G,mixed,3
images/mixed/mixed_001694.png,RC6FHBD,mixed,7
images/mixed/mixed_001695.png,GEWXV1KG,mixed,8
images/mixed/mixed_001696.png,SJ594W,mixed,6
images/mixed/mixed_001697.png,A55Q0YJK,mixed,8
images/mixed/mixed_001698.png,BCC3BIDK,mixed,8
images/mixed/mixed_001699.png,88Y,mixed,3
images/mixed/mixed_001700.png,FZ5,mixed,3
images/mixed/mixed_001701.png,Q95,mixed,3
images/mixed/mixed_001702.png,M6SH,mixed,4
images/mixed/mixed_001703.png,O0KY2SJZ,mixed,8
images/mixed/mixed_001704.png,C8XQT,mixed,5
images/mixed/mixed_001705.png,Y5FWYTH7,mixed,8
images/mixed/mixed_001706.png,LH15EA,mixed,6
images/mixed/mixed_001707.png,8D0,mixed,3
images/mixed/mixed_001708.png,O1O252K,mixed,7
images/mixed/mixed_001709.png,K1XF9,mixed,5
images/mixed/mixed_001710.png,6QD,mixed,3
images/mixed/mixed_001711.png,6L8XT3,mixed,6
images/mixed/mixed_001712.png,9YKP,mixed,4
images/mixed/mixed_001713.png,DDFJ13KI,mixed,8
images/mixed/mixed_001714.png,97L7U1T,mixed,7
images/mixed/mixed_001715.png,OX5,mixed,3
images/mixed/mixed_001716.png,RCWZ7R1,mixed,7
images/mixed/mixed_001717.png,20Y2IPU,mixed,7
images/mixed/mixed_001718.png,SZ0F9,mixed,5
images/mixed/mixed_001719.png,T95T5J,mixed,6
images/mixed/mixed_001720.png,Y2XDEP9,mixed,7
images/mixed/mixed_001721.png,CK4DCE,mixed,6
images/mixed/mixed_001722.png,UQ0W,mixed,4
images/mixed/mixed_001723.png,841F9W0,mixed,7
images/mixed/mixed_001724.png,J66T,mixed,4
images/mixed/mixed_001725.png,YQCVI1UA,mixed,8
images/mixed/mixed_001726.png,ZVT7B9,mixed,6
images/mixed/mixed_001727.png,Z3V2,mixed,4
images/mixed/mixed_001728.png,G47SS,mixed,5
images/mixed/mixed_001729.png,F6P,mixed,3
images/mixed/mixed_001730.png,2N7,mixed,3
images/mixed/mixed_001731.png,5BN,mixed,3
images/mixed/mixed_001732.png,BMY4H2,mixed,6
images/mixed/mixed_001733.png,5FW,mixed,3
images/mixed/mixed_001734.png,I6WB19SS,mixed,8
images/mixed/mixed_001735.png,FN6L,mixed,4
images/mixed/mixed_001736.png,SP50D6P,mixed,7
images/mixed/mixed_001737.png,X7SB,mixed,4
images/mixed/mixed_001738.png,PLA41R,mixed,6
images/mixed/mixed_001739.png,TK24Q,mixed,5
images/mixed/mixed_001740.png,06KM,mixed,4
images/mixed/mixed_001741.png,ML46P,mixed,5
images/mixed/mixed_001742.png,S3HD75,mixed,6
images/mixed/mixed_001743.png,58KE9HFH,mixed,8
images/mixed/mixed_001744.png,U3TR,mixed,4
images/mixed/mixed_001745.png,345FI,mixed,5
images/mixed/mixed_001746.png,6PA,mixed,3
images/mixed/mixed_001747.png,QJ8R,mixed,4
images/mixed/mixed_001748.png,RQ1,mixed,3
images/mixed/mixed_001749.png,XU73HVT,mixed,7
images/mixed/mixed_001750.png,KTKKV43,mixed,7
images/mixed/mixed_001751.png,VL576,mixed,5
images/mixed/mixed_001752.png,M06,mixed,3
images/mixed/mixed_001753.png,EEGH7,mixed,5
images/mixed/mixed_001754.png,Z2TSE2,mixed,6
images/mixed/mixed_001755.png,WTFOD9,mixed,6
images/mixed/mixed_001756.png,I1UGM,mixed,5
images/mixed/mixed_001757.png,0PB0P,mixed,5
images/mixed/mixed_001758.png,HJR0M5TG,mixed,8
images/mixed/mixed_001759.png,SX4D,mixed,4
images/mixed/mixed_001760.png,E7SN2,mixed,5
images/mixed/mixed_001761.png,X007ZZ,mixed,6
images/mixed/mixed_001762.png,HA0,mixed,3
images/mixed/mixed_001763.png,8SHNC1,mixed,6
images/mixed/mixed_001764.png,OM3JL0,mixed,6
images/mixed/mixed_001765.png,88A,mixed,3
images/mixed/mixed_001766.png,QL4AB,mixed,5
images/mixed/mixed_001767.png,Q8IYU0Z,mixed,7
images/mixed/mixed_001768.png,M1LUT1,mixed,6
images/mixed/mixed_001769.png,N52E,mixed,4
images/mixed/mixed_001770.png,BAV0FM4I,mixed,8
images/mixed/mixed_001771.png,VDG7RFNO,mixed,8
images/mixed/mixed_001772.png,3ATDS49,mixed,7
images/mixed/mixed_001773.png,DZQTL8DE,mixed,8
images/mixed/mixed_001774.png,TZ2,mixed,3
images/mixed/mixed_001775.png,X7CE6,mixed,5
images/mixed/mixed_001776.png,21WPQ61L,mixed,8
images/mixed/mixed_001777.png,4MF861,mixed,6
images/mixed/mixed_001778.png,MQM1B0,mixed,6
images/mixed/mixed_001779.png,U3G,mixed,3
images/mixed/mixed_001780.png,WF3,mixed,3
images/mixed/mixed_001781.png,MKY0CO,mixed,6
images/mixed/mixed_001782.png,3YO4RF,mixed,6
images/mixed/mixed_001783.png,5654FES0,mixed,8
images/mixed/mixed_001784.png,RKWO43L,mixed,7
images/mixed/mixed_001785.png,4UN8D9FU,mixed,8
images/mixed/mixed_001786.png,BBLQ49X,mixed,7
images/mixed/mixed_001787.png,NXN4,mixed,4
images/mixed/mixed_001788.png,3AIM,mixed,4
images/mixed/mixed_001789.png,1N3KZIG,mixed,7
images/mixed/mixed_001790.png,J7K,mixed,3
images/mixed/mixed_001791.png,OJFQFWJ8,mixed,8
images/mixed/mixed_001792.png,M5TS,mixed,4
images/mixed/mixed_001793.png,F0Z1,mixed,4
images/mixed/mixed_001794.png,6WUK,mixed,4
images/mixed/mixed_001795.png,G4ZH7TB,mixed,7
images/mixed/mixed_001796.png,OI6AEOK,mixed,7
images/mixed/mixed_001797.png,UF1QR7,mixed,6
images/mixed/mixed_001798.png,1KR4G,mixed,5
images/mixed/mixed_001799.png,O44RGS8X,mixed,8
images/mixed/mixed_001800.png,2PYC5,mixed,5
images/mixed/mixed_001801.png,BBE86BNS,mixed,8
images/mixed/mixed_001802.png,D5PZJJO,mixed,7
images/mixed/mixed_001803.png,AZWGR6,mixed,6
images/mixed/mixed_001804.png,78XT6,mixed,5
images/mixed/mixed_001805.png,KNCR8,mixed,5
images/mixed/mixed_001806.png,7TU4,mixed,4
images/mixed/mixed_001807.png,G6JNW,mixed,5
images/mixed/mixed_001808.png,5O0NCD8E,mixed,8
images/mixed/mixed_001809.png,R59WO,mixed,5
images/mixed/mixed_001810.png,9U2VRE8,mixed,7
images/mixed/mixed_001811.png,U7UH3S,mixed,6
images/mixed/mixed_001812.png,UM7,mixed,3
images/mixed/mixed_001813.png,L5YRU,mixed,5
images/mixed/mixed_001814.png,F9E9V,mixed,5
images/mixed/mixed_001815.png,3GFFOQ,mixed,6
images/mixed/mixed_001816.png,8X9H,mixed,4
images/mixed/mixed_001817.png,BV10EP,mixed,6
images/mixed/mixed_001818.png,B9USF,mixed,5
images/mixed/mixed_001819.png,KVX33T,mixed,6
images/mixed/mixed_001820.png,5L8,mixed,3
images/mixed/mixed_001821.png,92M,mixed,3
images/mixed/mixed_001822.png,HO4SQ3R,mixed,7
images/mixed/mixed_001823.png,R42,mixed,3
images/mixed/mixed_001824.png,5VZ3W8FW,mixed,8
images/mixed/mixed_001825.png,FUYG1SJ,mixed,7
images/mixed/mixed_001826.png,4JPT12C,mixed,7
images/mixed/mixed_001827.png,GNZB39,mixed,6
images/mixed/mixed_001828.png,4QXTD,mixed,5
images/mixed/mixed_001829.png,8H2SPL5,mixed,7
images/mixed/mixed_001830.png,SZFL44J6,mixed,8
images/mixed/mixed_001831.png,VO4XT,mixed,5
images/mixed/mixed_001832.png,D69N4MQ,mixed,7
images/mixed/mixed_001833.png,KO14T7YG,mixed,8
images/mixed/mixed_001834.png,6CP,mixed,3
images/mixed/mixed_001835.png,E3O,mixed,3
images/mixed/mixed_001836.png,W8UWSJJ,mixed,7
images/mixed/mixed_001837.png,5TEMN0N,mixed,7
images/mixed/mixed_001838.png,5GQ7S8Q,mixed,7
images/mixed/mixed_001839.png,U9KJ1,mixed,5
images/mixed/mixed_001840.png,N62JIIPA,mixed,8
images/mixed/mixed_001841.png,A1R8EKT,mixed,7
images/mixed/mixed_001842.png,B2OWLH2N,mixed,8
images/mixed/mixed_001843.png,G9CEE9RQ,mixed,8
images/mixed/mixed_001844.png,551QAZE,mixed,7
images/mixed/mixed_001845.png,QEQ3PI,mixed,6
images/mixed/mixed_001846.png,TM88ZXAO,mixed,8
images/mixed/mixed_001847.png,N3832,mixed,5
images/mixed/mixed_001848.png,M6Q,mixed,3
images/mixed/mixed_001849.png,G7O,mixed,3
images/mixed/mixed_001850.png,J3GFHSYW,mixed,8
images/mixed/mixed_001851.png,M9YNHJK,mixed,7
images/mixed/mixed_001852.png,8JC41L,mixed,6
images/mixed/mixed_001853.png,1YOH68V,mixed,7
images/mixed/mixed_001854.png,CX99C8,mixed,6
images/mixed/mixed_001855.png,QXP8MG,mixed,6
images/mixed/mixed_001856.png,L5Z9J,mixed,5
images/mixed/mixed_001857.png,OOLZ3,mixed,5
images/mixed/mixed_001858.png,M2I,mixed,3
images/mixed/mixed_001859.png,T1MSH8,mixed,6
images/mixed/mixed_001860.png,ZO0,mixed,3
images/mixed/mixed_001861.png,AA220C52,mixed,8
images/mixed/mixed_001862.png,TUG4T1,mixed,6
images/mixed/mixed_001863.png,KB2GNC,mixed,6
images/mixed/mixed_001864.png,Z9Z,mixed,3
images/mixed/mixed_001865.png,NV7EEU,mixed,6
images/mixed/mixed_001866.png,T2YKEGN,mixed,7
images/mixed/mixed_001867.png,L64WHBFM,mixed,8
images/mixed/mixed_001868.png,REL67,mixed,5
images/mixed/mixed_001869.png,2O3T,mixed,4
images/mixed/mixed_001870.png,0E3MM65I,mixed,8
images/mixed/mixed_001871.png,31WC0O2Y,mixed,8
images/mixed/mixed_001872.png,LR9,mixed,3
images/mixed/mixed_001873.png,LG300,mixed,5
images/mixed/mixed_001874.png,N5WGSM,mixed,6
images/mixed/mixed_001875.png,C8A,mixed,3
images/mixed/mixed_001876.png,1MBW,mixed,4
images/mixed/mixed_001877.png,2VL4H4,mixed,6
images/mixed/mixed_001878.png,HZ3,mixed,3
images/mixed/mixed_001879.png,PO9Z,mixed,4
images/mixed/mixed_001880.png,220E6SS0,mixed,8
images/mixed/mixed_001881.png,ZT54MJ,mixed,6
images/mixed/mixed_001882.png,09ZO,mixed,4
images/mixed/mixed_001883.png,4ED0,mixed,4
images/mixed/mixed_001884.png,96WNCO,mixed,6
images/mixed/mixed_001885.png,T2KH489,mixed,7
images/mixed/mixed_001886.png,NWGW3,mixed,5
images/mixed/mixed_001887.png,K6STC8O,mixed,7
images/mixed/mixed_001888.png,4LGSLGWR,mixed,8
images/mixed/mixed_001889.png,JL55WEG,mixed,7
images/mixed/mixed_001890.png,O2OC9YAV,mixed,8
images/mixed/mixed_001891.png,60Y,mixed,3
images/mixed/mixed_001892.png,FLR7,mixed,4
images/mixed/mixed_001893.png,0REUNI4,mixed,7
images/mixed/mixed_001894.png,4SD9,mixed,4
images/mixed/mixed_001895.png,T5D9V,mixed,5
images/mixed/mixed_001896.png,4Y566,mixed,5
images/mixed/mixed_001897.png,NSP1ZGC,mixed,7
images/mixed/mixed_001898.png,VLMO9P,mixed,6
images/mixed/mixed_001899.png,3F8X3FW,mixed,7
images/mixed/mixed_001900.png,FC947V7Y,mixed,8
images/mixed/mixed_001901.png,QQO0KFL,mixed,7
images/mixed/mixed_001902.png,3380I,mixed,5
images/mixed/mixed_001903.png,2E1,mixed,3
images/mixed/mixed_001904.png,H4GFH3VD,mixed,8
images/mixed/mixed_001905.png,YFZB8P3W,mixed,8
images/mixed/mixed_001906.png,AD67,mixed,4
images/mixed/mixed_001907.png,6IOI,mixed,4
images/mixed/mixed_001908.png,QFFQP8HZ,mixed,8
images/mixed/mixed_001909.png,13N0JA,mixed,6
images/mixed/mixed_001910.png,0EHNF2,mixed,6
images/mixed/mixed_001911.png,EX88,mixed,4
images/mixed/mixed_001912.png,778VFGI,mixed,7
images/mixed/mixed_001913.png,KGFPNDA3,mixed,8
images/mixed/mixed_001914.png,9TQ,mixed,3
images/mixed/mixed_001915.png,I3GKJ16,mixed,7
images/mixed/mixed_001916.png,JUEKDM0W,mixed,8
images/mixed/mixed_001917.png,PRB7PP3,mixed,7
images/mixed/mixed_001918.png,L6L,mixed,3
images/mixed/mixed_001919.png,M6J8VU,mixed,6
images/mixed/mixed_001920.png,RI8AYHJ,mixed,7
images/mixed/mixed_001921.png,UN0A9Y1,mixed,7
images/mixed/mixed_001922.png,H76R,mixed,4
images/mixed/mixed_001923.png,G8KD10,mixed,6
images/mixed/mixed_001924.png,82IE7L,mixed,6
images/mixed/mixed_001925.png,9FZBI6H,mixed,7
images/mixed/mixed_001926.png,5QNXBJE,mixed,7
images/mixed/mixed_001927.png,RZBG6K4,mixed,7
images/mixed/mixed_001928.png,23PERCV,mixed,7
images/mixed/mixed_001929.png,8S0,mixed,3
images/mixed/mixed_001930.png,5125DH,mixed,6
images/mixed/mixed_001931.png,HZ1O6NQT,mixed,8
images/mixed/mixed_001932.png,SY1KG4O8,mixed,8
images/mixed/mixed_001933.png,XS8,mixed,3
images/mixed/mixed_001934.png,DRG3,mixed,4
images/mixed/mixed_001935.png,E264XU6,mixed,7
images/mixed/mixed_001936.png,E5Z287A,mixed,7
images/mixed/mixed_001937.png,G8NLRM,mixed,6
images/mixed/mixed_001938.png,ZY0MV2,mixed,6
images/mixed/mixed_001939.png,DB2,mixed,3
images/mixed/mixed_001940.png,23MSP,mixed,5
images/mixed/mixed_001941.png,HZXIQ8,mixed,6
images/mixed/mixed_001942.png,C0FN,mixed,4
images/mixed/mixed_001943.png,AB8UJ,mixed,5
images/mixed/mixed_001944.png,6I1WCWW,mixed,7
images/mixed/mixed_001945.png,DOVH5N,mixed,6
images/mixed/mixed_001946.png,91T6N,mixed,5
images/mixed/mixed_001947.png,XTLVS8B5,mixed,8
images/mixed/mixed_001948.png,4XA9CFQ,mixed,7
images/mixed/mixed_001949.png,7Y09,mixed,4
images/mixed/mixed_001950.png,MASZU3,mixed,6
images/mixed/mixed_001951.png,ZL16,mixed,4
images/mixed/mixed_001952.png,BELR1,mixed,5
images/mixed/mixed_001953.png,GA3,mixed,3
images/mixed/mixed_001954.png,U07XQVQ,mixed,7
images/mixed/mixed_001955.png,Z5CX806,mixed,7
images/mixed/mixed_001956.png,35EAHVFY,mixed,8
images/mixed/mixed_001957.png,O2ZDV26,mixed,7
images/mixed/mixed_001958.png,D9KBNH6,mixed,7
images/mixed/mixed_001959.png,WM1,mixed,3
images/mixed/mixed_001960.png,KW5YXQW,mixed,7
images/mixed/mixed_001961.png,352X2KI,mixed,7
images/mixed/mixed_001962.png,Y25K1G,mixed,6
images/mixed/mixed_001963.png,8GUO8BXF,mixed,8
images/mixed/mixed_001964.png,44DYS,mixed,5
images/mixed/mixed_001965.png,69X,mixed,3
images/mixed/mixed_001966.png,5TV2MHV9,mixed,8
images/mixed/mixed_001967.png,69GV7Y3C,mixed,8
images/mixed/mixed_001968.png,3MS9ZEH,mixed,7
images/mixed/mixed_001969.png,4TP4QR,mixed,6
images/mixed/mixed_001970.png,EQT3B7,mixed,6
images/mixed/mixed_001971.png,GO9,mixed,3
images/mixed/mixed_001972.png,59H,mixed,3
images/mixed/mixed_001973.png,RONUBQ6K,mixed,8
images/mixed/mixed_001974.png,Z7WWM5X,mixed,7
images/mixed/mixed_001975.png,UUEQ0KO1,mixed,8
images/mixed/mixed_001976.png,JVIPQW6A,mixed,8
images/mixed/mixed_001977.png,7UX,mixed,3
images/mixed/mixed_001978.png,7FJEP,mixed,5
images/mixed/mixed_001979.png,D7D5CY8,mixed,7
images/mixed/mixed_001980.png,9ZRB1J,mixed,6
images/mixed/mixed_001981.png,364XQ,mixed,5
images/mixed/mixed_001982.png,8V90JJ1,mixed,7
images/mixed/mixed_001983.png,WEJ07ZDD,mixed,8
images/mixed/mixed_001984.png,9WQO8,mixed,5
images/mixed/mixed_001985.png,6CPVWO,mixed,6
images/mixed/mixed_001986.png,CXTT42,mixed,6
images/mixed/mixed_001987.png,4QQINPKS,mixed,8
images/mixed/mixed_001988.png,U66FTNB,mixed,7
images/mixed/mixed_001989.png,9K64ST,mixed,6
images/mixed/mixed_001990.png,0OFRU3X,mixed,7
images/mixed/mixed_001991.png,LMKKSA1,mixed,7
images/mixed/mixed_001992.png,3L934PKZ,mixed,8
images/mixed/mixed_001993.png,J05R,mixed,4
images/mixed/mixed_001994.png,1RY,mixed,3
images/mixed/mixed_001995.png,N5IRYSZ,mixed,7
images/mixed/mixed_001996.png,A20FANG,mixed,7
images/mixed/mixed_001997.png,BYPLG9OA,mixed,8
images/mixed/mixed_001998.png,M3MG,mixed,4
images/mixed/mixed_001999.png,M8V,mixed,3
images/mixed/mixed_002000.png,9ZRGWU,mixed,6
